MedDRA;PT Name;SOC Name
10061188;Haematotoxicity;Blood and lymphatic system disorders
10091602;Paraneoplastic leukaemoid reaction;Blood and lymphatic system disorders
10059440;Platelet toxicity;Blood and lymphatic system disorders
10063846;Splenic sequestration crisis;Blood and lymphatic system disorders
10091835;Degenerative cardiac valve disease;Cardiac disorders
10091786;Intramyocardial dissecting haematoma;Cardiac disorders
10091865;Ventricular hyperexcitability;Cardiac disorders
10091307;CHD4-related neurodevelopmental syndrome;Congenital, familial and genetic disorders
10091780;Desmin gene mutation;Congenital, familial and genetic disorders
10091914;DYRK1A syndrome;Congenital, familial and genetic disorders
10091669;Oculomandibulofacial syndrome;Congenital, familial and genetic disorders
10091964;Polycoria;Congenital, familial and genetic disorders
10091808;Shapiro syndrome;Congenital, familial and genetic disorders
10063654;Testotoxicosis;Congenital, familial and genetic disorders
10091877;WAGR syndrome;Congenital, familial and genetic disorders
10091528;Witteveen-Kolk syndrome;Congenital, familial and genetic disorders
10091361;Adrenal infarction;Endocrine disorders
10063003;Endocrine toxicity;Endocrine disorders
10043788;Thyrotoxic periodic paralysis;Endocrine disorders
10091735;Acquired anophthalmos;Eye disorders
10091730;Acute corneal hydrops;Eye disorders
10006564;Bullous keratopathy;Eye disorders
10091584;Combined retinal detachment;Eye disorders
10082599;Corneal toxicity;Eye disorders
10091950;Dragged-fovea diplopia syndrome;Eye disorders
10091807;Enteropathic uveitis;Eye disorders
10091533;Ocular stroke;Eye disorders
10061137;Ocular toxicity;Eye disorders
10059024;Gastrointestinal toxicity;Gastrointestinal disorders
10076205;Pancreatic toxicity;Gastrointestinal disorders
10091875;Reactive infectious mucocutaneous eruption;Gastrointestinal disorders
10040633;Sicca syndrome;Gastrointestinal disorders
10076599;Ulcerative gastritis;Gastrointestinal disorders
10091652;Ulcerative jejunitis;Gastrointestinal disorders
10079590;Prosthetic valve leaflet thickening;General disorders and administration site conditions
10091874;IgG deficiency;Immune system disorders
10091973;Immunoparesis;Immune system disorders
10091477;Chandipura virus infection;Infections and infestations
10091502;Coenurosis;Infections and infestations
10091844;Disseminated nocardiosis;Infections and infestations
10091866;Fungal abdominal infection;Infections and infestations
10091745;Haemorrhagic cellulitis;Infections and infestations
10091537;Helicobacter bacteraemia;Infections and infestations
10089849;Maxillofacial space infection;Infections and infestations
10091407;Mycobacterium paraffinicum infection;Infections and infestations
10091721;Pasteurella bacteraemia;Infections and infestations
10091534;Powassan virus encephalitis;Infections and infestations
10091857;Scrotal pyocele;Infections and infestations
10091701;Tuberculosis sepsis;Infections and infestations
10010214;Compression fracture;Injury, poisoning and procedural complications
10080967;Contrast media toxicity;Injury, poisoning and procedural complications
10065617;Psychosis postoperative;Injury, poisoning and procedural complications
10090436;Secondary failure of platelet recovery;Injury, poisoning and procedural complications
10080606;Systemic toxicity;Injury, poisoning and procedural complications
10091616;Vitreous incarceration;Injury, poisoning and procedural complications
10091138;Vitreous wick syndrome;Injury, poisoning and procedural complications
10091577;Albuminocytological dissociation present;Investigations
10091476;Chandipura virus test positive;Investigations
10091977;Electrocardiogram QRS complex alternans;Investigations
10070382;Marburg virus test positive;Investigations
10051317;Syphilis test positive;Investigations
10006966;Calcium intoxication;Metabolism and nutrition disorders
10091984;Presymptomatic type 1 diabetes mellitus;Metabolism and nutrition disorders
10000606;Acrosclerosis;Musculoskeletal and connective tissue disorders
10068323;Arthrotoxicity;Musculoskeletal and connective tissue disorders
10091955;Bone crisis;Musculoskeletal and connective tissue disorders
10071365;Chondrotoxicity;Musculoskeletal and connective tissue disorders
10091463;Seronegative spondyloarthritis;Musculoskeletal and connective tissue disorders
10091690;Adenoid basal carcinoma of cervix;Neoplasms benign, malignant and unspecified (incl cysts and polyps)
10091399;Bladder papillary urothelial neoplasm of low malignant potential;Neoplasms benign, malignant and unspecified (incl cysts and polyps)
10092013;FGFR1 gene fusion cancer;Neoplasms benign, malignant and unspecified (incl cysts and polyps)
10091997;FGFR2 gene fusion cancer;Neoplasms benign, malignant and unspecified (incl cysts and polyps)
10092004;FGFR3 gene fusion cancer;Neoplasms benign, malignant and unspecified (incl cysts and polyps)
10092014;FGFR4 gene fusion cancer;Neoplasms benign, malignant and unspecified (incl cysts and polyps)
10092021;HER2 ultralow breast cancer;Neoplasms benign, malignant and unspecified (incl cysts and polyps)
10091834;Malignant melanoma stage 0;Neoplasms benign, malignant and unspecified (incl cysts and polyps)
10091776;MET exon 14 skipping mutation cancer;Neoplasms benign, malignant and unspecified (incl cysts and polyps)
10091772;MET gene amplified cancer;Neoplasms benign, malignant and unspecified (incl cysts and polyps)
10091768;MET gene fusion cancer;Neoplasms benign, malignant and unspecified (incl cysts and polyps)
10091631;Neuroleukaemiosis;Neoplasms benign, malignant and unspecified (incl cysts and polyps)
10091801;Oral erythroplasia;Neoplasms benign, malignant and unspecified (incl cysts and polyps)
10091956;Papillary urothelial neoplasm of low malignant potential;Neoplasms benign, malignant and unspecified (incl cysts and polyps)
10092056;Pulmonary artery intimal sarcoma;Neoplasms benign, malignant and unspecified (incl cysts and polyps)
10091366;Spindle cell/sclerosing rhabdomyosarcoma;Neoplasms benign, malignant and unspecified (incl cysts and polyps)
10091779;T-cell malignancy;Neoplasms benign, malignant and unspecified (incl cysts and polyps)
10091638;Well-differentiated liposarcoma;Neoplasms benign, malignant and unspecified (incl cysts and polyps)
10091675;Baroreflex failure;Nervous system disorders
10091936;Intracranial venous sinus stenosis;Nervous system disorders
10091715;Tardive akathisia;Nervous system disorders
10091562;Terson syndrome;Nervous system disorders
10091321;Tumour inflammation-associated neurotoxicity;Nervous system disorders
10091393;Uteroplacental acute atherosis;Pregnancy, puerperium and perinatal conditions
10001632;Alcoholic psychosis;Psychiatric disorders
10037249;Psychotic behaviour;Psychiatric disorders
10061920;Psychotic disorder;Psychiatric disorders
10072388;Substance-induced psychotic disorder;Psychiatric disorders
10091507;Aristolochic acid nephropathy;Renal and urinary disorders
10091498;Bile cast nephropathy;Renal and urinary disorders
10072996;Urinary bladder toxicity;Renal and urinary disorders
10081901;Urinary tract toxicity;Renal and urinary disorders
10091532;Childhood interstitial lung disease;Respiratory, thoracic and mediastinal disorders
10091840;Connective tissue disease-associated interstitial lung disease;Respiratory, thoracic and mediastinal disorders
10091535;Neurogenic pulmonary oedema;Respiratory, thoracic and mediastinal disorders
10091897;Follicular occlusion triad;Skin and subcutaneous tissue disorders
10087184;Mucocutaneous toxicity;Skin and subcutaneous tissue disorders
10052801;Pemphigoid gestationis;Skin and subcutaneous tissue disorders
10074982;Toxic erythema of chemotherapy;Skin and subcutaneous tissue disorders
10008642;Cholesteatoma;Ear and labyrinth disorders
10036801;Progressive cerebellar degeneration;Nervous system disorders
10076747;Acquired amegakaryocytic thrombocytopenia;Blood and lymphatic system disorders
10082747;Acquired factor IX deficiency;Blood and lymphatic system disorders
10086006;Acquired factor V deficiency;Blood and lymphatic system disorders
10082745;Acquired factor VIII deficiency;Blood and lymphatic system disorders
10082746;Acquired factor XI deficiency;Blood and lymphatic system disorders
10068581;Acquired haemoglobinopathy;Blood and lymphatic system disorders
10053745;Acquired haemophilia;Blood and lymphatic system disorders
10072108;Acquired thalassaemia;Blood and lymphatic system disorders
10069495;Acquired Von Willebrand's disease;Blood and lymphatic system disorders
10001507;Agranulocytosis;Blood and lymphatic system disorders
10086007;Allergic lymphangitis;Blood and lymphatic system disorders
10002817;Antiphospholipid syndrome;Blood and lymphatic system disorders
10002965;Aplasia pure red cell;Blood and lymphatic system disorders
10002967;Aplastic anaemia;Blood and lymphatic system disorders
10079840;Atypical haemolytic uraemic syndrome;Blood and lymphatic system disorders
10080243;Autoimmune anaemia;Blood and lymphatic system disorders
10071576;Autoimmune aplastic anaemia;Blood and lymphatic system disorders
10073785;Autoimmune haemolytic anaemia;Blood and lymphatic system disorders
10083812;Autoimmune heparin-induced thrombocytopenia;Blood and lymphatic system disorders
10055128;Autoimmune neutropenia;Blood and lymphatic system disorders
10069509;Autoimmune pancytopenia;Blood and lymphatic system disorders
10080721;B-cell aplasia;Blood and lymphatic system disorders
10058956;Bicytopenia;Blood and lymphatic system disorders
10082297;Blood loss anaemia;Blood and lymphatic system disorders
10065553;Bone marrow failure;Blood and lymphatic system disorders
10075173;Bone marrow infiltration;Blood and lymphatic system disorders
10058822;Bone marrow necrosis;Blood and lymphatic system disorders
10085102;Breakthrough haemolysis;Blood and lymphatic system disorders
10007246;Carboxyhaemoglobinaemia;Blood and lymphatic system disorders
10072202;Cardiac haemolytic anaemia;Blood and lymphatic system disorders
10090299;Clonal cytopenia of undetermined significance;Blood and lymphatic system disorders
10009732;Coagulation disorder neonatal;Blood and lymphatic system disorders
10009868;Cold type haemolytic anaemia;Blood and lymphatic system disorders
10010940;Coombs negative haemolytic anaemia;Blood and lymphatic system disorders
10010941;Coombs positive haemolytic anaemia;Blood and lymphatic system disorders
10073582;Cutaneous extramedullary haemopoiesis;Blood and lymphatic system disorders
10066274;Cytopenia;Blood and lymphatic system disorders
10086255;Diffuse infiltrative lymphocytosis syndrome;Blood and lymphatic system disorders
10013442;Disseminated intravascular coagulation;Blood and lymphatic system disorders
10013443;Disseminated intravascular coagulation in newborn;Blood and lymphatic system disorders
10014472;Elephantiasis;Blood and lymphatic system disorders
10014952;Eosinophilia myalgia syndrome;Blood and lymphatic system disorders
10086470;Erythroid dysplasia;Blood and lymphatic system disorders
10015279;Erythroid maturation arrest;Blood and lymphatic system disorders
10049467;Erythropoiesis abnormal;Blood and lymphatic system disorders
10083258;Erythropoietin deficiency anaemia;Blood and lymphatic system disorders
10053873;Evans syndrome;Blood and lymphatic system disorders
10015871;Extravascular haemolysis;Blood and lymphatic system disorders
10051778;Factor IX inhibition;Blood and lymphatic system disorders
10048619;Factor VIII inhibition;Blood and lymphatic system disorders
10053213;Febrile bone marrow aplasia;Blood and lymphatic system disorders
10016288;Febrile neutropenia;Blood and lymphatic system disorders
10077577;Foetal anaemia;Blood and lymphatic system disorders
10078097;Gelatinous transformation of the bone marrow;Blood and lymphatic system disorders
10050443;Granulocytes maturation arrest;Blood and lymphatic system disorders
10018687;Granulocytopenia;Blood and lymphatic system disorders
10018688;Granulocytopenia neonatal;Blood and lymphatic system disorders
10078494;Granulomatous lymphadenitis;Blood and lymphatic system disorders
10018901;Haemoglobinaemia;Blood and lymphatic system disorders
10018910;Haemolysis;Blood and lymphatic system disorders
10050190;Haemolysis neonatal;Blood and lymphatic system disorders
10018916;Haemolytic anaemia;Blood and lymphatic system disorders
10054920;Haemolytic icteroanaemia;Blood and lymphatic system disorders
10018932;Haemolytic uraemic syndrome;Blood and lymphatic system disorders
10019008;Haemorrhagic disease of newborn;Blood and lymphatic system disorders
10062506;Heparin-induced thrombocytopenia;Blood and lymphatic system disorders
10048643;Hypereosinophilic syndrome;Blood and lymphatic system disorders
10074737;Hyperfibrinolysis;Blood and lymphatic system disorders
10078862;Hyperleukocytosis;Blood and lymphatic system disorders
10051151;Hyperviscosity syndrome;Blood and lymphatic system disorders
10021074;Hypoplastic anaemia;Blood and lymphatic system disorders
10079831;Hyposplenism;Blood and lymphatic system disorders
10083934;Idiopathic CD4 lymphocytopenia;Blood and lymphatic system disorders
10090302;Idiopathic cytopenia of undetermined significance;Blood and lymphatic system disorders
10090214;Immune effector cell-associated haematotoxicity;Blood and lymphatic system disorders
10083842;Immune thrombocytopenia;Blood and lymphatic system disorders
10084828;Immune-mediated cytopenia;Blood and lymphatic system disorders
10083004;Immune-mediated pancytopenia;Blood and lymphatic system disorders
10022822;Intravascular haemolysis;Blood and lymphatic system disorders
10023052;Isoimmune haemolytic disease;Blood and lymphatic system disorders
10053199;Leukoerythroblastic anaemia;Blood and lymphatic system disorders
10024384;Leukopenia;Blood and lymphatic system disorders
10074608;Leukostasis syndrome;Blood and lymphatic system disorders
10085219;Lupus anticoagulant hypoprothrombinaemia syndrome;Blood and lymphatic system disorders
10025279;Lymphocytopenia neonatal;Blood and lymphatic system disorders
10075217;Mast cell activation syndrome;Blood and lymphatic system disorders
10074668;Monoclonal B-cell lymphocytosis;Blood and lymphatic system disorders
10028560;Myeloid maturation arrest;Blood and lymphatic system disorders
10028584;Myelosuppression;Blood and lymphatic system disorders
10085419;Necrotic lymphadenopathy;Blood and lymphatic system disorders
10058116;Nephrogenic anaemia;Blood and lymphatic system disorders
10029354;Neutropenia;Blood and lymphatic system disorders
10029358;Neutropenia neonatal;Blood and lymphatic system disorders
10033661;Pancytopenia;Blood and lymphatic system disorders
10050026;Panmyelopathy;Blood and lymphatic system disorders
10087400;Paraneoplastic eosinophilia;Blood and lymphatic system disorders
10035537;Platelet maturation arrest;Blood and lymphatic system disorders
10060476;Polycythaemia neonatorum;Blood and lymphatic system disorders
10068043;Pure white cell aplasia;Blood and lymphatic system disorders
10072203;Red cell fragmentation syndrome;Blood and lymphatic system disorders
10086663;Sarcoidosis of lymph node;Blood and lymphatic system disorders
10076534;Schistocytosis;Blood and lymphatic system disorders
10040642;Sickle cell anaemia with crisis;Blood and lymphatic system disorders
10089170;Spleen hypoperfusion;Blood and lymphatic system disorders
10084948;Spleen ischaemia;Blood and lymphatic system disorders
10075738;Splenic artery perforation;Blood and lymphatic system disorders
10079678;Splenic artery stenosis;Blood and lymphatic system disorders
10074600;Splenic artery thrombosis;Blood and lymphatic system disorders
10068677;Splenic embolism;Blood and lymphatic system disorders
10072207;Splenic fibrosis;Blood and lymphatic system disorders
10041646;Splenic haematoma;Blood and lymphatic system disorders
10041647;Splenic haemorrhage;Blood and lymphatic system disorders
10041648;Splenic infarction;Blood and lymphatic system disorders
10055047;Splenic necrosis;Blood and lymphatic system disorders
10068851;Splenic peliosis;Blood and lymphatic system disorders
10074601;Splenic thrombosis;Blood and lymphatic system disorders
10067823;Splenic varices;Blood and lymphatic system disorders
10068662;Splenic varices haemorrhage;Blood and lymphatic system disorders
10068122;Splenic vein occlusion;Blood and lymphatic system disorders
10041659;Splenic vein thrombosis;Blood and lymphatic system disorders
10041661;Splenorenal shunt;Blood and lymphatic system disorders
10081070;Spontaneous heparin-induced thrombocytopenia syndrome;Blood and lymphatic system disorders
10087405;Spontaneous splenic rupture;Blood and lymphatic system disorders
10083384;Subcapsular splenic haematoma;Blood and lymphatic system disorders
10043554;Thrombocytopenia;Blood and lymphatic system disorders
10043557;Thrombocytopenia neonatal;Blood and lymphatic system disorders
10043561;Thrombocytopenic purpura;Blood and lymphatic system disorders
10086158;Thrombosis with thrombocytopenia syndrome;Blood and lymphatic system disorders
10043645;Thrombotic microangiopathy;Blood and lymphatic system disorders
10043648;Thrombotic thrombocytopenic purpura;Blood and lymphatic system disorders
10070690;Von Willebrand's factor inhibition;Blood and lymphatic system disorders
10087091;Warm autoimmune haemolytic anaemia;Blood and lymphatic system disorders
10067618;Accessory cardiac pathway;Cardiac disorders
10000533;Acquired cardiac septal defect;Cardiac disorders
10086250;Acquired coronary artery fistula;Cardiac disorders
10085294;Acquired left ventricle outflow tract obstruction;Cardiac disorders
10086308;Acquired right ventricle outflow obstruction;Cardiac disorders
10081099;Acute cardiac event;Cardiac disorders
10051592;Acute coronary syndrome;Cardiac disorders
10063081;Acute left ventricular failure;Cardiac disorders
10000891;Acute myocardial infarction;Cardiac disorders
10063082;Acute right ventricular failure;Cardiac disorders
10001115;Adams-Stokes syndrome;Cardiac disorders
10054015;Agonal rhythm;Cardiac disorders
10002383;Angina pectoris;Cardiac disorders
10002388;Angina unstable;Cardiac disorders
10076419;Anginal equivalent;Cardiac disorders
10002912;Aortic valve disease mixed;Cardiac disorders
10002915;Aortic valve incompetence;Cardiac disorders
10003119;Arrhythmia;Cardiac disorders
10091289;Arrhythmia induced cardiomyopathy;Cardiac disorders
10003124;Arrhythmia neonatal;Cardiac disorders
10067339;Arrhythmic storm;Cardiac disorders
10003211;Arteriosclerosis coronary artery;Cardiac disorders
10003225;Arteriospasm coronary;Cardiac disorders
10003232;Arteritis coronary;Cardiac disorders
10085756;Atrial escape rhythm;Cardiac disorders
10003658;Atrial fibrillation;Cardiac disorders
10048761;Atrial rupture;Cardiac disorders
10003665;Atrial septal defect acquired;Cardiac disorders
10087237;Atrial standstill;Cardiac disorders
10048632;Atrial thrombosis;Cardiac disorders
10003673;Atrioventricular block complete;Cardiac disorders
10068180;Atrioventricular conduction time shortened;Cardiac disorders
10084085;Atrioventricular node dysfunction;Cardiac disorders
10064539;Autoimmune myocarditis;Cardiac disorders
10079058;Autoimmune pericarditis;Cardiac disorders
10074638;Baseline foetal heart rate variability disorder;Cardiac disorders
10057393;Bifascicular block;Cardiac disorders
10006094;Bradycardia foetal;Cardiac disorders
10056471;Bradycardia neonatal;Cardiac disorders
10084073;BRASH syndrome;Cardiac disorders
10069010;Carcinoid heart disease;Cardiac disorders
10007509;Cardiac amyloidosis;Cardiac disorders
10007513;Cardiac aneurysm;Cardiac disorders
10007515;Cardiac arrest;Cardiac disorders
10007516;Cardiac arrest neonatal;Cardiac disorders
10007522;Cardiac asthma;Cardiac disorders
10079751;Cardiac dysfunction;Cardiac disorders
10007554;Cardiac failure;Cardiac disorders
10007556;Cardiac failure acute;Cardiac disorders
10007558;Cardiac failure chronic;Cardiac disorders
10007559;Cardiac failure congestive;Cardiac disorders
10007560;Cardiac failure high output;Cardiac disorders
10061592;Cardiac fibrillation;Cardiac disorders
10052840;Cardiac flutter;Cardiac disorders
10080569;Cardiac iron overload;Cardiac disorders
10058039;Cardiac perforation;Cardiac disorders
10083602;Cardiac perfusion defect;Cardiac disorders
10085284;Cardiac polyp;Cardiac disorders
10048974;Cardiac pseudoaneurysm;Cardiac disorders
10007604;Cardiac sarcoidosis;Cardiac disorders
10077905;Cardiac steatosis;Cardiac disorders
10007610;Cardiac tamponade;Cardiac disorders
10061082;Cardiac valve sclerosis;Cardiac disorders
10079587;Cardiac valve thickening;Cardiac disorders
10076898;Cardiac ventricular scarring;Cardiac disorders
10053994;Cardiac ventricular thrombosis;Cardiac disorders
10007625;Cardiogenic shock;Cardiac disorders
10082480;Cardiohepatic syndrome;Cardiac disorders
10007636;Cardiomyopathy;Cardiac disorders
10048377;Cardiomyopathy acute;Cardiac disorders
10050111;Cardiomyopathy neonatal;Cardiac disorders
10051093;Cardiopulmonary failure;Cardiac disorders
10068230;Cardiorenal syndrome;Cardiac disorders
10007617;Cardio-respiratory arrest;Cardiac disorders
10007618;Cardio-respiratory arrest neonatal;Cardiac disorders
10049874;Cardio-respiratory distress;Cardiac disorders
10048610;Cardiotoxicity;Cardiac disorders
10065929;Cardiovascular insufficiency;Cardiac disorders
10062746;Carditis;Cardiac disorders
10078310;Central bradycardia;Cardiac disorders
10086448;Cerebrocardiac syndrome;Cardiac disorders
10008745;Chordae tendinae rupture;Cardiac disorders
10085242;Chronic coronary syndrome;Cardiac disorders
10087106;Chronic myocarditis;Cardiac disorders
10010968;Cor pulmonale;Cardiac disorders
10010969;Cor pulmonale acute;Cardiac disorders
10010970;Cor pulmonale chronic;Cardiac disorders
10011071;Coronary artery aneurysm;Cardiac disorders
10048631;Coronary artery dissection;Cardiac disorders
10011084;Coronary artery embolism;Cardiac disorders
10052895;Coronary artery insufficiency;Cardiac disorders
10011086;Coronary artery occlusion;Cardiac disorders
10059611;Coronary artery perforation;Cardiac disorders
10011089;Coronary artery stenosis;Cardiac disorders
10011091;Coronary artery thrombosis;Cardiac disorders
10011105;Coronary ostial stenosis;Cardiac disorders
10084081;Coronary steal syndrome;Cardiac disorders
10078431;Coronary vein stenosis;Cardiac disorders
10075846;Degenerative aortic valve disease;Cardiac disorders
10075847;Degenerative mitral valve disease;Cardiac disorders
10081779;Degenerative multivalvular disease;Cardiac disorders
10078909;Degenerative tricuspid valve disease;Cardiac disorders
10056419;Dilated cardiomyopathy;Cardiac disorders
10086230;Early repolarisation syndrome;Cardiac disorders
10014664;Endocardial fibrosis;Cardiac disorders
10052837;Endocarditis fibroplastica;Cardiac disorders
10062608;Endocarditis noninfective;Cardiac disorders
10014683;Endocarditis rheumatic;Cardiac disorders
10014961;Eosinophilic myocarditis;Cardiac disorders
10090743;Ewart's sign;Cardiac disorders
10086740;Fascicular block;Cardiac disorders
10081148;Fat embolism syndrome;Cardiac disorders
10016847;Foetal arrhythmia;Cardiac disorders
10084280;Foetal cardiac arrest;Cardiac disorders
10074642;Foetal heart rate acceleration abnormality;Cardiac disorders
10074636;Foetal heart rate deceleration abnormality;Cardiac disorders
10061158;Foetal heart rate disorder;Cardiac disorders
10077575;Foetal tachyarrhythmia;Cardiac disorders
10082089;Frederick's syndrome;Cardiac disorders
10083635;Giant cell myocarditis;Cardiac disorders
10018723;Grey syndrome neonatal;Cardiac disorders
10055803;Haemorrhage coronary artery;Cardiac disorders
10086366;Heart failure with midrange ejection fraction;Cardiac disorders
10076396;Heart failure with preserved ejection fraction;Cardiac disorders
10078289;Heart failure with reduced ejection fraction;Cardiac disorders
10083709;Holiday heart syndrome;Cardiac disorders
10068359;Hyperdynamic left ventricle;Cardiac disorders
10058177;Hyperkinetic heart syndrome;Cardiac disorders
10081004;Hypersensitivity myocarditis;Cardiac disorders
10020801;Hypertensive cardiomegaly;Cardiac disorders
10058222;Hypertensive cardiomyopathy;Cardiac disorders
10090970;Hypothyroid cardiomyopathy;Cardiac disorders
10082606;Immune-mediated myocarditis;Cardiac disorders
10087567;Immune-mediated pericarditis;Cardiac disorders
10022626;Interventricular septum rupture;Cardiac disorders
10069550;Intrapericardial thrombosis;Cardiac disorders
10048858;Ischaemic cardiomyopathy;Cardiac disorders
10077864;Ischaemic mitral regurgitation;Cardiac disorders
10074640;Junctional ectopic tachycardia;Cardiac disorders
10069167;Kounis syndrome;Cardiac disorders
10080987;Left ventricular diastolic collapse;Cardiac disorders
10024119;Left ventricular failure;Cardiac disorders
10071710;Lenegre's disease;Cardiac disorders
10024803;Long QT syndrome;Cardiac disorders
10024899;Low cardiac output syndrome;Cardiac disorders
10025603;Malignant hypertensive heart disease;Cardiac disorders
10070909;Metabolic cardiomyopathy;Cardiac disorders
10072685;Microvascular coronary artery disease;Cardiac disorders
10068138;Mitral perforation;Cardiac disorders
10027724;Mitral valve disease mixed;Cardiac disorders
10027727;Mitral valve incompetence;Cardiac disorders
10027733;Mitral valve stenosis;Cardiac disorders
10079336;Mitral valve thickening;Cardiac disorders
10069140;Myocardial depression;Cardiac disorders
10048849;Myocardial haemorrhage;Cardiac disorders
10082580;Myocardial hypoperfusion;Cardiac disorders
10078980;Myocardial hypoxia;Cardiac disorders
10028596;Myocardial infarction;Cardiac disorders
10085879;Myocardial injury;Cardiac disorders
10028600;Myocardial ischaemia;Cardiac disorders
10028602;Myocardial necrosis;Cardiac disorders
10064966;Myocardial oedema;Cardiac disorders
10051624;Myocardial reperfusion injury;Cardiac disorders
10028604;Myocardial rupture;Cardiac disorders
10072186;Myocardial stunning;Cardiac disorders
10028606;Myocarditis;Cardiac disorders
10064550;Myocarditis post infection;Cardiac disorders
10028650;Myopericarditis;Cardiac disorders
10077377;Myxomatous mitral valve degeneration;Cardiac disorders
10082054;Neonatal bradyarrhythmia;Cardiac disorders
10049780;Neonatal cardiac failure;Cardiac disorders
10082188;Neonatal sinus bradycardia;Cardiac disorders
10082055;Neonatal tachyarrhythmia;Cardiac disorders
10049775;Neonatal tachycardia;Cardiac disorders
10074641;Nonreassuring foetal heart rate pattern;Cardiac disorders
10081007;Obesity cardiomyopathy;Cardiac disorders
10086997;Pacing induced cardiomyopathy;Cardiac disorders
10059164;Papillary muscle haemorrhage;Cardiac disorders
10033697;Papillary muscle infarction;Cardiac disorders
10033698;Papillary muscle rupture;Cardiac disorders
10077503;Paroxysmal atrioventricular block;Cardiac disorders
10034474;Pericardial effusion;Cardiac disorders
10048630;Pericardial effusion malignant;Cardiac disorders
10048724;Pericardial fibrosis;Cardiac disorders
10034476;Pericardial haemorrhage;Cardiac disorders
10090793;Pericardial perforation;Cardiac disorders
10034484;Pericarditis;Cardiac disorders
10034486;Pericarditis adhesive;Cardiac disorders
10034487;Pericarditis constrictive;Cardiac disorders
10034491;Pericarditis malignant;Cardiac disorders
10034496;Pericarditis rheumatic;Cardiac disorders
10034498;Pericarditis uraemic;Cardiac disorders
10059361;Pleuropericarditis;Cardiac disorders
10048731;Pneumopericardium;Cardiac disorders
10058144;Postinfarction angina;Cardiac disorders
10036759;Prinzmetal angina;Cardiac disorders
10057464;Pulmonary valve calcification;Cardiac disorders
10037448;Pulmonary valve incompetence;Cardiac disorders
10057465;Pulmonary valve sclerosis;Cardiac disorders
10037450;Pulmonary valve stenosis;Cardiac disorders
10079337;Pulmonary valve thickening;Cardiac disorders
10058151;Pulseless electrical activity;Cardiac disorders
10058156;Reperfusion arrhythmia;Cardiac disorders
10038748;Restrictive cardiomyopathy;Cardiac disorders
10062110;Rheumatic heart disease;Cardiac disorders
10039111;Rhythm idioventricular;Cardiac disorders
10079613;Right ventricular diastolic collapse;Cardiac disorders
10039163;Right ventricular failure;Cardiac disorders
10074301;Right ventricular hypertension;Cardiac disorders
10049768;Silent myocardial infarction;Cardiac disorders
10040736;Sinoatrial block;Cardiac disorders
10040738;Sinus arrest;Cardiac disorders
10075889;Sinus node dysfunction;Cardiac disorders
10074643;Sinusoidal foetal heart rate pattern;Cardiac disorders
10064994;Subclavian coronary steal syndrome;Cardiac disorders
10082459;Subendocardial haemorrhage;Cardiac disorders
10058145;Subendocardial ischaemia;Cardiac disorders
10042431;Subvalvular aortic stenosis;Cardiac disorders
10042598;Supravalvular aortic stenosis;Cardiac disorders
10043074;Tachycardia foetal;Cardiac disorders
10075043;Thyrotoxic cardiomyopathy;Cardiac disorders
10044066;Torsade de pointes;Cardiac disorders
10083657;Toxic cardiomyopathy;Cardiac disorders
10057466;Tricuspid valve calcification;Cardiac disorders
10061389;Tricuspid valve disease;Cardiac disorders
10086096;Tricuspid valve disease mixed;Cardiac disorders
10044640;Tricuspid valve incompetence;Cardiac disorders
10057467;Tricuspid valve sclerosis;Cardiac disorders
10044642;Tricuspid valve stenosis;Cardiac disorders
10079338;Tricuspid valve thickening;Cardiac disorders
10088062;Tricuspid valve thrombosis;Cardiac disorders
10044644;Trifascicular block;Cardiac disorders
10087409;Uraemic cardiomyopathy;Cardiac disorders
10047279;Ventricle rupture;Cardiac disorders
10047281;Ventricular arrhythmia;Cardiac disorders
10047284;Ventricular asystole;Cardiac disorders
10071186;Ventricular dyssynchrony;Cardiac disorders
10060953;Ventricular failure;Cardiac disorders
10047290;Ventricular fibrillation;Cardiac disorders
10047294;Ventricular flutter;Cardiac disorders
10050510;Ventricular hypokinesia;Cardiac disorders
10075291;Ventricular remodelling;Cardiac disorders
10065341;Ventricular tachyarrhythmia;Cardiac disorders
10047302;Ventricular tachycardia;Cardiac disorders
10047818;Wandering pacemaker;Cardiac disorders
10080787;Wellens' syndrome;Cardiac disorders
10047997;Withdrawal arrhythmia;Cardiac disorders
10048015;Wolff-Parkinson-White syndrome;Cardiac disorders
10090652;15q13.3 microdeletion syndrome;Congenital, familial and genetic disorders
10000098;Abdominal transposition;Congenital, familial and genetic disorders
10082380;Aberrant aortic arch;Congenital, familial and genetic disorders
10049207;Adactyly;Congenital, familial and genetic disorders
10083856;ADNP syndrome;Congenital, familial and genetic disorders
10001368;Adrenal insufficiency neonatal;Congenital, familial and genetic disorders
10001501;Aglossia;Congenital, familial and genetic disorders
10091259;Agnathia;Congenital, familial and genetic disorders
10054935;Aicardi's syndrome;Congenital, familial and genetic disorders
10052032;Albright's disease;Congenital, familial and genetic disorders
10077023;Alveolar capillary dysplasia;Congenital, familial and genetic disorders
10001908;Amblyopia congenital;Congenital, familial and genetic disorders
10064100;Amniotic band syndrome;Congenital, familial and genetic disorders
10002120;Anal atresia;Congenital, familial and genetic disorders
10056292;Androgen insensitivity syndrome;Congenital, familial and genetic disorders
10002320;Anencephaly;Congenital, familial and genetic disorders
10051098;Angiotensin converting enzyme inhibitor foetopathy;Congenital, familial and genetic disorders
10002532;Aniridia;Congenital, familial and genetic disorders
10071757;Annular pancreas;Congenital, familial and genetic disorders
10064902;Anomalous arrangement of pancreaticobiliary duct;Congenital, familial and genetic disorders
10058079;Anomalous pulmonary venous connection;Congenital, familial and genetic disorders
10062339;Anomaly of external ear congenital;Congenital, familial and genetic disorders
10060957;Anomaly of middle ear congenital;Congenital, familial and genetic disorders
10002633;Anomaly of orbit, congenital;Congenital, familial and genetic disorders
10002640;Anophthalmos;Congenital, familial and genetic disorders
10002641;Anorchism;Congenital, familial and genetic disorders
10056271;Anorectal agenesis;Congenital, familial and genetic disorders
10082798;Anorectal malformation;Congenital, familial and genetic disorders
10002654;Anotia;Congenital, familial and genetic disorders
10059199;Anterior chamber cleavage syndrome;Congenital, familial and genetic disorders
10071651;Anterior displaced anus;Congenital, familial and genetic disorders
10049209;Aorta hypoplasia;Congenital, familial and genetic disorders
10066801;Aortic valve atresia;Congenital, familial and genetic disorders
10063732;Aorticopulmonary septal defect;Congenital, familial and genetic disorders
10002947;Aphakia congenital;Congenital, familial and genetic disorders
10087156;Aphallia;Congenital, familial and genetic disorders
10002963;Aplasia cutis congenita;Congenital, familial and genetic disorders
10087157;Arhinencephaly;Congenital, familial and genetic disorders
10003101;Arnold-Chiari malformation;Congenital, familial and genetic disorders
10058093;Arrhythmogenic right ventricular dysplasia;Congenital, familial and genetic disorders
10003193;Arteriovenous malformation;Congenital, familial and genetic disorders
10053622;Asplenia;Congenital, familial and genetic disorders
10063836;Atrioventricular septal defect;Congenital, familial and genetic disorders
10072198;Auditory neuropathy spectrum disorder;Congenital, familial and genetic disorders
10069521;Autoimmune lymphoproliferative syndrome;Congenital, familial and genetic disorders
10083963;Baller-Gerold syndrome;Congenital, familial and genetic disorders
10051900;Benign congenital hypotonia;Congenital, familial and genetic disorders
10056655;Bladder agenesis;Congenital, familial and genetic disorders
10049241;Blepharophimosis congenital;Congenital, familial and genetic disorders
10005176;Blindness congenital;Congenital, familial and genetic disorders
10090905;Body stalk anomaly;Congenital, familial and genetic disorders
10048409;Brain malformation;Congenital, familial and genetic disorders
10006162;Branchial cleft sinus;Congenital, familial and genetic disorders
10064585;Bronchogenic cyst;Congenital, familial and genetic disorders
10059027;Brugada syndrome;Congenital, familial and genetic disorders
10078297;Camptomelia;Congenital, familial and genetic disorders
10061023;Carbohydrate metabolism disorder;Congenital, familial and genetic disorders
10007268;Carcinogenic effect in offspring;Congenital, familial and genetic disorders
10055010;Cardiac lymphangioma;Congenital, familial and genetic disorders
10007585;Cardiac malposition;Congenital, familial and genetic disorders
10064021;Cardiac septal defect;Congenital, familial and genetic disorders
10007747;Cataract congenital;Congenital, familial and genetic disorders
10059387;Caudal regression syndrome;Congenital, familial and genetic disorders
10083749;CEC syndrome;Congenital, familial and genetic disorders
10007942;Central nervous system dermoid tumour;Congenital, familial and genetic disorders
10072942;Cerebellar dysplasia;Congenital, familial and genetic disorders
10008033;Cerebellar hypoplasia;Congenital, familial and genetic disorders
10008086;Cerebral arteriovenous malformation haemorrhagic;Congenital, familial and genetic disorders
10052236;Cerebral atrophy congenital;Congenital, familial and genetic disorders
10071747;Cerebral cavernous malformation;Congenital, familial and genetic disorders
10056467;Cerebral dysgenesis;Congenital, familial and genetic disorders
10088217;Cerebral folate deficiency;Congenital, familial and genetic disorders
10008129;Cerebral palsy;Congenital, familial and genetic disorders
10056371;Cerebrovascular arteriovenous malformation;Congenital, familial and genetic disorders
10064063;CHARGE syndrome;Congenital, familial and genetic disorders
10008587;Choanal atresia;Congenital, familial and genetic disorders
10074053;Choanal stenosis;Congenital, familial and genetic disorders
10053630;Cholangiectasis congenital;Congenital, familial and genetic disorders
10008763;Chorioretinal degeneration congenital;Congenital, familial and genetic disorders
10057402;Choroidal coloboma;Congenital, familial and genetic disorders
10064568;Chronic infantile neurological cutaneous and articular syndrome;Congenital, familial and genetic disorders
10009259;Cleft lip;Congenital, familial and genetic disorders
10009260;Cleft lip and palate;Congenital, familial and genetic disorders
10009269;Cleft palate;Congenital, familial and genetic disorders
10075994;Cleidocranial dysostosis;Congenital, familial and genetic disorders
10067424;Cloacal exstrophy;Congenital, familial and genetic disorders
10065442;Coagulation factor mutation;Congenital, familial and genetic disorders
10009807;Coarctation of the aorta;Congenital, familial and genetic disorders
10068841;Cobb syndrome;Congenital, familial and genetic disorders
10089108;Cochlear hypoplasia;Congenital, familial and genetic disorders
10009926;Collodion baby;Congenital, familial and genetic disorders
10009934;Coloboma;Congenital, familial and genetic disorders
10010099;Combined immunodeficiency;Congenital, familial and genetic disorders
10085521;Cone-rod dystrophy;Congenital, familial and genetic disorders
10067183;Congenital abdominal hernia;Congenital, familial and genetic disorders
10010317;Congenital absence of bile ducts;Congenital, familial and genetic disorders
10010318;Congenital absence of cranial vault;Congenital, familial and genetic disorders
10010320;Congenital absence of vertebra;Congenital, familial and genetic disorders
10049057;Congenital adrenal gland hypoplasia;Congenital, familial and genetic disorders
10079701;Congenital amputation;Congenital, familial and genetic disorders
10010329;Congenital anaemia;Congenital, familial and genetic disorders
10063469;Congenital androgen deficiency;Congenital, familial and genetic disorders
10010341;Congenital anomalies of ear ossicles;Congenital, familial and genetic disorders
10062341;Congenital anomaly of adrenal gland;Congenital, familial and genetic disorders
10062340;Congenital anomaly of inner ear;Congenital, familial and genetic disorders
10079876;Congenital anosmia;Congenital, familial and genetic disorders
10061052;Congenital aortic anomaly;Congenital, familial and genetic disorders
10010368;Congenital aortic atresia;Congenital, familial and genetic disorders
10058150;Congenital aortic dilatation;Congenital, familial and genetic disorders
10010369;Congenital aortic stenosis;Congenital, familial and genetic disorders
10010370;Congenital aortic valve incompetence;Congenital, familial and genetic disorders
10010371;Congenital aortic valve stenosis;Congenital, familial and genetic disorders
10090210;Congenital aplasia;Congenital, familial and genetic disorders
10053138;Congenital aplastic anaemia;Congenital, familial and genetic disorders
10066084;Congenital aqueductal stenosis;Congenital, familial and genetic disorders
10062325;Congenital arterial malformation;Congenital, familial and genetic disorders
10082546;Congenital arterial occlusion;Congenital, familial and genetic disorders
10010374;Congenital arteriovenous fistula;Congenital, familial and genetic disorders
10054215;Congenital aural fistula;Congenital, familial and genetic disorders
10082716;Congenital bilateral perisylvian syndrome;Congenital, familial and genetic disorders
10061053;Congenital bladder anomaly;Congenital, familial and genetic disorders
10010381;Congenital bladder diverticulum;Congenital, familial and genetic disorders
10010382;Congenital bladder neck obstruction;Congenital, familial and genetic disorders
10010390;Congenital brain damage;Congenital, familial and genetic disorders
10010391;Congenital bronchiectasis;Congenital, familial and genetic disorders
10010392;Congenital bronchomalacia;Congenital, familial and genetic disorders
10061054;Congenital cardiovascular anomaly;Congenital, familial and genetic disorders
10073008;Congenital central diabetes insipidus;Congenital, familial and genetic disorders
10066131;Congenital central hypoventilation syndrome;Congenital, familial and genetic disorders
10010411;Congenital central nervous system anomaly;Congenital, familial and genetic disorders
10048784;Congenital cerebellar agenesis;Congenital, familial and genetic disorders
10054954;Congenital cerebral cyst;Congenital, familial and genetic disorders
10048924;Congenital cerebral haemangioma;Congenital, familial and genetic disorders
10062327;Congenital cerebrovascular anomaly;Congenital, familial and genetic disorders
10057886;Congenital choroidal anomaly;Congenital, familial and genetic disorders
10078770;Congenital chylothorax;Congenital, familial and genetic disorders
10010416;Congenital clavicular agenesis;Congenital, familial and genetic disorders
10010417;Congenital claw toe;Congenital, familial and genetic disorders
10063563;Congenital coagulopathy;Congenital, familial and genetic disorders
10061059;Congenital corneal anomaly;Congenital, familial and genetic disorders
10061060;Congenital coronary artery malformation;Congenital, familial and genetic disorders
10069774;Congenital cranial nerve paralysis;Congenital, familial and genetic disorders
10057042;Congenital cutis laxa;Congenital, familial and genetic disorders
10010428;Congenital cystic kidney disease;Congenital, familial and genetic disorders
10010430;Congenital cytomegalovirus infection;Congenital, familial and genetic disorders
10048728;Congenital dermal sinus;Congenital, familial and genetic disorders
10061061;Congenital diaphragmatic anomaly;Congenital, familial and genetic disorders
10010438;Congenital diaphragmatic eventration;Congenital, familial and genetic disorders
10010439;Congenital diaphragmatic hernia;Congenital, familial and genetic disorders
10062759;Congenital dyskeratosis;Congenital, familial and genetic disorders
10010453;Congenital ectopic bladder;Congenital, familial and genetic disorders
10010456;Congenital emphysema;Congenital, familial and genetic disorders
10062329;Congenital endocrine anomaly;Congenital, familial and genetic disorders
10062330;Congenital epiglottal anomaly;Congenital, familial and genetic disorders
10062331;Congenital Eustachian tube anomaly;Congenital, familial and genetic disorders
10059159;Congenital eye disorder;Congenital, familial and genetic disorders
10061146;Congenital eyelid malformation;Congenital, familial and genetic disorders
10049449;Congenital facial nerve hypoplasia;Congenital, familial and genetic disorders
10087146;Congenital female genital tract fistula;Congenital, familial and genetic disorders
10087145;Congenital female reproductive tract disorder;Congenital, familial and genetic disorders
10065859;Congenital fibrosarcoma;Congenital, familial and genetic disorders
10010474;Congenital flaccid paralysis;Congenital, familial and genetic disorders
10053153;Congenital floppy infant;Congenital, familial and genetic disorders
10062332;Congenital foot malformation;Congenital, familial and genetic disorders
10061063;Congenital gastric anomaly;Congenital, familial and genetic disorders
10062342;Congenital gastrointestinal vessel anomaly;Congenital, familial and genetic disorders
10053547;Congenital generalised lipodystrophy;Congenital, familial and genetic disorders
10062333;Congenital genital malformation;Congenital, familial and genetic disorders
10010481;Congenital genital malformation female;Congenital, familial and genetic disorders
10059492;Congenital genital malformation male;Congenital, familial and genetic disorders
10062334;Congenital genitourinary abnormality;Congenital, familial and genetic disorders
10061080;Congenital great vessel anomaly;Congenital, familial and genetic disorders
10083935;Congenital growth hormone deficiency;Congenital, familial and genetic disorders
10072107;Congenital haematological disorder;Congenital, familial and genetic disorders
10062335;Congenital hand malformation;Congenital, familial and genetic disorders
10010493;Congenital hearing disorder;Congenital, familial and genetic disorders
10064086;Congenital heart valve disorder;Congenital, familial and genetic disorders
10077594;Congenital heart valve incompetence;Congenital, familial and genetic disorders
10071359;Congenital hemiparesis;Congenital, familial and genetic disorders
10056533;Congenital hepatic fibrosis;Congenital, familial and genetic disorders
10010496;Congenital hepatitis B infection;Congenital, familial and genetic disorders
10084252;Congenital hepatitis C infection;Congenital, familial and genetic disorders
10061065;Congenital hepatobiliary anomaly;Congenital, familial and genetic disorders
10051130;Congenital hepatomegaly;Congenital, familial and genetic disorders
10019949;Congenital herpes simplex infection;Congenital, familial and genetic disorders
10010501;Congenital hiatus hernia;Congenital, familial and genetic disorders
10074187;Congenital high airway obstruction syndrome;Congenital, familial and genetic disorders
10010504;Congenital HIV infection;Congenital, familial and genetic disorders
10051147;Congenital hydrocele renalis;Congenital, familial and genetic disorders
10010506;Congenital hydrocephalus;Congenital, familial and genetic disorders
10050975;Congenital hydronephrosis;Congenital, familial and genetic disorders
10070954;Congenital hypercoagulation;Congenital, familial and genetic disorders
10083495;Congenital hyperinsulinaemic hypoglycaemia;Congenital, familial and genetic disorders
10062264;Congenital hyperthyroidism;Congenital, familial and genetic disorders
10060747;Congenital hypogammaglobulinaemia;Congenital, familial and genetic disorders
10083932;Congenital hypogonadotropic hypogonadism;Congenital, familial and genetic disorders
10051315;Congenital hypoparathyroidism;Congenital, familial and genetic disorders
10080879;Congenital hypoplasia of depressor angularis oris muscle;Congenital, familial and genetic disorders
10010510;Congenital hypothyroidism;Congenital, familial and genetic disorders
10083911;Congenital hypotransferrinaemia;Congenital, familial and genetic disorders
10062343;Congenital infection;Congenital, familial and genetic disorders
10068321;Congenital inguinal hernia;Congenital, familial and genetic disorders
10061067;Congenital intestinal malformation;Congenital, familial and genetic disorders
10073207;Congenital intestinal obstruction;Congenital, familial and genetic disorders
10089754;Congenital intrahepatic arterioportal fistula;Congenital, familial and genetic disorders
10070440;Congenital intrinsic factor deficiency;Congenital, familial and genetic disorders
10057411;Congenital iris anomaly;Congenital, familial and genetic disorders
10062336;Congenital jaw malformation;Congenital, familial and genetic disorders
10062337;Congenital joint malformation;Congenital, familial and genetic disorders
10061068;Congenital knee deformity;Congenital, familial and genetic disorders
10010520;Congenital knee dislocation;Congenital, familial and genetic disorders
10048890;Congenital kyphoscoliosis;Congenital, familial and genetic disorders
10010523;Congenital lacrimal gland anomaly;Congenital, familial and genetic disorders
10010526;Congenital large intestinal atresia;Congenital, familial and genetic disorders
10010527;Congenital laryngeal stridor;Congenital, familial and genetic disorders
10064660;Congenital lenticonus;Congenital, familial and genetic disorders
10082949;Congenital LUMBAR syndrome;Congenital, familial and genetic disorders
10010535;Congenital lymphoedema;Congenital, familial and genetic disorders
10010538;Congenital malaria;Congenital, familial and genetic disorders
10073492;Congenital malignant neoplasm;Congenital, familial and genetic disorders
10010539;Congenital megacolon;Congenital, familial and genetic disorders
10010540;Congenital megaureter;Congenital, familial and genetic disorders
10079687;Congenital midline defect;Congenital, familial and genetic disorders
10010547;Congenital mitral valve incompetence;Congenital, familial and genetic disorders
10010548;Congenital mitral valve stenosis;Congenital, familial and genetic disorders
10051643;Congenital multiplex arthrogryposis;Congenital, familial and genetic disorders
10010550;Congenital muscle absence;Congenital, familial and genetic disorders
10086700;Congenital musculoskeletal disorder;Congenital, familial and genetic disorders
10086691;Congenital musculoskeletal disorder of head and neck;Congenital, familial and genetic disorders
10086689;Congenital musculoskeletal disorder of limbs;Congenital, familial and genetic disorders
10086695;Congenital musculoskeletal disorder of skull;Congenital, familial and genetic disorders
10086692;Congenital musculoskeletal disorder of spine;Congenital, familial and genetic disorders
10086699;Congenital musculoskeletal disorder of trunk;Congenital, familial and genetic disorders
10062547;Congenital myopathy;Congenital, familial and genetic disorders
10069153;Congenital myopia;Congenital, familial and genetic disorders
10078557;Congenital neoplasm;Congenital, familial and genetic disorders
10068304;Congenital nephrogenic diabetes insipidus;Congenital, familial and genetic disorders
10060737;Congenital nephrotic syndrome;Congenital, familial and genetic disorders
10010558;Congenital neurological degeneration;Congenital, familial and genetic disorders
10062345;Congenital neurological disorder;Congenital, familial and genetic disorders
10062346;Congenital neuropathy;Congenital, familial and genetic disorders
10010559;Congenital night blindness;Congenital, familial and genetic disorders
10053877;Congenital oculomotor apraxia;Congenital, familial and genetic disorders
10061069;Congenital oesophageal anomaly;Congenital, familial and genetic disorders
10010564;Congenital oesophageal stenosis;Congenital, familial and genetic disorders
10061528;Congenital optic nerve anomaly;Congenital, familial and genetic disorders
10061070;Congenital oral malformation;Congenital, familial and genetic disorders
10010582;Congenital osteodystrophy;Congenital, familial and genetic disorders
10061071;Congenital ovarian anomaly;Congenital, familial and genetic disorders
10068593;Congenital oxalosis;Congenital, familial and genetic disorders
10061072;Congenital pancreatic anomaly;Congenital, familial and genetic disorders
10086713;Congenital parvovirus B19 infection;Congenital, familial and genetic disorders
10061073;Congenital pharyngeal anomaly;Congenital, familial and genetic disorders
10010594;Congenital pneumonia;Congenital, familial and genetic disorders
10061573;Congenital pseudarthrosis;Congenital, familial and genetic disorders
10087693;Congenital pulmonary airway malformation;Congenital, familial and genetic disorders
10061074;Congenital pulmonary artery anomaly;Congenital, familial and genetic disorders
10050701;Congenital pulmonary hypertension;Congenital, familial and genetic disorders
10052644;Congenital pulmonary valve atresia;Congenital, familial and genetic disorders
10061075;Congenital pulmonary valve disorder;Congenital, familial and genetic disorders
10049938;Congenital pyelocaliectasis;Congenital, familial and genetic disorders
10066875;Congenital renal disorder;Congenital, familial and genetic disorders
10073470;Congenital retinoblastoma;Congenital, familial and genetic disorders
10010619;Congenital rubella infection;Congenital, familial and genetic disorders
10010620;Congenital salivary gland anomaly;Congenital, familial and genetic disorders
10061530;Congenital scleral disorder;Congenital, familial and genetic disorders
10067769;Congenital skin disorder;Congenital, familial and genetic disorders
10010626;Congenital small intestinal atresia;Congenital, familial and genetic disorders
10061076;Congenital spinal cord anomaly;Congenital, familial and genetic disorders
10010629;Congenital spinal fusion;Congenital, familial and genetic disorders
10077379;Congenital spinal stenosis;Congenital, familial and genetic disorders
10087149;Congenital subglottic stenosis;Congenital, familial and genetic disorders
10082343;Congenital supraventricular tachycardia;Congenital, familial and genetic disorders
10010641;Congenital syphilis;Congenital, familial and genetic disorders
10010643;Congenital syphilitic encephalitis;Congenital, familial and genetic disorders
10010644;Congenital syphilitic meningitis;Congenital, familial and genetic disorders
10054002;Congenital syphilitic osteochondritis;Congenital, familial and genetic disorders
10052012;Congenital teratoma;Congenital, familial and genetic disorders
10048801;Congenital thymus absence;Congenital, familial and genetic disorders
10076602;Congenital thyroid disorder;Congenital, familial and genetic disorders
10010650;Congenital torticollis;Congenital, familial and genetic disorders
10010652;Congenital toxoplasmosis;Congenital, familial and genetic disorders
10010654;Congenital tracheomalacia;Congenital, familial and genetic disorders
10073654;Congenital trichomegaly;Congenital, familial and genetic disorders
10049767;Congenital tricuspid valve atresia;Congenital, familial and genetic disorders
10067887;Congenital tricuspid valve incompetence;Congenital, familial and genetic disorders
10010656;Congenital tricuspid valve stenosis;Congenital, familial and genetic disorders
10088099;Congenital trigeminal anaesthesia;Congenital, familial and genetic disorders
10010657;Congenital tuberculosis;Congenital, familial and genetic disorders
10010658;Congenital umbilical hernia;Congenital, familial and genetic disorders
10061078;Congenital ureteric anomaly;Congenital, familial and genetic disorders
10056434;Congenital ureterocele;Congenital, familial and genetic disorders
10083021;Congenital ureteropelvic junction obstruction;Congenital, familial and genetic disorders
10068133;Congenital ureterovesical junction anomaly;Congenital, familial and genetic disorders
10062349;Congenital urethral anomaly;Congenital, familial and genetic disorders
10010663;Congenital urinary tract obstruction;Congenital, familial and genetic disorders
10061079;Congenital uterine anomaly;Congenital, familial and genetic disorders
10088114;Congenital vaccinia virus infection;Congenital, familial and genetic disorders
10010668;Congenital varicella infection;Congenital, familial and genetic disorders
10010670;Congenital vas deferens absence;Congenital, familial and genetic disorders
10087154;Congenital vena cava stenosis;Congenital, familial and genetic disorders
10010672;Congenital vesicoureteric reflux;Congenital, familial and genetic disorders
10084251;Congenital viral hepatitis;Congenital, familial and genetic disorders
10086942;Congenital viral infection;Congenital, familial and genetic disorders
10059157;Congenital visual acuity reduced;Congenital, familial and genetic disorders
10061085;Congenital vitreous anomaly;Congenital, familial and genetic disorders
10087175;Congenital vocal cord paralysis;Congenital, familial and genetic disorders
10061086;Congenital white blood cell disorder;Congenital, familial and genetic disorders
10081044;Congenital Zika syndrome;Congenital, familial and genetic disorders
10010688;Conjoined twins;Congenital, familial and genetic disorders
10010749;Conjunctivitis gonococcal neonatal;Congenital, familial and genetic disorders
10010967;Cor biloculare;Congenital, familial and genetic disorders
10010972;Cor triatriatum;Congenital, familial and genetic disorders
10011005;Corneal dystrophy;Congenital, familial and genetic disorders
10011037;Corneal opacity congenital;Congenital, familial and genetic disorders
10077707;Cornelia de Lange syndrome;Congenital, familial and genetic disorders
10070666;Cortical dysplasia;Congenital, familial and genetic disorders
10067380;Costello syndrome;Congenital, familial and genetic disorders
10066946;Craniofacial dysostosis;Congenital, familial and genetic disorders
10072116;Craniolacunia;Congenital, familial and genetic disorders
10011321;Craniorachischisis;Congenital, familial and genetic disorders
10049889;Craniosynostosis;Congenital, familial and genetic disorders
10068850;Cryopyrin associated periodic syndrome;Congenital, familial and genetic disorders
10011497;Cryptophthalmos;Congenital, familial and genetic disorders
10057648;Cyclopia;Congenital, familial and genetic disorders
10011761;Cystic eyeball, congenital;Congenital, familial and genetic disorders
10048411;Dandy-Walker syndrome;Congenital, familial and genetic disorders
10011875;Deaf mutism;Congenital, familial and genetic disorders
10011882;Deafness congenital;Congenital, familial and genetic disorders
10079753;Delayed foetal renal development;Congenital, familial and genetic disorders
10075298;Dentatorubral-pallidoluysian atrophy;Congenital, familial and genetic disorders
10012331;Dentofacial anomaly;Congenital, familial and genetic disorders
10070179;Denys-Drash syndrome;Congenital, familial and genetic disorders
10061455;Dermatoglyphic anomaly;Congenital, familial and genetic disorders
10012522;Dermoid cyst;Congenital, familial and genetic disorders
10083445;Desmin myopathy;Congenital, familial and genetic disorders
10012565;Developmental glaucoma;Congenital, familial and genetic disorders
10073767;Developmental hip dysplasia;Congenital, familial and genetic disorders
10059116;Diabetic foetopathy;Congenital, familial and genetic disorders
10012711;Diaphragmatic aplasia;Congenital, familial and genetic disorders
10090512;Dias-Logan syndrome;Congenital, familial and genetic disorders
10012750;Diastematomyelia;Congenital, familial and genetic disorders
10012780;Diethylstilboestrol syndrome;Congenital, familial and genetic disorders
10013003;Dilatation intrahepatic duct congenital;Congenital, familial and genetic disorders
10053585;Disseminated neonatal herpes simplex;Congenital, familial and genetic disorders
10066128;Distichiasis;Congenital, familial and genetic disorders
10013542;Diverticulitis Meckel's;Congenital, familial and genetic disorders
10013568;Diverticulum of pharynx, congenital;Congenital, familial and genetic disorders
10073490;Double cortex syndrome;Congenital, familial and genetic disorders
10082665;Double inlet left ventricle;Congenital, familial and genetic disorders
10080133;Double outlet left ventricle;Congenital, familial and genetic disorders
10013611;Double outlet right ventricle;Congenital, familial and genetic disorders
10059589;Dubowitz syndrome;Congenital, familial and genetic disorders
10049996;Ductus arteriosus premature closure;Congenital, familial and genetic disorders
10013808;Ductus arteriosus stenosis foetal;Congenital, familial and genetic disorders
10068665;Ductus venosus agenesis;Congenital, familial and genetic disorders
10013812;Duodenal atresia;Congenital, familial and genetic disorders
10080312;Dyke-Davidoff-Masson syndrome;Congenital, familial and genetic disorders
10071437;Dyschondrosteosis;Congenital, familial and genetic disorders
10067601;Dysmyelination;Congenital, familial and genetic disorders
10051025;Eagle Barrett syndrome;Congenital, familial and genetic disorders
10014016;Ear malformation;Congenital, familial and genetic disorders
10071545;Early infantile epileptic encephalopathy with burst-suppression;Congenital, familial and genetic disorders
10014075;Ebstein's anomaly;Congenital, familial and genetic disorders
10014144;Ectopia cordis;Congenital, familial and genetic disorders
10077557;Ectopic posterior pituitary gland;Congenital, familial and genetic disorders
10014172;Ectopic ureter;Congenital, familial and genetic disorders
10079827;Ectrodactyly;Congenital, familial and genetic disorders
10084070;Elbow synostosis;Congenital, familial and genetic disorders
10091119;Embryo-foetal toxicity;Congenital, familial and genetic disorders
10014617;Encephalocele;Congenital, familial and genetic disorders
10057653;Encephalocutaneous angiomatosis;Congenital, familial and genetic disorders
10014663;Endocardial fibroelastosis;Congenital, familial and genetic disorders
10077952;Epidermal naevus syndrome;Congenital, familial and genetic disorders
10014989;Epidermolysis bullosa;Congenital, familial and genetic disorders
10015039;Epilepsy congenital;Congenital, familial and genetic disorders
10086114;Epilepsy of infancy with migrating focal seizures;Congenital, familial and genetic disorders
10081179;Epilepsy with myoclonic-atonic seizures;Congenital, familial and genetic disorders
10015088;Epispadias;Congenital, familial and genetic disorders
10015251;Erythroblastosis foetalis;Congenital, familial and genetic disorders
10015677;Exomphalos;Congenital, familial and genetic disorders
10050696;Exophthalmos congenital;Congenital, familial and genetic disorders
10054875;External auditory canal atresia;Congenital, familial and genetic disorders
10061051;Eye anterior chamber congenital anomaly;Congenital, familial and genetic disorders
10067141;Faciodigitogenital dysplasia;Congenital, familial and genetic disorders
10059205;Fallot's pentalogy;Congenital, familial and genetic disorders
10016193;Fallot's tetralogy;Congenital, familial and genetic disorders
10064011;Fallot's trilogy;Congenital, familial and genetic disorders
10016219;Fanconi syndrome;Congenital, familial and genetic disorders
10083944;Femoral facial syndrome;Congenital, familial and genetic disorders
10068448;Femur-fibula-ulna complex;Congenital, familial and genetic disorders
10068715;Fibrodysplasia ossificans progressiva;Congenital, familial and genetic disorders
10016664;Fibrous dysplasia of bone;Congenital, familial and genetic disorders
10070535;Fibrous dysplasia of jaw;Congenital, familial and genetic disorders
10054882;Fibula agenesis;Congenital, familial and genetic disorders
10087902;Foetal alcohol spectrum disorder;Congenital, familial and genetic disorders
10016845;Foetal alcohol syndrome;Congenital, familial and genetic disorders
10066485;Foetal anticonvulsant syndrome;Congenital, familial and genetic disorders
10052011;Foetal cystic hygroma;Congenital, familial and genetic disorders
10060919;Foetal malformation;Congenital, familial and genetic disorders
10073660;Foetal megacystis;Congenital, familial and genetic disorders
10071183;Foetal methotrexate syndrome;Congenital, familial and genetic disorders
10073720;Foetal retinoid syndrome;Congenital, familial and genetic disorders
10051445;Foetal warfarin syndrome;Congenital, familial and genetic disorders
10064157;Foramen magnum stenosis;Congenital, familial and genetic disorders
10083946;Fountain syndrome;Congenital, familial and genetic disorders
10073655;Freeman-Sheldon syndrome;Congenital, familial and genetic disorders
10089384;Frontonasal dysplasia;Congenital, familial and genetic disorders
10075223;Fryns syndrome;Congenital, familial and genetic disorders
10079018;Gallbladder agenesis;Congenital, familial and genetic disorders
10061163;Gallbladder anomaly congenital;Congenital, familial and genetic disorders
10017932;Gastrointestinal arteriovenous malformation;Congenital, familial and genetic disorders
10061973;Gastrointestinal disorder congenital;Congenital, familial and genetic disorders
10061596;Gastrointestinal malformation;Congenital, familial and genetic disorders
10018046;Gastroschisis;Congenital, familial and genetic disorders
10081209;Gatad2b associated neurodevelopmental disorder;Congenital, familial and genetic disorders
10018183;Genitalia external ambiguous;Congenital, familial and genetic disorders
10088236;Gestational alloimmune liver disease;Congenital, familial and genetic disorders
10068845;Gnathoschisis;Congenital, familial and genetic disorders
10018499;Goitre congenital;Congenital, familial and genetic disorders
10079731;Gollop-Wolfgang complex;Congenital, familial and genetic disorders
10018504;Gonadal dysgenesis;Congenital, familial and genetic disorders
10071283;Gorham's disease;Congenital, familial and genetic disorders
10082084;Grey matter heterotopia;Congenital, familial and genetic disorders
10018822;Haemangioma of retina;Congenital, familial and genetic disorders
10064595;Haemorrhagic arteriovenous malformation;Congenital, familial and genetic disorders
10019106;Hamartoma vascular;Congenital, familial and genetic disorders
10019263;Heart block congenital;Congenital, familial and genetic disorders
10019273;Heart disease congenital;Congenital, familial and genetic disorders
10019463;Hemihypertrophy;Congenital, familial and genetic disorders
10019633;Hepatic arteriovenous malformation;Congenital, familial and genetic disorders
10062002;Hereditary ataxia;Congenital, familial and genetic disorders
10019906;Hermaphroditism;Congenital, familial and genetic disorders
10019912;Hernia congenital;Congenital, familial and genetic disorders
10067265;Heterotaxia;Congenital, familial and genetic disorders
10060811;Hollow visceral myopathy;Congenital, familial and genetic disorders
10056304;Holoprosencephaly;Congenital, familial and genetic disorders
10073472;Hydranencephaly;Congenital, familial and genetic disorders
10051040;Hyper IgE syndrome;Congenital, familial and genetic disorders
10066130;Hyper IgM syndrome;Congenital, familial and genetic disorders
10049282;Hypersplenism congenital;Congenital, familial and genetic disorders
10020871;Hypertrophic cardiomyopathy;Congenital, familial and genetic disorders
10073670;Hypocalvaria;Congenital, familial and genetic disorders
10020967;Hypochondroplasia;Congenital, familial and genetic disorders
10075301;Hypomelanosis of Ito;Congenital, familial and genetic disorders
10049933;Hypophosphatasia;Congenital, familial and genetic disorders
10021068;Hypopituitarism foetal;Congenital, familial and genetic disorders
10021076;Hypoplastic left heart syndrome;Congenital, familial and genetic disorders
10064962;Hypoplastic right heart syndrome;Congenital, familial and genetic disorders
10021093;Hypospadias;Congenital, familial and genetic disorders
10078217;Hypothalamic hamartoma;Congenital, familial and genetic disorders
10021198;Ichthyosis;Congenital, familial and genetic disorders
10021450;Immunodeficiency congenital;Congenital, familial and genetic disorders
10021530;Imperforate oesophagus;Congenital, familial and genetic disorders
10073206;Infantile cortical hyperostosis;Congenital, familial and genetic disorders
10022034;Iniencephaly;Congenital, familial and genetic disorders
10022599;Interruption of aortic arch;Congenital, familial and genetic disorders
10062022;Intestinal atresia;Congenital, familial and genetic disorders
10064024;Intestinal malrotation;Congenital, familial and genetic disorders
10073659;Intestinal neuronal dysplasia;Congenital, familial and genetic disorders
10022712;Intestinal transposition;Congenital, familial and genetic disorders
10072288;Intracranial lipoma;Congenital, familial and genetic disorders
10063935;Kabuki make-up syndrome;Congenital, familial and genetic disorders
10048786;Keratitis-ichthyosis-deafness syndrome;Congenital, familial and genetic disorders
10052290;Keratolysis exfoliativa congenital;Congenital, familial and genetic disorders
10023430;Kidney malformation;Congenital, familial and genetic disorders
10062992;Kinematic imbalances due to suboccipital strain;Congenital, familial and genetic disorders
10023464;Klippel-Feil syndrome;Congenital, familial and genetic disorders
10051452;Klippel-Trenaunay syndrome;Congenital, familial and genetic disorders
10090560;Kocher-Debre-Semelaigne syndrome;Congenital, familial and genetic disorders
10081313;Kosaki overgrowth syndrome;Congenital, familial and genetic disorders
10048576;Kyphosis congenital;Congenital, familial and genetic disorders
10023636;Lacrimal punctum agenesis;Congenital, familial and genetic disorders
10085252;Lacrimo-auriculo-dento-digital syndrome;Congenital, familial and genetic disorders
10075979;Lamin A/C gene mutation;Congenital, familial and genetic disorders
10069115;Laryngeal cleft;Congenital, familial and genetic disorders
10023871;Laryngeal web;Congenital, familial and genetic disorders
10023885;Laryngocele;Congenital, familial and genetic disorders
10060786;Laryngomalacia;Congenital, familial and genetic disorders
10062987;Laryngo-onycho-cutaneous syndrome;Congenital, familial and genetic disorders
10056715;Laurence-Moon-Bardet-Biedl syndrome;Congenital, familial and genetic disorders
10065930;Left ventricle outflow tract obstruction;Congenital, familial and genetic disorders
10077834;Left-to-right cardiac shunt;Congenital, familial and genetic disorders
10024202;Lens abnormality, congenital;Congenital, familial and genetic disorders
10090483;Leukocyte adhesion deficiency;Congenital, familial and genetic disorders
10024381;Leukodystrophy;Congenital, familial and genetic disorders
10048575;Limb hypoplasia congenital;Congenital, familial and genetic disorders
10024503;Limb reduction defect;Congenital, familial and genetic disorders
10050084;Lipomeningocele;Congenital, familial and genetic disorders
10048911;Lissencephaly;Congenital, familial and genetic disorders
10057926;Long QT syndrome congenital;Congenital, familial and genetic disorders
10024929;Low set ears;Congenital, familial and genetic disorders
10024984;Lown-Ganong-Levine syndrome;Congenital, familial and genetic disorders
10054722;Lymphangiectasia intestinal congenital;Congenital, familial and genetic disorders
10059253;Macrocornea;Congenital, familial and genetic disorders
10025391;Macroglossia;Congenital, familial and genetic disorders
10025395;Macrostomia;Congenital, familial and genetic disorders
10025412;Macular dystrophy congenital;Congenital, familial and genetic disorders
10088203;Macular hypoplasia;Congenital, familial and genetic disorders
10025523;Malformation biliary;Congenital, familial and genetic disorders
10051456;Mandibulofacial dysostosis;Congenital, familial and genetic disorders
10026829;Marfan's syndrome;Congenital, familial and genetic disorders
10075843;Maxillonasal dysplasia;Congenital, familial and genetic disorders
10088459;Megalencephaly;Congenital, familial and genetic disorders
10027166;Melkersson-Rosenthal syndrome;Congenital, familial and genetic disorders
10027266;Meningocele;Congenital, familial and genetic disorders
10027287;Meningomyelocele;Congenital, familial and genetic disorders
10066147;Metaphyseal dysplasia;Congenital, familial and genetic disorders
10027534;Microcephaly;Congenital, familial and genetic disorders
10073456;Microcolon;Congenital, familial and genetic disorders
10057414;Microcornea;Congenital, familial and genetic disorders
10068320;Microencephaly;Congenital, familial and genetic disorders
10080650;Microorchidism;Congenital, familial and genetic disorders
10071706;Micropenis;Congenital, familial and genetic disorders
10027548;Microphthalmos;Congenital, familial and genetic disorders
10066800;Mitral valve atresia;Congenital, familial and genetic disorders
10089005;Mitral valve dysplasia;Congenital, familial and genetic disorders
10049214;Monopodia;Congenital, familial and genetic disorders
10090590;Multiple acyl-coenzyme A dehydrogenase deficiency;Congenital, familial and genetic disorders
10028178;Multiple cardiac defects;Congenital, familial and genetic disorders
10028182;Multiple congenital abnormalities;Congenital, familial and genetic disorders
10051747;Multiple endocrine neoplasia;Congenital, familial and genetic disorders
10073150;Multiple endocrine neoplasia Type 1;Congenital, familial and genetic disorders
10062901;Multiple lentigines syndrome;Congenital, familial and genetic disorders
10028400;Mutagenic effect;Congenital, familial and genetic disorders
10052289;Myocardial bridging;Congenital, familial and genetic disorders
10079732;Nail aplasia;Congenital, familial and genetic disorders
10075149;Neonatal alloimmune thrombocytopenia;Congenital, familial and genetic disorders
10028958;Neonatal leukaemia;Congenital, familial and genetic disorders
10057887;Neonatal lupus erythematosus;Congenital, familial and genetic disorders
10052046;Neural tube defect;Congenital, familial and genetic disorders
10053592;Newborn persistent pulmonary hypertension;Congenital, familial and genetic disorders
10079253;Non-compaction cardiomyopathy;Congenital, familial and genetic disorders
10029748;Noonan syndrome;Congenital, familial and genetic disorders
10051934;Oculoauriculovertebral dysplasia;Congenital, familial and genetic disorders
10088432;Oculocerebrocutaneous syndrome;Congenital, familial and genetic disorders
10051707;Oculocerebrorenal syndrome;Congenital, familial and genetic disorders
10030146;Oesophageal atresia;Congenital, familial and genetic disorders
10079063;Oesophageal cyst;Congenital, familial and genetic disorders
10083351;OHVIRA syndrome;Congenital, familial and genetic disorders
10072941;Olfactory nerve agenesis;Congenital, familial and genetic disorders
10068842;Olmsted syndrome;Congenital, familial and genetic disorders
10083975;Opitz trigonocephaly syndrome;Congenital, familial and genetic disorders
10062942;Optic nerve hypoplasia;Congenital, familial and genetic disorders
10052773;Oroticaciduria congenital;Congenital, familial and genetic disorders
10087151;Osteochondrodysplasia;Congenital, familial and genetic disorders
10031243;Osteogenesis imperfecta;Congenital, familial and genetic disorders
10058118;Otocephaly;Congenital, familial and genetic disorders
10084407;Otospondylomegaepiphyseal dysplasia;Congenital, familial and genetic disorders
10033120;Ovarian agenesis;Congenital, familial and genetic disorders
10089277;Ovarioleukodystrophy;Congenital, familial and genetic disorders
10080833;Oxycephaly;Congenital, familial and genetic disorders
10048910;Pachygyria;Congenital, familial and genetic disorders
10064192;Parachute mitral valve;Congenital, familial and genetic disorders
10089242;Paraduodenal hernia;Congenital, familial and genetic disorders
10034130;Patent ductus arteriosus;Congenital, familial and genetic disorders
10064951;Penoscrotal fusion;Congenital, familial and genetic disorders
10067287;Penoscrotal transposition;Congenital, familial and genetic disorders
10057476;Periodontal congenital anomaly;Congenital, familial and genetic disorders
10069442;Persistent cloaca;Congenital, familial and genetic disorders
10034708;Persistent foetal circulation;Congenital, familial and genetic disorders
10059800;Persistent urogenital sinus;Congenital, familial and genetic disorders
10068032;PHACES syndrome;Congenital, familial and genetic disorders
10048734;Phakomatosis;Congenital, familial and genetic disorders
10054879;Phalangeal agenesis;Congenital, familial and genetic disorders
10049212;Phalangeal hypoplasia;Congenital, familial and genetic disorders
10081236;PIK3CA related overgrowth spectrum;Congenital, familial and genetic disorders
10090383;Pilarowski-Bjornsson syndrome;Congenital, familial and genetic disorders
10088621;Pituitary stalk interruption syndrome;Congenital, familial and genetic disorders
10071024;Platelet glycoprotein gene mutation;Congenital, familial and genetic disorders
10057115;Platybasia;Congenital, familial and genetic disorders
10068629;Platyspondylia;Congenital, familial and genetic disorders
10036007;Poland's syndrome;Congenital, familial and genetic disorders
10048834;Polycystic liver disease;Congenital, familial and genetic disorders
10073489;Polymicrogyria;Congenital, familial and genetic disorders
10036172;Porencephaly;Congenital, familial and genetic disorders
10036175;Porokeratosis;Congenital, familial and genetic disorders
10036181;Porphyria;Congenital, familial and genetic disorders
10036182;Porphyria acute;Congenital, familial and genetic disorders
10036186;Porphyria non-acute;Congenital, familial and genetic disorders
10061356;Porphyrin metabolism disorder;Congenital, familial and genetic disorders
10036193;Porphyrinuria;Congenital, familial and genetic disorders
10036329;Postauricular fistula;Congenital, familial and genetic disorders
10053202;Posterior segment of eye anomaly congenital;Congenital, familial and genetic disorders
10036462;Potter's syndrome;Congenital, familial and genetic disorders
10064917;Preternatural anus;Congenital, familial and genetic disorders
10036686;Primary cerebellar degeneration;Congenital, familial and genetic disorders
10064859;Primary immunodeficiency syndrome;Congenital, familial and genetic disorders
10036794;Progeria;Congenital, familial and genetic disorders
10089676;Progressive myoclonic epilepsy;Congenital, familial and genetic disorders
10051292;Protein S deficiency;Congenital, familial and genetic disorders
10074067;Proteus syndrome;Congenital, familial and genetic disorders
10078473;Proximal focal femoral deficiency;Congenital, familial and genetic disorders
10037122;Pseudohermaphroditism;Congenital, familial and genetic disorders
10037123;Pseudohermaphroditism female;Congenital, familial and genetic disorders
10037124;Pseudohermaphroditism male;Congenital, familial and genetic disorders
10037126;Pseudohypoparathyroidism;Congenital, familial and genetic disorders
10050053;Pseudotruncus arteriosus;Congenital, familial and genetic disorders
10037322;Pulmonary aplasia;Congenital, familial and genetic disorders
10037332;Pulmonary arteriovenous fistula;Congenital, familial and genetic disorders
10037337;Pulmonary artery atresia;Congenital, familial and genetic disorders
10037339;Pulmonary artery stenosis congenital;Congenital, familial and genetic disorders
10037407;Pulmonary hypoplasia;Congenital, familial and genetic disorders
10073661;Pulmonary lymphangiectasia;Congenital, familial and genetic disorders
10037419;Pulmonary malformation;Congenital, familial and genetic disorders
10059160;Pulmonary sequestration;Congenital, familial and genetic disorders
10037451;Pulmonary valve stenosis congenital;Congenital, familial and genetic disorders
10037621;Pyloric stenosis;Congenital, familial and genetic disorders
10089480;Pyriform aperture stenosis;Congenital, familial and genetic disorders
10089671;Radial dysplasia;Congenital, familial and genetic disorders
10038031;Rectal atresia;Congenital, familial and genetic disorders
10049191;Red blood cell enzymes abnormal;Congenital, familial and genetic disorders
10064655;Renal aplasia;Congenital, familial and genetic disorders
10038368;Renal arteriovenous malformation;Congenital, familial and genetic disorders
10090293;Renal coloboma syndrome;Congenital, familial and genetic disorders
10038433;Renal dysplasia;Congenital, familial and genetic disorders
10049102;Renal hypoplasia;Congenital, familial and genetic disorders
10038733;Respiratory tract malformation;Congenital, familial and genetic disorders
10038821;Retinal anomaly congenital;Congenital, familial and genetic disorders
10038824;Retinal arteriovenous malformation;Congenital, familial and genetic disorders
10052643;Retinal coloboma;Congenital, familial and genetic disorders
10038914;Retinitis pigmentosa;Congenital, familial and genetic disorders
10050706;Retinopathy congenital;Congenital, familial and genetic disorders
10090354;Rhombencephalosynapsis;Congenital, familial and genetic disorders
10064195;Right ventricle outflow tract obstruction;Congenital, familial and genetic disorders
10076605;Right-to-left cardiac shunt;Congenital, familial and genetic disorders
10039281;Rubinstein-Taybi syndrome;Congenital, familial and genetic disorders
10056659;Sacral hypoplasia;Congenital, familial and genetic disorders
10083307;Saposin C deficiency;Congenital, familial and genetic disorders
10083270;SATB2-associated syndrome;Congenital, familial and genetic disorders
10063540;Schinzel-Giedion syndrome;Congenital, familial and genetic disorders
10073487;Schizencephaly;Congenital, familial and genetic disorders
10083957;Schmid Fraccaro syndrome;Congenital, familial and genetic disorders
10051951;Scimitar syndrome;Congenital, familial and genetic disorders
10070504;Sclerotylosis;Congenital, familial and genetic disorders
10067159;Septo-optic dysplasia;Congenital, familial and genetic disorders
10062267;Septum pellucidum agenesis;Congenital, familial and genetic disorders
10066833;Sertoli-cell-only syndrome;Congenital, familial and genetic disorders
10073677;Severe myoclonic epilepsy of infancy;Congenital, familial and genetic disorders
10083342;Severe primary insulin like growth factor-1 deficiency;Congenital, familial and genetic disorders
10066802;Shone complex;Congenital, familial and genetic disorders
10090250;SHORT syndrome;Congenital, familial and genetic disorders
10062282;Silver-Russell syndrome;Congenital, familial and genetic disorders
10083205;Single atrium;Congenital, familial and genetic disorders
10072457;Sirenomelia;Congenital, familial and genetic disorders
10072610;Skeletal dysplasia;Congenital, familial and genetic disorders
10040869;Skin hypoplasia;Congenital, familial and genetic disorders
10040888;Skin malformation;Congenital, familial and genetic disorders
10090535;SLC6A1 neurodevelopmental disorder;Congenital, familial and genetic disorders
10081680;Smith-Magenis syndrome;Congenital, familial and genetic disorders
10064387;Sotos' syndrome;Congenital, familial and genetic disorders
10041420;Special senses congenital anomaly;Congenital, familial and genetic disorders
10041513;Spherophakia;Congenital, familial and genetic disorders
10041524;Spina bifida;Congenital, familial and genetic disorders
10071011;Spina bifida cystica;Congenital, familial and genetic disorders
10041603;Spinal vessel congenital anomaly;Congenital, familial and genetic disorders
10062350;Spleen malformation;Congenital, familial and genetic disorders
10062920;Spondyloepiphyseal dysplasia;Congenital, familial and genetic disorders
10063402;Stickler's syndrome;Congenital, familial and genetic disorders
10085085;Stiff skin syndrome;Congenital, familial and genetic disorders
10083223;Straddling tricuspid valve;Congenital, familial and genetic disorders
10042265;Sturge-Weber syndrome;Congenital, familial and genetic disorders
10042778;Syndactyly;Congenital, familial and genetic disorders
10042928;Syringomyelia;Congenital, familial and genetic disorders
10089406;Systemic artery to pulmonary artery fistula;Congenital, familial and genetic disorders
10083204;Systemic right ventricle;Congenital, familial and genetic disorders
10043101;Talipes;Congenital, familial and genetic disorders
10043275;Teratogenicity;Congenital, familial and genetic disorders
10059271;Testicular dysplasia;Congenital, familial and genetic disorders
10071249;Thalidomide embryopathy;Congenital, familial and genetic disorders
10089187;Thanatophoric dysplasia;Congenital, familial and genetic disorders
10071719;Thrombocytopenia-absent radius syndrome;Congenital, familial and genetic disorders
10052645;Thymus hypoplasia;Congenital, familial and genetic disorders
10062601;Thyroglossal fistula;Congenital, familial and genetic disorders
10090555;Thyroid agenesis;Congenital, familial and genetic disorders
10062125;Thyroid malformation;Congenital, familial and genetic disorders
10079730;Tibial agenesis;Congenital, familial and genetic disorders
10079368;Tilted disc syndrome;Congenital, familial and genetic disorders
10082952;TORCH infection;Congenital, familial and genetic disorders
10044126;Tourette's disorder;Congenital, familial and genetic disorders
10054955;Tracheal atresia;Congenital, familial and genetic disorders
10044310;Tracheo-oesophageal fistula;Congenital, familial and genetic disorders
10044443;Transposition of the great vessels;Congenital, familial and genetic disorders
10051956;Trichorhinophalangeal syndrome;Congenital, familial and genetic disorders
10044703;Truncus arteriosus persistent;Congenital, familial and genetic disorders
10080584;Tuberous sclerosis complex;Congenital, familial and genetic disorders
10073455;Twin reversed arterial perfusion sequence malformation;Congenital, familial and genetic disorders
10048951;Uhl's anomaly;Congenital, familial and genetic disorders
10090254;Ulegyria;Congenital, familial and genetic disorders
10089179;Ulnar dimelia;Congenital, familial and genetic disorders
10045445;Umbilical artery hypoplasia;Congenital, familial and genetic disorders
10045469;Umbilical malformation;Congenital, familial and genetic disorders
10081548;Unicuspid aortic valve;Congenital, familial and genetic disorders
10045545;Univentricular heart;Congenital, familial and genetic disorders
10066125;Urachal abnormality;Congenital, familial and genetic disorders
10078351;Ureteric atresia;Congenital, familial and genetic disorders
10064895;Urethral atresia;Congenital, familial and genetic disorders
10046479;Urethral valves;Congenital, familial and genetic disorders
10046580;Urinary tract malformation;Congenital, familial and genetic disorders
10067704;Uterine aplasia;Congenital, familial and genetic disorders
10091075;Uterine cervix agenesis;Congenital, familial and genetic disorders
10082605;Uterine cervix canal atresia;Congenital, familial and genetic disorders
10063120;Uterine cervix hypoplasia;Congenital, familial and genetic disorders
10063146;Uterine hypoplasia;Congenital, familial and genetic disorders
10066022;VACTERL syndrome;Congenital, familial and genetic disorders
10077889;Vein of Galen aneurysmal malformation;Congenital, familial and genetic disorders
10053485;Venous angioma of brain;Congenital, familial and genetic disorders
10047296;Ventricular hypoplasia;Congenital, familial and genetic disorders
10047298;Ventricular septal defect;Congenital, familial and genetic disorders
10066907;Vertebral artery hypoplasia;Congenital, familial and genetic disorders
10066242;Vertical talus;Congenital, familial and genetic disorders
10047487;Virilism foetal;Congenital, familial and genetic disorders
10047716;Von Hippel-Lindau disease;Congenital, familial and genetic disorders
10047715;Von Willebrand's disease;Congenital, familial and genetic disorders
10083271;Weaver syndrome;Congenital, familial and genetic disorders
10069402;Wildervanck syndrome;Congenital, familial and genetic disorders
10088125;WNT4 deficiency;Congenital, familial and genetic disorders
10049291;Wolff-Parkinson-White syndrome congenital;Congenital, familial and genetic disorders
10048661;Wyburn Mason's syndrome;Congenital, familial and genetic disorders
10076910;XXX syndrome;Congenital, familial and genetic disorders
10063689;Young's syndrome;Congenital, familial and genetic disorders
10090556;Young-Simpson syndrome;Congenital, familial and genetic disorders
10081208;Zhu-Tokita-Takenouchi-Kim syndrome;Congenital, familial and genetic disorders
10081047;Zika virus associated birth defect;Congenital, familial and genetic disorders
10081048;Zika virus associated microencephaly;Congenital, familial and genetic disorders
10081045;Zika virus associated ocular birth defect;Congenital, familial and genetic disorders
10087739;Acquired deaf mutism;Ear and labyrinth disorders
10065996;Autoimmune inner ear disease;Ear and labyrinth disorders
10010280;Conductive deafness;Ear and labyrinth disorders
10011878;Deafness;Ear and labyrinth disorders
10052556;Deafness bilateral;Ear and labyrinth disorders
10011891;Deafness neurosensory;Ear and labyrinth disorders
10011894;Deafness permanent;Ear and labyrinth disorders
10011900;Deafness transitory;Ear and labyrinth disorders
10048812;Deafness unilateral;Ear and labyrinth disorders
10049934;Endolymphatic hydrops;Ear and labyrinth disorders
10081430;Eosinophilic otitis media;Ear and labyrinth disorders
10063013;Haematotympanum;Ear and labyrinth disorders
10070754;Inner ear infarction;Ear and labyrinth disorders
10023563;Labyrinthine fistula;Ear and labyrinth disorders
10027183;Meniere's disease;Ear and labyrinth disorders
10027757;Mixed deafness;Ear and labyrinth disorders
10080897;Neonatal deafness;Ear and labyrinth disorders
10086116;Noninfective mastoiditis;Ear and labyrinth disorders
10033109;Ototoxicity;Ear and labyrinth disorders
10061373;Sudden hearing loss;Ear and labyrinth disorders
10047385;Vestibular ataxia;Ear and labyrinth disorders
10085357;Acquired hypocalciuric hypercalcaemia;Endocrine disorders
10000599;Acromegaly;Endocrine disorders
10001130;Addison's disease;Endocrine disorders
10068034;Adiposogenital dystrophy;Endocrine disorders
10075903;Adrenal androgen excess;Endocrine disorders
10001337;Adrenal cortex necrosis;Endocrine disorders
10001361;Adrenal haemorrhage;Endocrine disorders
10001367;Adrenal insufficiency;Endocrine disorders
10001371;Adrenal medulla hyperfunction;Endocrine disorders
10001382;Adrenal suppression;Endocrine disorders
10075178;Adrenal thrombosis;Endocrine disorders
10001389;Adrenocortical insufficiency acute;Endocrine disorders
10077821;Apituitarism;Endocrine disorders
10077172;Atrophic thyroiditis;Endocrine disorders
10090022;Autoimmune hypoparathyroidism;Endocrine disorders
10076644;Autoimmune hypothyroidism;Endocrine disorders
10079165;Autoimmune thyroid disorder;Endocrine disorders
10049046;Autoimmune thyroiditis;Endocrine disorders
10072251;Carcinoid crisis;Endocrine disorders
10007270;Carcinoid syndrome;Endocrine disorders
10086754;Central hypothyroidism;Endocrine disorders
10011652;Cushing's syndrome;Endocrine disorders
10089072;Decompensated hypothyroidism;Endocrine disorders
10012599;Diabetes insipidus;Endocrine disorders
10087520;Diencephalic syndrome;Endocrine disorders
10014146;Ectopic ACTH syndrome;Endocrine disorders
10014148;Ectopic aldosterone secretion;Endocrine disorders
10014149;Ectopic antidiuretic hormone secretion;Endocrine disorders
10014152;Ectopic calcitonin production;Endocrine disorders
10014153;Ectopic chorionic gonadotrophin secretion;Endocrine disorders
10014158;Ectopic growth hormone secretion;Endocrine disorders
10061115;Ectopic hormone secretion;Endocrine disorders
10014170;Ectopic prolactin secretion;Endocrine disorders
10014171;Ectopic renin secretion;Endocrine disorders
10018265;Gigantism;Endocrine disorders
10072079;Glucocorticoid deficiency;Endocrine disorders
10018706;Graves' disease;Endocrine disorders
10056438;Growth hormone deficiency;Endocrine disorders
10079902;Haemorrhagic adrenal infarction;Endocrine disorders
10067873;Hashitoxicosis;Endocrine disorders
10020562;Hyperadrenalism;Endocrine disorders
10020564;Hyperadrenocorticism;Endocrine disorders
10020571;Hyperaldosteronism;Endocrine disorders
10051161;Hyperglucagonaemia;Endocrine disorders
10020716;Hyperpituitarism;Endocrine disorders
10020719;Hyperplasia adrenal;Endocrine disorders
10075897;Hyperprogesteronism;Endocrine disorders
10020737;Hyperprolactinaemia;Endocrine disorders
10020850;Hyperthyroidism;Endocrine disorders
10021111;Hypothalamo-pituitary disorder;Endocrine disorders
10021114;Hypothyroidism;Endocrine disorders
10087712;Hypothyroxinaemia in pregnancy;Endocrine disorders
10085547;Immune-mediated adrenal insufficiency;Endocrine disorders
10078964;Immune-mediated endocrinopathy;Endocrine disorders
10083517;Immune-mediated hyperthyroidism;Endocrine disorders
10085025;Immune-mediated hypophysitis;Endocrine disorders
10083075;Immune-mediated hypothyroidism;Endocrine disorders
10083071;Immune-mediated thyroiditis;Endocrine disorders
10053198;Inappropriate antidiuretic hormone secretion;Endocrine disorders
10068828;Marine Lenhart syndrome;Endocrine disorders
10072080;Mineralocorticoid deficiency;Endocrine disorders
10028665;Myxoedema;Endocrine disorders
10059051;Parathyroid haemorrhage;Endocrine disorders
10056447;Pituitary apoplexy;Endocrine disorders
10049760;Pituitary haemorrhage;Endocrine disorders
10035092;Pituitary infarction;Endocrine disorders
10089139;Pituitary xanthogranuloma;Endocrine disorders
10065161;Polycystic ovarian syndrome;Endocrine disorders
10036072;Polyglandular autoimmune syndrome type I;Endocrine disorders
10036073;Polyglandular autoimmune syndrome type II;Endocrine disorders
10036074;Polyglandular disorder;Endocrine disorders
10036297;Postpartum hypopituitarism;Endocrine disorders
10052381;Primary adrenal insufficiency;Endocrine disorders
10075899;Primary hyperthyroidism;Endocrine disorders
10075900;Primary hypoparathyroidism;Endocrine disorders
10089679;Pseudo Cushing's syndrome;Endocrine disorders
10075896;Pubertal failure;Endocrine disorders
10039808;Secondary aldosteronism;Endocrine disorders
10053260;Secondary hyperthyroidism;Endocrine disorders
10042028;Steroid withdrawal syndrome;Endocrine disorders
10086017;Tertiary adrenal insufficiency;Endocrine disorders
10068107;Thyroid fibrosis;Endocrine disorders
10064224;Thyroid haemorrhage;Endocrine disorders
10043780;Thyroiditis acute;Endocrine disorders
10043786;Thyrotoxic crisis;Endocrine disorders
10090557;Thyrotropin releasing hormone deficiency;Endocrine disorders
10075050;Toxic goitre;Endocrine disorders
10044242;Toxic nodular goitre;Endocrine disorders
10086462;Acquired hypertrophy of the retinal pigment epithelium;Eye disorders
10064659;Acquired lenticonus;Eye disorders
10086444;Acute macular neuroretinopathy;Eye disorders
10078300;Acute myopia;Eye disorders
10064930;Age-related macular degeneration;Eye disorders
10001902;Amaurosis;Eye disorders
10001903;Amaurosis fugax;Eye disorders
10086436;Anaemic retinopathy;Eye disorders
10002500;Angle closure glaucoma;Eye disorders
10071684;Anterior chamber collapse;Eye disorders
10058664;Anterior chamber crystallisation;Eye disorders
10002681;Anterior chamber degeneration;Eye disorders
10061641;Anterior chamber disorder;Eye disorders
10054765;Anterior chamber inflammation;Eye disorders
10076692;Anterior segment ischaemia;Eye disorders
10086342;Anterior segment neovascularisation;Eye disorders
10002945;Aphakia;Eye disorders
10063452;Arteriosclerotic retinopathy;Eye disorders
10069649;Atopic cataract;Eye disorders
10069664;Atopic keratoconjunctivitis;Eye disorders
10065684;Atrophy of globe;Eye disorders
10081123;Autoimmune eye disorder;Eye disorders
10071578;Autoimmune retinopathy;Eye disorders
10075690;Autoimmune uveitis;Eye disorders
10089433;Blepharokeratoconjunctivitis;Eye disorders
10005169;Blindness;Eye disorders
10005177;Blindness cortical;Eye disorders
10005178;Blindness day;Eye disorders
10005184;Blindness transient;Eye disorders
10005186;Blindness unilateral;Eye disorders
10007739;Cataract;Eye disorders
10007748;Cataract cortical;Eye disorders
10007759;Cataract nuclear;Eye disorders
10086644;Central serous chorioretinopathy;Eye disorders
10081186;Central vision loss;Eye disorders
10008585;Chloropsia;Eye disorders
10074331;Cholesterolosis bulbi;Eye disorders
10063118;Chorioretinopathy;Eye disorders
10008783;Choroidal detachment;Eye disorders
10008785;Choroidal dystrophy;Eye disorders
10063970;Choroidal effusion;Eye disorders
10068642;Choroidal haematoma;Eye disorders
10008786;Choroidal haemorrhage;Eye disorders
10057403;Choroidal infarction;Eye disorders
10060823;Choroidal neovascularisation;Eye disorders
10008790;Choroidal rupture;Eye disorders
10052486;Choroidal sclerosis;Eye disorders
10008792;Choroiditis;Eye disorders
10009181;Ciliary body degeneration;Eye disorders
10057417;Ciliary body haemorrhage;Eye disorders
10068351;Ciliary zonular dehiscence;Eye disorders
10056667;Cogan's syndrome;Eye disorders
10010696;Conjunctival adhesion;Eye disorders
10010705;Conjunctival degeneration;Eye disorders
10010716;Conjunctival erosion;Eye disorders
10010718;Conjunctival granuloma;Eye disorders
10010736;Conjunctival ulcer;Eye disorders
10075398;Conjunctivalisation;Eye disorders
10075402;Contact lens acute red eye;Eye disorders
10077604;Cornea verticillata;Eye disorders
10051558;Corneal bleeding;Eye disorders
10061787;Corneal cyst;Eye disorders
10052117;Corneal decompensation;Eye disorders
10010996;Corneal degeneration;Eye disorders
10062621;Corneal endotheliitis;Eye disorders
10080786;Corneal epithelial wrinkling;Eye disorders
10011010;Corneal epithelium defect;Eye disorders
10064489;Corneal exfoliation;Eye disorders
10055015;Corneal hypertrophy;Eye disorders
10066968;Corneal leukoma;Eye disorders
10055665;Corneal neovascularisation;Eye disorders
10011035;Corneal opacity;Eye disorders
10011039;Corneal perforation;Eye disorders
10011048;Corneal staphyloma;Eye disorders
10076660;Cortical visual impairment;Eye disorders
10052119;Cyclitic membrane;Eye disorders
10011715;Cyclitis;Eye disorders
10058202;Cystoid macular oedema;Eye disorders
10012141;Deformity of orbit;Eye disorders
10012532;Detached Descemet's membrane;Eye disorders
10071004;Detachment of macular retinal pigment epithelium;Eye disorders
10052501;Detachment of retinal pigment epithelium;Eye disorders
10078228;Diffuse uveal melanocytic proliferation;Eye disorders
10075567;Dry age-related macular degeneration;Eye disorders
10057429;Eales' disease;Eye disorders
10079167;Ectropion uveae;Eye disorders
10060742;Endocrine ophthalmopathy;Eye disorders
10074026;Exfoliation glaucoma;Eye disorders
10015683;Exophthalmos;Eye disorders
10015901;Exudative retinopathy;Eye disorders
10083006;Eye infarction;Eye disorders
10065088;Eye muscle entrapment;Eye disorders
10076060;Eyelid myoclonus;Eye disorders
10016760;Flat anterior chamber of eye;Eye disorders
10017065;Foster-Kennedy syndrome;Eye disorders
10049511;Fuchs' syndrome;Eye disorders
10056696;Gaze palsy;Eye disorders
10018304;Glaucoma;Eye disorders
10018333;Glaucomatocyclitic crises;Eye disorders
10087733;Glaucomatous optic neuropathy;Eye disorders
10085070;Haemorrhagic occlusive retinal vasculitis;Eye disorders
10019370;Heerfordt's syndrome;Eye disorders
10078509;Heteronymous diplopia;Eye disorders
10078508;Homonymous diplopia;Eye disorders
10081899;Hypotony maculopathy;Eye disorders
10021124;Hypotony of eye;Eye disorders
10075997;Idiopathic orbital inflammation;Eye disorders
10087281;Immune-mediated scleritis;Eye disorders
10083069;Immune-mediated uveitis;Eye disorders
10071934;Intraocular haematoma;Eye disorders
10051450;Iridocele;Eye disorders
10022941;Iridocyclitis;Eye disorders
10022942;Iridodialysis;Eye disorders
10067271;Iridoplegia;Eye disorders
10022943;Iridoschisis;Eye disorders
10022945;Iris adhesions;Eye disorders
10022948;Iris atrophy;Eye disorders
10057418;Iris haemorrhage;Eye disorders
10053675;Iris incarceration;Eye disorders
10073929;IRVAN syndrome;Eye disorders
10053703;Keratic precipitates;Eye disorders
10023335;Keratitis interstitial;Eye disorders
10023339;Keratitis sclerosing;Eye disorders
10023353;Keratoconus;Eye disorders
10023361;Keratomalacia;Eye disorders
10023635;Lacrimal passage granuloma;Eye disorders
10024203;Lens dislocation;Eye disorders
10024214;Lenticular opacities;Eye disorders
10024216;Lenticular pigmentation;Eye disorders
10091210;Lupus retinopathy;Eye disorders
10085831;Macular cherry-red spots;Eye disorders
10025407;Macular cyst;Eye disorders
10025409;Macular degeneration;Eye disorders
10075873;Macular detachment;Eye disorders
10071392;Macular fibrosis;Eye disorders
10051058;Macular hole;Eye disorders
10065534;Macular ischaemia;Eye disorders
10025415;Macular oedema;Eye disorders
10025416;Macular opacity;Eye disorders
10065319;Macular rupture;Eye disorders
10081199;Macular telangiectasia;Eye disorders
10084571;Macular thickening;Eye disorders
10025420;Macular vasospasm;Eye disorders
10075386;Malignant exophthalmos;Eye disorders
10079469;Malignant glaucoma;Eye disorders
10089147;Monocular vision;Eye disorders
10064997;Necrotising retinitis;Eye disorders
10048851;Necrotising scleritis;Eye disorders
10071129;Neovascular age-related macular degeneration;Eye disorders
10069093;Non-infectious endophthalmitis;Eye disorders
10074696;Noninfective chorioretinitis;Eye disorders
10074699;Noninfective retinitis;Eye disorders
10081568;Non-proliferative retinopathy;Eye disorders
10067013;Normal tension glaucoma;Eye disorders
10030034;Ocular fistula;Eye disorders
10030043;Ocular hypertension;Eye disorders
10069385;Ocular ischaemic syndrome;Eye disorders
10049168;Ocular myasthenia;Eye disorders
10067776;Ocular pemphigoid;Eye disorders
10057571;Ocular retrobulbar haemorrhage;Eye disorders
10065700;Ocular sarcoidosis;Eye disorders
10067103;Ocular surface disease;Eye disorders
10066926;Ocular vasculitis;Eye disorders
10030071;Oculogyric crisis;Eye disorders
10030348;Open angle glaucoma;Eye disorders
10030863;Ophthalmia nodosa;Eye disorders
10086406;Ophthalmic artery aneurysm;Eye disorders
10086395;Ophthalmic artery occlusion;Eye disorders
10081144;Ophthalmic artery thrombosis;Eye disorders
10087432;Ophthalmic vascular thrombosis;Eye disorders
10074349;Ophthalmic vein thrombosis;Eye disorders
10030875;Ophthalmoplegia;Eye disorders
10030910;Optic atrophy;Eye disorders
10030919;Optic disc haemorrhage;Eye disorders
10057423;Optic disc telangiectasia;Eye disorders
10082596;Optic disc traction syndrome;Eye disorders
10057422;Optic disc vascular disorder;Eye disorders
10030923;Optic discs blurred;Eye disorders
10030924;Optic ischaemic neuropathy;Eye disorders
10076302;Optic nerve compression;Eye disorders
10030931;Optic nerve cupping;Eye disorders
10030936;Optic nerve infarction;Eye disorders
10030941;Optic nerve sheath haemorrhage;Eye disorders
10061323;Optic neuropathy;Eye disorders
10031029;Orbit atrophy;Eye disorders
10066383;Orbital apex syndrome;Eye disorders
10079161;Orbital compartment syndrome;Eye disorders
10031044;Orbital granuloma;Eye disorders
10083565;Orbital haematoma;Eye disorders
10031045;Orbital haemorrhage;Eye disorders
10031050;Orbital myositis;Eye disorders
10083097;Orbital space occupying lesion;Eye disorders
10090426;Outer retinal tubulation;Eye disorders
10085734;Oval pupil;Eye disorders
10080905;Overwear syndrome;Eye disorders
10033683;Panophthalmitis;Eye disorders
10033712;Papilloedema;Eye disorders
10033842;Paralytic lagophthalmos;Eye disorders
10065311;Paraneoplastic retinopathy;Eye disorders
10072042;Parinaud syndrome;Eye disorders
10073286;Pathologic myopia;Eye disorders
10086195;Peripheral exudative haemorrhagic chorioretinopathy;Eye disorders
10034798;Phacolytic glaucoma;Eye disorders
10034910;Phlyctenular keratoconjunctivitis;Eye disorders
10034944;Photokeratitis;Eye disorders
10035015;Pigmentary glaucoma;Eye disorders
10054856;Pigmentary maculopathy;Eye disorders
10063381;Polypoidal choroidal vasculopathy;Eye disorders
10084478;Post thrombotic retinopathy;Eye disorders
10081651;Posterior capsule neovascularisation;Eye disorders
10036346;Posterior capsule opacification;Eye disorders
10057675;Posterior segment of eye anomaly;Eye disorders
10089637;Postictal blindness;Eye disorders
10057896;Proliferative vitreoretinopathy;Eye disorders
10069091;Pseudoendophthalmitis;Eye disorders
10085407;Pseudohypopyon;Eye disorders
10037508;Punctate keratitis;Eye disorders
10037515;Pupil fixed;Eye disorders
10037520;Pupillary block;Eye disorders
10050003;Pupillotonia;Eye disorders
10075189;Purtscher retinopathy;Eye disorders
10038011;Recession of chamber angle of eye;Eye disorders
10064145;Retinal aneurysm;Eye disorders
10079121;Retinal aneurysm rupture;Eye disorders
10038826;Retinal artery embolism;Eye disorders
10038827;Retinal artery occlusion;Eye disorders
10038829;Retinal artery spasm;Eye disorders
10038830;Retinal artery stenosis;Eye disorders
10077911;Retinal collateral vessels;Eye disorders
10038839;Retinal cyst;Eye disorders
10038845;Retinal degeneration;Eye disorders
10038847;Retinal deposits;Eye disorders
10038848;Retinal detachment;Eye disorders
10038857;Retinal dystrophy;Eye disorders
10038862;Retinal exudates;Eye disorders
10071391;Retinal fibrosis;Eye disorders
10038867;Retinal haemorrhage;Eye disorders
10051742;Retinal infarction;Eye disorders
10064833;Retinal infiltrates;Eye disorders
10038871;Retinal ischaemia;Eye disorders
10087077;Retinal microangiopathy;Eye disorders
10055666;Retinal neovascularisation;Eye disorders
10085059;Retinal occlusive vasculitis;Eye disorders
10038886;Retinal oedema;Eye disorders
10069652;Retinal phototoxicity;Eye disorders
10062971;Retinal pigment epithelial tear;Eye disorders
10038893;Retinal pigment epitheliopathy;Eye disorders
10038897;Retinal tear;Eye disorders
10038899;Retinal telangiectasia;Eye disorders
10077890;Retinal thickening;Eye disorders
10048955;Retinal toxicity;Eye disorders
10038901;Retinal vascular disorder;Eye disorders
10038903;Retinal vascular occlusion;Eye disorders
10038905;Retinal vasculitis;Eye disorders
10038907;Retinal vein occlusion;Eye disorders
10073562;Retinal vessel avulsion;Eye disorders
10059081;Retinal white dots syndrome;Eye disorders
10038923;Retinopathy;Eye disorders
10051447;Retinopathy haemorrhagic;Eye disorders
10038926;Retinopathy hypertensive;Eye disorders
10038930;Retinopathy hyperviscosity;Eye disorders
10038933;Retinopathy of prematurity;Eye disorders
10038934;Retinopathy proliferative;Eye disorders
10038935;Retinopathy sickle cell;Eye disorders
10038936;Retinopathy solar;Eye disorders
10061492;Retinoschisis;Eye disorders
10088518;Retrobulbar oedema;Eye disorders
10065569;Rhegmatogenous retinal detachment;Eye disorders
10076381;Schlemm's canal obstruction;Eye disorders
10061509;Scleral degeneration;Eye disorders
10057431;Scleral oedema;Eye disorders
10054763;Scleral thinning;Eye disorders
10039705;Scleritis;Eye disorders
10051126;Scleritis allergic;Eye disorders
10058954;Scleromalacia;Eye disorders
10040114;Serous retinal detachment;Eye disorders
10083187;Serous retinopathy;Eye disorders
10081652;Serpiginous choroiditis;Eye disorders
10080110;Spontaneous hyphaema;Eye disorders
10041951;Staphyloma;Eye disorders
10085595;Subconjunctival fibrosis;Eye disorders
10062958;Subretinal fibrosis;Eye disorders
10069356;Subretinal fluid;Eye disorders
10071935;Subretinal haematoma;Eye disorders
10042441;Sudden visual loss;Eye disorders
10075403;Superior corneal epithelial arcuate lesion;Eye disorders
10042736;Symblepharon;Eye disorders
10042742;Sympathetic ophthalmia;Eye disorders
10043286;Terrien's marginal degeneration;Eye disorders
10051526;Tolosa-Hunt syndrome;Eye disorders
10044135;Toxic cataract;Eye disorders
10044245;Toxic optic neuropathy;Eye disorders
10080316;Tractional retinal detachment;Eye disorders
10064996;Ulcerative keratitis;Eye disorders
10072686;Uveitic glaucoma;Eye disorders
10046851;Uveitis;Eye disorders
10065622;Venous stasis retinopathy;Eye disorders
10081000;Vernal keratoconjunctivitis;Eye disorders
10047511;Vision abnormal neonatal;Eye disorders
10071181;Vitreoretinal traction syndrome;Eye disorders
10047649;Vitreous degeneration;Eye disorders
10047650;Vitreous detachment;Eye disorders
10071936;Vitreous haematoma;Eye disorders
10047655;Vitreous haemorrhage;Eye disorders
10063942;Vitreous loss;Eye disorders
10047661;Vitreous prolapse;Eye disorders
10047663;Vitritis;Eye disorders
10082001;Vogt-Koyanagi-Harada disease;Eye disorders
10048221;Xerophthalmia;Eye disorders
10058808;Abdominal compartment syndrome;Gastrointestinal disorders
10060923;Abdominal hernia obstructive;Gastrointestinal disorders
10074442;Abdominal hernia perforation;Gastrointestinal disorders
10074984;Abdominal incarcerated hernia;Gastrointestinal disorders
10053203;Abdominal strangulated hernia;Gastrointestinal disorders
10067383;Abdominal wall haematoma;Gastrointestinal disorders
10067788;Abdominal wall haemorrhage;Gastrointestinal disorders
10085726;Abdominal wall sinus;Gastrointestinal disorders
10000647;Acute abdomen;Gastrointestinal disorders
10075634;Acute haemorrhagic ulcerative colitis;Gastrointestinal disorders
10080386;Acute oesophageal mucosal lesion;Gastrointestinal disorders
10056977;Alcoholic pancreatitis;Gastrointestinal disorders
10002176;Anal stenosis;Gastrointestinal disorders
10002180;Anal ulcer;Gastrointestinal disorders
10063896;Anal ulcer haemorrhage;Gastrointestinal disorders
10002248;Anastomotic ulcer perforation;Gastrointestinal disorders
10002250;Anastomotic ulcer, obstructive;Gastrointestinal disorders
10051999;Anogenital dysplasia;Gastrointestinal disorders
10076473;Anorectal sensory loss;Gastrointestinal disorders
10002581;Anorectal stenosis;Gastrointestinal disorders
10002582;Anorectal ulcer;Gastrointestinal disorders
10081100;Aortoenteric fistula;Gastrointestinal disorders
10066870;Aorto-oesophageal fistula;Gastrointestinal disorders
10063063;Appendicitis noninfective;Gastrointestinal disorders
10003445;Ascites;Gastrointestinal disorders
10075761;Autoimmune colitis;Gastrointestinal disorders
10081456;Autoimmune enteropathy;Gastrointestinal disorders
10069002;Autoimmune pancreatitis;Gastrointestinal disorders
10004137;Barrett's oesophagus;Gastrointestinal disorders
10087251;Bauhin's valve syndrome;Gastrointestinal disorders
10074150;Biliary ascites;Gastrointestinal disorders
10067442;Bloody peritoneal effluent;Gastrointestinal disorders
10006532;Buccoglossal syndrome;Gastrointestinal disorders
10050399;Chronic gastrointestinal bleeding;Gastrointestinal disorders
10089280;Chronic sclerosing sialadenitis;Gastrointestinal disorders
10079553;Coeliac artery aneurysm;Gastrointestinal disorders
10067325;Coeliac artery stenosis;Gastrointestinal disorders
10009839;Coeliac disease;Gastrointestinal disorders
10009887;Colitis;Gastrointestinal disorders
10058358;Colitis erosive;Gastrointestinal disorders
10009895;Colitis ischaemic;Gastrointestinal disorders
10056979;Colitis microscopic;Gastrointestinal disorders
10009900;Colitis ulcerative;Gastrointestinal disorders
10071161;Colon dysplasia;Gastrointestinal disorders
10009995;Colonic fistula;Gastrointestinal disorders
10009996;Colonic haematoma;Gastrointestinal disorders
10085065;Colo-urethral fistula;Gastrointestinal disorders
10084779;Cord colitis syndrome;Gastrointestinal disorders
10011401;Crohn's disease;Gastrointestinal disorders
10062907;Cronkhite-Canada syndrome;Gastrointestinal disorders
10088625;Delayed passage of meconium;Gastrointestinal disorders
10012723;Diaphragmatic hernia, obstructive;Gastrointestinal disorders
10012741;Diarrhoea haemorrhagic;Gastrointestinal disorders
10056361;Distal intestinal obstruction syndrome;Gastrointestinal disorders
10013536;Diverticular fistula;Gastrointestinal disorders
10061820;Diverticular perforation;Gastrointestinal disorders
10080993;Diverticuloma;Gastrointestinal disorders
10013560;Diverticulum intestinal haemorrhagic;Gastrointestinal disorders
10056512;Dolichocolon acquired;Gastrointestinal disorders
10013830;Duodenal obstruction;Gastrointestinal disorders
10013832;Duodenal perforation;Gastrointestinal disorders
10013836;Duodenal ulcer;Gastrointestinal disorders
10013839;Duodenal ulcer haemorrhage;Gastrointestinal disorders
10013849;Duodenal ulcer perforation;Gastrointestinal disorders
10013850;Duodenal ulcer perforation, obstructive;Gastrointestinal disorders
10013855;Duodenal ulcer, obstructive;Gastrointestinal disorders
10051010;Duodenal varices;Gastrointestinal disorders
10072287;Duodenal vascular ectasia;Gastrointestinal disorders
10013865;Duodenitis haemorrhagic;Gastrointestinal disorders
10075012;Encapsulating peritoneal sclerosis;Gastrointestinal disorders
10090781;Enterocolic phlebitis;Gastrointestinal disorders
10014893;Enterocolitis;Gastrointestinal disorders
10014896;Enterocolitis haemorrhagic;Gastrointestinal disorders
10056991;Enterocolonic fistula;Gastrointestinal disorders
10051425;Enterocutaneous fistula;Gastrointestinal disorders
10062570;Enterovesical fistula;Gastrointestinal disorders
10057271;Eosinophilic colitis;Gastrointestinal disorders
10062532;Erosive duodenitis;Gastrointestinal disorders
10063655;Erosive oesophagitis;Gastrointestinal disorders
10064670;Faecal vomiting;Gastrointestinal disorders
10056325;Faecaloma;Gastrointestinal disorders
10074987;Femoral hernia incarcerated;Gastrointestinal disorders
10074985;Femoral hernia strangulated;Gastrointestinal disorders
10016448;Femoral hernia, obstructive;Gastrointestinal disorders
10052072;Fibrosing colonopathy;Gastrointestinal disorders
10065850;Fistula of small intestine;Gastrointestinal disorders
10074216;Fixed bowel loop;Gastrointestinal disorders
10017649;Gallstone ileus;Gastrointestinal disorders
10051585;Gastric antral vascular ectasia;Gastrointestinal disorders
10076253;Gastric fibrosis;Gastrointestinal disorders
10065713;Gastric fistula;Gastrointestinal disorders
10017788;Gastric haemorrhage;Gastrointestinal disorders
10058035;Gastric ileus;Gastrointestinal disorders
10084858;Gastric infarction;Gastrointestinal disorders
10084861;Gastric ischaemia;Gastrointestinal disorders
10017807;Gastric mucosal hypertrophy;Gastrointestinal disorders
10017815;Gastric perforation;Gastrointestinal disorders
10061970;Gastric stenosis;Gastrointestinal disorders
10017822;Gastric ulcer;Gastrointestinal disorders
10017826;Gastric ulcer haemorrhage;Gastrointestinal disorders
10017829;Gastric ulcer haemorrhage, obstructive;Gastrointestinal disorders
10017835;Gastric ulcer perforation;Gastrointestinal disorders
10017836;Gastric ulcer perforation, obstructive;Gastrointestinal disorders
10017840;Gastric ulcer, obstructive;Gastrointestinal disorders
10051012;Gastric varices;Gastrointestinal disorders
10057572;Gastric varices haemorrhage;Gastrointestinal disorders
10052541;Gastric volvulus;Gastrointestinal disorders
10017857;Gastritis alcoholic haemorrhagic;Gastrointestinal disorders
10017865;Gastritis erosive;Gastrointestinal disorders
10017866;Gastritis haemorrhagic;Gastrointestinal disorders
10017868;Gastritis hypertrophic;Gastrointestinal disorders
10090166;Gastrocolic fistula;Gastrointestinal disorders
10088567;Gastroduodenal artery aneurysm;Gastrointestinal disorders
10053768;Gastroduodenal haemorrhage;Gastrointestinal disorders
10017886;Gastroduodenal ulcer;Gastrointestinal disorders
10059250;Gastrointestinal amyloidosis;Gastrointestinal disorders
10060709;Gastrointestinal erosion;Gastrointestinal disorders
10017877;Gastrointestinal fistula;Gastrointestinal disorders
10017955;Gastrointestinal haemorrhage;Gastrointestinal disorders
10059028;Gastrointestinal ischaemia;Gastrointestinal disorders
10017980;Gastrointestinal mucosal necrosis;Gastrointestinal disorders
10017982;Gastrointestinal necrosis;Gastrointestinal disorders
10061974;Gastrointestinal obstruction;Gastrointestinal disorders
10058061;Gastrointestinal oedema;Gastrointestinal disorders
10018001;Gastrointestinal perforation;Gastrointestinal disorders
10074437;Gastrointestinal polyp haemorrhage;Gastrointestinal disorders
10018007;Gastrointestinal stenosis;Gastrointestinal disorders
10056743;Gastrointestinal ulcer haemorrhage;Gastrointestinal disorders
10061975;Gastrointestinal ulcer perforation;Gastrointestinal disorders
10080561;Gastrointestinal vascular malformation haemorrhagic;Gastrointestinal disorders
10088347;Gastrooesophageal haemorrhage;Gastrointestinal disorders
10067091;Gastropleural fistula;Gastrointestinal disorders
10068792;Gastrosplenic fistula;Gastrointestinal disorders
10018830;Haematemesis;Gastrointestinal disorders
10018836;Haematochezia;Gastrointestinal disorders
10018935;Haemoperitoneum;Gastrointestinal disorders
10059766;Haemorrhagic ascites;Gastrointestinal disorders
10067786;Haemorrhagic erosive gastritis;Gastrointestinal disorders
10085136;Haemorrhagic gastroenteritis;Gastrointestinal disorders
10089844;Haemorrhagic intestinal infarction;Gastrointestinal disorders
10076058;Haemorrhagic necrotic pancreatitis;Gastrointestinal disorders
10090638;Haemorrhagic pancreatic cyst;Gastrointestinal disorders
10074986;Hiatus hernia strangulated;Gastrointestinal disorders
10067357;Hiatus hernia, obstructive;Gastrointestinal disorders
10088882;Idiopathic pancreatitis;Gastrointestinal disorders
10021305;Ileal perforation;Gastrointestinal disorders
10021307;Ileal stenosis;Gastrointestinal disorders
10021309;Ileal ulcer;Gastrointestinal disorders
10021310;Ileal ulcer perforation;Gastrointestinal disorders
10021328;Ileus;Gastrointestinal disorders
10021333;Ileus paralytic;Gastrointestinal disorders
10021335;Ileus spastic;Gastrointestinal disorders
10078961;Immune-mediated enterocolitis;Gastrointestinal disorders
10084296;Immune-mediated gastritis;Gastrointestinal disorders
10090395;Immune-mediated gastrointestinal disorder;Gastrointestinal disorders
10085026;Immune-mediated oesophagitis;Gastrointestinal disorders
10083072;Immune-mediated pancreatitis;Gastrointestinal disorders
10090982;Immune-mediated proctitis;Gastrointestinal disorders
10021518;Impaired gastric emptying;Gastrointestinal disorders
10021612;Incarcerated hiatus hernia;Gastrointestinal disorders
10021613;Incarcerated inguinal hernia;Gastrointestinal disorders
10064492;Incarcerated umbilical hernia;Gastrointestinal disorders
10021972;Inflammatory bowel disease;Gastrointestinal disorders
10075254;Inguinal hernia perforation;Gastrointestinal disorders
10067515;Inguinal hernia strangulated;Gastrointestinal disorders
10022021;Inguinal hernia, obstructive;Gastrointestinal disorders
10022640;Intestinal angina;Gastrointestinal disorders
10076229;Intestinal angioedema;Gastrointestinal disorders
10064749;Intestinal diaphragm disease;Gastrointestinal disorders
10022647;Intestinal fistula;Gastrointestinal disorders
10069829;Intestinal haematoma;Gastrointestinal disorders
10059175;Intestinal haemorrhage;Gastrointestinal disorders
10022657;Intestinal infarction;Gastrointestinal disorders
10022680;Intestinal ischaemia;Gastrointestinal disorders
10022687;Intestinal obstruction;Gastrointestinal disorders
10022694;Intestinal perforation;Gastrointestinal disorders
10022698;Intestinal pseudo-obstruction;Gastrointestinal disorders
10022699;Intestinal stenosis;Gastrointestinal disorders
10063658;Intestinal strangulation;Gastrointestinal disorders
10022714;Intestinal ulcer;Gastrointestinal disorders
10061248;Intestinal ulcer perforation;Gastrointestinal disorders
10071502;Intestinal varices;Gastrointestinal disorders
10078058;Intestinal varices haemorrhage;Gastrointestinal disorders
10056457;Intra-abdominal haematoma;Gastrointestinal disorders
10061249;Intra-abdominal haemorrhage;Gastrointestinal disorders
10070438;Intrinsic factor deficiency;Gastrointestinal disorders
10022863;Intussusception;Gastrointestinal disorders
10074063;Ischaemic enteritis;Gastrointestinal disorders
10070190;Ischaemic gastritis;Gastrointestinal disorders
10066127;Ischaemic pancreatitis;Gastrointestinal disorders
10023174;Jejunal perforation;Gastrointestinal disorders
10023176;Jejunal stenosis;Gastrointestinal disorders
10023177;Jejunal ulcer;Gastrointestinal disorders
10023178;Jejunal ulcer perforation;Gastrointestinal disorders
10052534;Large intestinal haemorrhage;Gastrointestinal disorders
10062062;Large intestinal obstruction;Gastrointestinal disorders
10074061;Large intestinal stenosis;Gastrointestinal disorders
10023799;Large intestinal ulcer;Gastrointestinal disorders
10061262;Large intestinal ulcer haemorrhage;Gastrointestinal disorders
10052497;Large intestinal ulcer perforation;Gastrointestinal disorders
10076369;Large intestine erosion;Gastrointestinal disorders
10023804;Large intestine perforation;Gastrointestinal disorders
10091173;Left-sided portal hypertension;Gastrointestinal disorders
10024396;Leukoplakia oral;Gastrointestinal disorders
10082397;Lichenoid dysplasia;Gastrointestinal disorders
10050953;Lower gastrointestinal haemorrhage;Gastrointestinal disorders
10078414;Lower gastrointestinal perforation;Gastrointestinal disorders
10067750;Lupus pancreatitis;Gastrointestinal disorders
10025538;Malignant ascites;Gastrointestinal disorders
10067576;Malignant dysphagia;Gastrointestinal disorders
10081592;Malignant gastrointestinal obstruction;Gastrointestinal disorders
10026712;Mallory-Weiss syndrome;Gastrointestinal disorders
10051399;Mechanical ileus;Gastrointestinal disorders
10074182;Meconium cyst;Gastrointestinal disorders
10027058;Meconium ileus;Gastrointestinal disorders
10058113;Meconium peritonitis;Gastrointestinal disorders
10027110;Megacolon;Gastrointestinal disorders
10027141;Melaena;Gastrointestinal disorders
10049777;Melaena neonatal;Gastrointestinal disorders
10065560;Mesenteric arteriosclerosis;Gastrointestinal disorders
10079556;Mesenteric artery aneurysm;Gastrointestinal disorders
10027395;Mesenteric artery embolism;Gastrointestinal disorders
10027396;Mesenteric artery stenosis;Gastrointestinal disorders
10027397;Mesenteric artery thrombosis;Gastrointestinal disorders
10071557;Mesenteric haematoma;Gastrointestinal disorders
10060717;Mesenteric haemorrhage;Gastrointestinal disorders
10074525;Mesenteric phlebosclerosis;Gastrointestinal disorders
10027401;Mesenteric vascular insufficiency;Gastrointestinal disorders
10074583;Mesenteric vascular occlusion;Gastrointestinal disorders
10089240;Mesenteric vein aneurysm;Gastrointestinal disorders
10087917;Mesenteric vein embolism;Gastrointestinal disorders
10027402;Mesenteric vein thrombosis;Gastrointestinal disorders
10052317;Mikulicz's syndrome;Gastrointestinal disorders
10051606;Necrotising colitis;Gastrointestinal disorders
10055667;Necrotising enterocolitis neonatal;Gastrointestinal disorders
10049150;Necrotising gastritis;Gastrointestinal disorders
10055668;Necrotising oesophagitis;Gastrointestinal disorders
10084237;Neonatal Crohn's disease;Gastrointestinal disorders
10074159;Neonatal gastrointestinal haemorrhage;Gastrointestinal disorders
10058934;Neonatal intestinal dilatation;Gastrointestinal disorders
10028951;Neonatal intestinal obstruction;Gastrointestinal disorders
10074160;Neonatal intestinal perforation;Gastrointestinal disorders
10062959;Neutropenic colitis;Gastrointestinal disorders
10029957;Obstruction gastric;Gastrointestinal disorders
10079822;Obstructive pancreatitis;Gastrointestinal disorders
10052400;Oedematous pancreatitis;Gastrointestinal disorders
10074074;Oesophageal compression;Gastrointestinal disorders
10030164;Oesophageal dilatation;Gastrointestinal disorders
10050171;Oesophageal dysplasia;Gastrointestinal disorders
10072208;Oesophageal fibrosis;Gastrointestinal disorders
10065835;Oesophageal fistula;Gastrointestinal disorders
10065567;Oesophageal food impaction;Gastrointestinal disorders
10030172;Oesophageal haemorrhage;Gastrointestinal disorders
10077486;Oesophageal intramural haematoma;Gastrointestinal disorders
10072350;Oesophageal mucosal dissection;Gastrointestinal disorders
10077822;Oesophageal mucosal tear;Gastrointestinal disorders
10030178;Oesophageal obstruction;Gastrointestinal disorders
10030181;Oesophageal perforation;Gastrointestinal disorders
10052211;Oesophageal rupture;Gastrointestinal disorders
10030194;Oesophageal stenosis;Gastrointestinal disorders
10030201;Oesophageal ulcer;Gastrointestinal disorders
10030202;Oesophageal ulcer haemorrhage;Gastrointestinal disorders
10052488;Oesophageal ulcer perforation;Gastrointestinal disorders
10030210;Oesophageal varices haemorrhage;Gastrointestinal disorders
10083015;Oesophageal-pulmonary fistula;Gastrointestinal disorders
10030219;Oesophagitis haemorrhagic;Gastrointestinal disorders
10049098;Oesophagitis ulcerative;Gastrointestinal disorders
10084038;Oesophagomediastinal fistula;Gastrointestinal disorders
10077873;Oesophagopleural fistula;Gastrointestinal disorders
10085045;Omental haemorrhage;Gastrointestinal disorders
10077828;Omental necrosis;Gastrointestinal disorders
10085900;Omentitis;Gastrointestinal disorders
10079559;Oral dysplasia;Gastrointestinal disorders
10031023;Oral submucosal fibrosis;Gastrointestinal disorders
10086784;Oral verrucous hyperplasia;Gastrointestinal disorders
10065120;Oroantral fistula;Gastrointestinal disorders
10086568;Oronasal fistula;Gastrointestinal disorders
10088077;Palatal perforation;Gastrointestinal disorders
10033603;Pancreatic atrophy;Gastrointestinal disorders
10071369;Pancreatic cyst rupture;Gastrointestinal disorders
10064858;Pancreatic duct dilatation;Gastrointestinal disorders
10052765;Pancreatic duct obstruction;Gastrointestinal disorders
10065703;Pancreatic duct stenosis;Gastrointestinal disorders
10079281;Pancreatic failure;Gastrointestinal disorders
10074857;Pancreatic fibrosis;Gastrointestinal disorders
10049192;Pancreatic fistula;Gastrointestinal disorders
10033625;Pancreatic haemorrhage;Gastrointestinal disorders
10068239;Pancreatic infarction;Gastrointestinal disorders
10056975;Pancreatic phlegmon;Gastrointestinal disorders
10081762;Pancreatic pseudoaneurysm;Gastrointestinal disorders
10083813;Pancreatic pseudocyst haemorrhage;Gastrointestinal disorders
10083811;Pancreatic pseudocyst rupture;Gastrointestinal disorders
10033645;Pancreatitis;Gastrointestinal disorders
10033647;Pancreatitis acute;Gastrointestinal disorders
10033649;Pancreatitis chronic;Gastrointestinal disorders
10033650;Pancreatitis haemorrhagic;Gastrointestinal disorders
10033654;Pancreatitis necrotising;Gastrointestinal disorders
10033657;Pancreatitis relapsing;Gastrointestinal disorders
10051252;Pancreatolithiasis;Gastrointestinal disorders
10085094;Papilla of Vater sclerosis;Gastrointestinal disorders
10051166;Parotid gland haemorrhage;Gastrointestinal disorders
10034341;Peptic ulcer;Gastrointestinal disorders
10034344;Peptic ulcer haemorrhage;Gastrointestinal disorders
10034354;Peptic ulcer perforation;Gastrointestinal disorders
10034358;Peptic ulcer perforation, obstructive;Gastrointestinal disorders
10034365;Peptic ulcer, obstructive;Gastrointestinal disorders
10073215;Peripancreatic varices;Gastrointestinal disorders
10034665;Peritoneal fibrosis;Gastrointestinal disorders
10058095;Peritoneal haematoma;Gastrointestinal disorders
10065704;Peritoneal necrosis;Gastrointestinal disorders
10064666;Peritoneal perforation;Gastrointestinal disorders
10076607;Peritoneocutaneous fistula;Gastrointestinal disorders
10062898;Peritonitis lupus;Gastrointestinal disorders
10057030;Pneumatosis intestinalis;Gastrointestinal disorders
10048299;Pneumoperitoneum;Gastrointestinal disorders
10068676;Pneumoretroperitoneum;Gastrointestinal disorders
10079446;Portal hypertensive colopathy;Gastrointestinal disorders
10068923;Portal hypertensive enteropathy;Gastrointestinal disorders
10050897;Portal hypertensive gastropathy;Gastrointestinal disorders
10064711;Portal venous gas;Gastrointestinal disorders
10083666;Precancerous lesion of digestive tract;Gastrointestinal disorders
10050173;Prepyloric stenosis;Gastrointestinal disorders
10036778;Proctitis haemorrhagic;Gastrointestinal disorders
10036783;Proctitis ulcerative;Gastrointestinal disorders
10051478;Proctoparalysis;Gastrointestinal disorders
10059344;Protein-losing gastroenteropathy;Gastrointestinal disorders
10075246;Pseudoachalasia;Gastrointestinal disorders
10082607;Rectal dysplasia;Gastrointestinal disorders
10038063;Rectal haemorrhage;Gastrointestinal disorders
10065707;Rectal obstruction;Gastrointestinal disorders
10038073;Rectal perforation;Gastrointestinal disorders
10038079;Rectal stenosis;Gastrointestinal disorders
10038080;Rectal ulcer;Gastrointestinal disorders
10038081;Rectal ulcer haemorrhage;Gastrointestinal disorders
10066892;Rectourethral fistula;Gastrointestinal disorders
10063637;Retroperitoneal effusion;Gastrointestinal disorders
10038979;Retroperitoneal fibrosis;Gastrointestinal disorders
10058360;Retroperitoneal haematoma;Gastrointestinal disorders
10038980;Retroperitoneal haemorrhage;Gastrointestinal disorders
10087975;Retroperitoneal necrosis;Gastrointestinal disorders
10038983;Retroperitoneal oedema;Gastrointestinal disorders
10051689;Retroperitoneum cyst;Gastrointestinal disorders
10074725;Richter's hernia;Gastrointestinal disorders
10039411;Salivary gland fistula;Gastrointestinal disorders
10052535;Small intestinal haemorrhage;Gastrointestinal disorders
10041101;Small intestinal obstruction;Gastrointestinal disorders
10041103;Small intestinal perforation;Gastrointestinal disorders
10062263;Small intestinal stenosis;Gastrointestinal disorders
10061550;Small intestinal ulcer haemorrhage;Gastrointestinal disorders
10052498;Small intestinal ulcer perforation;Gastrointestinal disorders
10041133;Small intestine ulcer;Gastrointestinal disorders
10084829;Splanchnic hypoperfusion;Gastrointestinal disorders
10041645;Splenic artery aneurysm;Gastrointestinal disorders
10078322;Splenic vein aneurysm;Gastrointestinal disorders
10042135;Stomatitis necrotising;Gastrointestinal disorders
10076931;Strangulated umbilical hernia;Gastrointestinal disorders
10042220;Stress ulcer;Gastrointestinal disorders
10085612;Stress ulcer haemorrhage;Gastrointestinal disorders
10084554;Subacute pancreatitis;Gastrointestinal disorders
10085849;Superior mesenteric artery dissection;Gastrointestinal disorders
10054156;Superior mesenteric artery syndrome;Gastrointestinal disorders
10043280;Terminal ileitis;Gastrointestinal disorders
10043626;Thrombosis mesenteric vessel;Gastrointestinal disorders
10051652;Tongue dysplasia;Gastrointestinal disorders
10074540;Tongue infarction;Gastrointestinal disorders
10090653;Tortuous oesophagus;Gastrointestinal disorders
10044145;Toxic dilatation of intestine;Gastrointestinal disorders
10062363;Truncus coeliacus thrombosis;Gastrointestinal disorders
10080994;Ulcerative duodenitis;Gastrointestinal disorders
10069568;Ultrafiltration failure;Gastrointestinal disorders
10066993;Umbilical hernia perforation;Gastrointestinal disorders
10045467;Umbilical hernia, obstructive;Gastrointestinal disorders
10046274;Upper gastrointestinal haemorrhage;Gastrointestinal disorders
10078413;Upper gastrointestinal perforation;Gastrointestinal disorders
10063709;Uraemic gastropathy;Gastrointestinal disorders
10075004;Urinary ascites;Gastrointestinal disorders
10048319;Vasculitis gastrointestinal;Gastrointestinal disorders
10077829;Visceral venous thrombosis;Gastrointestinal disorders
10047697;Volvulus;Gastrointestinal disorders
10065666;Volvulus of small bowel;Gastrointestinal disorders
10079750;Abnormal organ growth;General disorders and administration site conditions
10079759;Abnormal organ maturation;General disorders and administration site conditions
10063746;Accidental death;General disorders and administration site conditions
10075942;Administration site ischaemia;General disorders and administration site conditions
10075956;Administration site necrosis;General disorders and administration site conditions
10075968;Administration site thrombosis;General disorders and administration site conditions
10048664;Agonal death struggle;General disorders and administration site conditions
10067476;Apparent death;General disorders and administration site conditions
10076008;Application site ischaemia;General disorders and administration site conditions
10003048;Application site necrosis;General disorders and administration site conditions
10076026;Application site thrombosis;General disorders and administration site conditions
10078895;Artificial blood vessel occlusion;General disorders and administration site conditions
10075122;Autoresuscitation;General disorders and administration site conditions
10049054;Brain death;General disorders and administration site conditions
10049993;Cardiac death;General disorders and administration site conditions
10074002;Catheter site ischaemia;General disorders and administration site conditions
10056295;Catheter site necrosis;General disorders and administration site conditions
10079523;Catheter site thrombosis;General disorders and administration site conditions
10086201;Chronic inflammatory response syndrome;General disorders and administration site conditions
10083493;Clinical death;General disorders and administration site conditions
10077264;Critical illness;General disorders and administration site conditions
10011906;Death;General disorders and administration site conditions
10011912;Death neonatal;General disorders and administration site conditions
10074896;Device embolisation;General disorders and administration site conditions
10077455;Device related thrombosis;General disorders and administration site conditions
10087621;Distal stent-induced new entry;General disorders and administration site conditions
10013647;Drowning;General disorders and administration site conditions
10058729;Embolia cutis medicamentosa;General disorders and administration site conditions
10016562;Fever neonatal;General disorders and administration site conditions
10073770;Haemophilic pseudotumour;General disorders and administration site conditions
10061207;Hernia obstructive;General disorders and administration site conditions
10075255;Hernia perforation;General disorders and administration site conditions
10020741;Hyperpyrexia;General disorders and administration site conditions
10020844;Hyperthermia malignant;General disorders and administration site conditions
10021113;Hypothermia;General disorders and administration site conditions
10090972;Immune-mediated mucositis;General disorders and administration site conditions
10088550;Immune-mediated polyserositis;General disorders and administration site conditions
10063861;Implant site ischaemia;General disorders and administration site conditions
10063863;Implant site necrosis;General disorders and administration site conditions
10063868;Implant site thrombosis;General disorders and administration site conditions
10021610;Incarcerated hernia;General disorders and administration site conditions
10065474;Infusion site ischaemia;General disorders and administration site conditions
10065478;Infusion site necrosis;General disorders and administration site conditions
10065489;Infusion site thrombosis;General disorders and administration site conditions
10048648;Injection site ischaemia;General disorders and administration site conditions
10022082;Injection site necrosis;General disorders and administration site conditions
10022104;Injection site thrombosis;General disorders and administration site conditions
10073616;Instillation site necrosis;General disorders and administration site conditions
10073625;Instillation site thrombosis;General disorders and administration site conditions
10024860;Loss of control of legs;General disorders and administration site conditions
10076115;Medical device site ischaemia;General disorders and administration site conditions
10076130;Medical device site necrosis;General disorders and administration site conditions
10076145;Medical device site thrombosis;General disorders and administration site conditions
10067993;Mucosal necrosis;General disorders and administration site conditions
10077361;Multiple organ dysfunction syndrome;General disorders and administration site conditions
10028851;Necrosis;General disorders and administration site conditions
10050401;Neonatal multi-organ failure;General disorders and administration site conditions
10061317;Oedema neonatal;General disorders and administration site conditions
10051994;Pacemaker syndrome;General disorders and administration site conditions
10080973;Pathological dissection;General disorders and administration site conditions
10034244;Pelvic fibrosis;General disorders and administration site conditions
10062065;Perforated ulcer;General disorders and administration site conditions
10049779;Peripheral oedema neonatal;General disorders and administration site conditions
10036141;Polyserositis;General disorders and administration site conditions
10083553;Precancerous condition;General disorders and administration site conditions
10068367;Precancerous mucosal lesion;General disorders and administration site conditions
10076700;Premature baby death;General disorders and administration site conditions
10085296;Prosthetic cardiac valve calcification;General disorders and administration site conditions
10085295;Prosthetic cardiac valve fibrosis;General disorders and administration site conditions
10090249;Prosthetic cardiac valve obstruction;General disorders and administration site conditions
10087802;Prosthetic cardiac valve regurgitation;General disorders and administration site conditions
10080073;Prosthetic cardiac valve stenosis;General disorders and administration site conditions
10063176;Prosthetic cardiac valve thrombosis;General disorders and administration site conditions
10064396;Stent-graft endoleak;General disorders and administration site conditions
10042166;Strangulated hernia;General disorders and administration site conditions
10049418;Sudden cardiac death;General disorders and administration site conditions
10042434;Sudden death;General disorders and administration site conditions
10042440;Sudden infant death syndrome;General disorders and administration site conditions
10063894;Sudden unexplained death in epilepsy;General disorders and administration site conditions
10051379;Systemic inflammatory response syndrome;General disorders and administration site conditions
10077416;Terminal agitation;General disorders and administration site conditions
10048669;Terminal state;General disorders and administration site conditions
10056697;Tissue anoxia;General disorders and administration site conditions
10076170;Vaccination site ischaemia;General disorders and administration site conditions
10069625;Vaccination site necrosis;General disorders and administration site conditions
10076190;Vaccination site thrombosis;General disorders and administration site conditions
10080803;Vascular device occlusion;General disorders and administration site conditions
10077143;Vascular stent occlusion;General disorders and administration site conditions
10077144;Vascular stent stenosis;General disorders and administration site conditions
10063934;Vascular stent thrombosis;General disorders and administration site conditions
10070649;Vessel puncture site thrombosis;General disorders and administration site conditions
10065768;Visceral oedema;General disorders and administration site conditions
10090325;Acute cholecystitis necrotic;Hepatobiliary disorders
10000746;Acute fatty liver of pregnancy;Hepatobiliary disorders
10000804;Acute hepatic failure;Hepatobiliary disorders
10077305;Acute on chronic liver failure;Hepatobiliary disorders
10070815;Acute yellow liver atrophy;Hepatobiliary disorders
10071198;Allergic hepatitis;Hepatobiliary disorders
10080576;Alloimmune hepatitis;Hepatobiliary disorders
10067376;Ampulla of Vater stenosis;Hepatobiliary disorders
10083636;Autoimmune cholangitis;Hepatobiliary disorders
10003827;Autoimmune hepatitis;Hepatobiliary disorders
10058941;Bile duct necrosis;Hepatobiliary disorders
10051341;Bile duct stenosis;Hepatobiliary disorders
10004637;Bile duct stone;Hepatobiliary disorders
10004659;Biliary cirrhosis;Hepatobiliary disorders
10057202;Biliary dilatation;Hepatobiliary disorders
10004664;Biliary fibrosis;Hepatobiliary disorders
10004665;Biliary fistula;Hepatobiliary disorders
10058441;Biliary ischaemia;Hepatobiliary disorders
10084247;Biliary obstruction;Hepatobiliary disorders
10080163;Biliary-bronchial fistula;Hepatobiliary disorders
10061009;Bilirubin excretion disorder;Hepatobiliary disorders
10072044;Biloma rupture;Hepatobiliary disorders
10006537;Budd-Chiari syndrome;Hepatobiliary disorders
10054936;Cardiac cirrhosis;Hepatobiliary disorders
10053629;Cholangiectasis acquired;Hepatobiliary disorders
10008602;Cholangiolitis;Hepatobiliary disorders
10008604;Cholangitis;Hepatobiliary disorders
10008605;Cholangitis acute;Hepatobiliary disorders
10061760;Cholangitis chronic;Hepatobiliary disorders
10008609;Cholangitis sclerosing;Hepatobiliary disorders
10086455;Cholecystic intraepithelial neoplasia;Hepatobiliary disorders
10008612;Cholecystitis;Hepatobiliary disorders
10008614;Cholecystitis acute;Hepatobiliary disorders
10008617;Cholecystitis chronic;Hepatobiliary disorders
10049634;Cholecystocholangitis;Hepatobiliary disorders
10008630;Cholelithiasis obstructive;Hepatobiliary disorders
10008635;Cholestasis;Hepatobiliary disorders
10049055;Cholestasis of pregnancy;Hepatobiliary disorders
10067969;Cholestatic liver injury;Hepatobiliary disorders
10057573;Chronic hepatic failure;Hepatobiliary disorders
10008909;Chronic hepatitis;Hepatobiliary disorders
10009208;Cirrhosis alcoholic;Hepatobiliary disorders
10084058;Congestive hepatopathy;Hepatobiliary disorders
10063075;Cryptogenic cirrhosis;Hepatobiliary disorders
10052383;Dilatation intrahepatic duct acquired;Hepatobiliary disorders
10072268;Drug-induced liver injury;Hepatobiliary disorders
10088869;Eosinophilic cholangitis;Hepatobiliary disorders
10088969;Eosinophilic cholecystitis;Hepatobiliary disorders
10089967;Eosinophilic hepatitis;Hepatobiliary disorders
10084797;Flood syndrome;Hepatobiliary disorders
10062693;Gallbladder enlargement;Hepatobiliary disorders
10017631;Gallbladder fistula;Hepatobiliary disorders
10085893;Gallbladder haematoma;Hepatobiliary disorders
10080936;Gallbladder hypofunction;Hepatobiliary disorders
10057987;Gallbladder mucocoele;Hepatobiliary disorders
10017636;Gallbladder obstruction;Hepatobiliary disorders
10017637;Gallbladder oedema;Hepatobiliary disorders
10081151;Gallbladder rupture;Hepatobiliary disorders
10072319;Gallbladder varices;Hepatobiliary disorders
10074476;Gallbladder volvulus;Hepatobiliary disorders
10018704;Granulomatous liver disease;Hepatobiliary disorders
10058947;Haemobilia;Hepatobiliary disorders
10082088;Haemorrhagic cholecystitis;Hepatobiliary disorders
10067796;Haemorrhagic hepatic cyst;Hepatobiliary disorders
10075251;Hepatic amyloidosis;Hepatobiliary disorders
10019634;Hepatic artery aneurysm;Hepatobiliary disorders
10019635;Hepatic artery embolism;Hepatobiliary disorders
10087132;Hepatic artery haemorrhage;Hepatobiliary disorders
10051991;Hepatic artery occlusion;Hepatobiliary disorders
10051199;Hepatic artery stenosis;Hepatobiliary disorders
10019636;Hepatic artery thrombosis;Hepatobiliary disorders
10019637;Hepatic atrophy;Hepatobiliary disorders
10019641;Hepatic cirrhosis;Hepatobiliary disorders
10053973;Hepatic cyst ruptured;Hepatobiliary disorders
10049199;Hepatic cytolysis;Hepatobiliary disorders
10056302;Hepatic dysplasia;Hepatobiliary disorders
10019663;Hepatic failure;Hepatobiliary disorders
10019668;Hepatic fibrosis;Hepatobiliary disorders
10019676;Hepatic haematoma;Hepatobiliary disorders
10019677;Hepatic haemorrhage;Hepatobiliary disorders
10084751;Hepatic hypoperfusion;Hepatobiliary disorders
10019680;Hepatic infarction;Hepatobiliary disorders
10056328;Hepatic ischaemia;Hepatobiliary disorders
10019692;Hepatic necrosis;Hepatobiliary disorders
10083840;Hepatic perfusion disorder;Hepatobiliary disorders
10077215;Hepatic steato-fibrosis;Hepatobiliary disorders
10090988;Hepatic vascular fistula;Hepatobiliary disorders
10074494;Hepatic vascular thrombosis;Hepatobiliary disorders
10078810;Hepatic vein embolism;Hepatobiliary disorders
10058991;Hepatic vein occlusion;Hepatobiliary disorders
10051734;Hepatic vein stenosis;Hepatobiliary disorders
10019713;Hepatic vein thrombosis;Hepatobiliary disorders
10019717;Hepatitis;Hepatobiliary disorders
10019727;Hepatitis acute;Hepatobiliary disorders
10019728;Hepatitis alcoholic;Hepatobiliary disorders
10019754;Hepatitis cholestatic;Hepatobiliary disorders
10019755;Hepatitis chronic active;Hepatobiliary disorders
10019759;Hepatitis chronic persistent;Hepatobiliary disorders
10019772;Hepatitis fulminant;Hepatobiliary disorders
10019785;Hepatitis neonatal;Hepatobiliary disorders
10019795;Hepatitis toxic;Hepatobiliary disorders
10019834;Hepatocellular damage neonatal;Hepatobiliary disorders
10019837;Hepatocellular injury;Hepatobiliary disorders
10019845;Hepatorenal failure;Hepatobiliary disorders
10019846;Hepatorenal syndrome;Hepatobiliary disorders
10019848;Hepatosplenomegaly neonatal;Hepatobiliary disorders
10019851;Hepatotoxicity;Hepatobiliary disorders
10056972;Hydrocholecystis;Hepatobiliary disorders
10020578;Hyperbilirubinaemia;Hepatobiliary disorders
10083406;Immune-mediated cholangitis;Hepatobiliary disorders
10084765;Immune-mediated cholestasis;Hepatobiliary disorders
10083521;Immune-mediated hepatic disorder;Hepatobiliary disorders
10078962;Immune-mediated hepatitis;Hepatobiliary disorders
10090364;Inspissated bile syndrome;Hepatobiliary disorders
10084002;Ischaemic cholecystitis;Hepatobiliary disorders
10023025;Ischaemic hepatitis;Hepatobiliary disorders
10023129;Jaundice cholestatic;Hepatobiliary disorders
10023136;Jaundice hepatocellular;Hepatobiliary disorders
10052550;Liver induration;Hepatobiliary disorders
10067125;Liver injury;Hepatobiliary disorders
10068664;Liver sarcoidosis;Hepatobiliary disorders
10025129;Lupoid hepatic cirrhosis;Hepatobiliary disorders
10067737;Lupus hepatitis;Hepatobiliary disorders
10081590;Malignant biliary obstruction;Hepatobiliary disorders
10090856;Metabolic dysfunction-associated steatohepatitis;Hepatobiliary disorders
10066758;Mixed liver injury;Hepatobiliary disorders
10056528;Neonatal cholestasis;Hepatobiliary disorders
10049995;Neonatal hepatomegaly;Hepatobiliary disorders
10051081;Nodular regenerative hyperplasia;Hepatobiliary disorders
10077259;Non-cirrhotic portal hypertension;Hepatobiliary disorders
10034405;Perforation bile duct;Hepatobiliary disorders
10068821;Periportal oedema;Hepatobiliary disorders
10034643;Periportal sinus dilatation;Hepatobiliary disorders
10066004;Pneumobilia;Hepatobiliary disorders
10050899;Porcelain gallbladder;Hepatobiliary disorders
10074726;Portal fibrosis;Hepatobiliary disorders
10036200;Portal hypertension;Hepatobiliary disorders
10087656;Portal hypertensive biliopathy;Hepatobiliary disorders
10036204;Portal shunt;Hepatobiliary disorders
10075331;Portal tract inflammation;Hepatobiliary disorders
10073979;Portal vein cavernous transformation;Hepatobiliary disorders
10073209;Portal vein dilatation;Hepatobiliary disorders
10082030;Portal vein embolism;Hepatobiliary disorders
10058989;Portal vein occlusion;Hepatobiliary disorders
10036205;Portal vein phlebitis;Hepatobiliary disorders
10051733;Portal vein stenosis;Hepatobiliary disorders
10036206;Portal vein thrombosis;Hepatobiliary disorders
10077623;Portosplenomesenteric venous thrombosis;Hepatobiliary disorders
10076501;Pseudocirrhosis;Hepatobiliary disorders
10080679;Regenerative siderotic hepatic nodule;Hepatobiliary disorders
10067338;Retrograde portal vein flow;Hepatobiliary disorders
10039012;Reye's syndrome;Hepatobiliary disorders
10066424;Sphincter of Oddi dysfunction;Hepatobiliary disorders
10069107;Stauffer's syndrome;Hepatobiliary disorders
10076331;Steatohepatitis;Hepatobiliary disorders
10056956;Subacute hepatic failure;Hepatobiliary disorders
10083383;Subcapsular hepatic haematoma;Hepatobiliary disorders
10088572;Suspected drug-induced liver injury;Hepatobiliary disorders
10054753;Vanishing bile duct syndrome;Hepatobiliary disorders
10047216;Venoocclusive liver disease;Hepatobiliary disorders
10048255;Zieve syndrome;Hepatobiliary disorders
10077929;Acquired complement deficiency disease;Immune system disorders
10076656;Acute allograft nephropathy;Immune system disorders
10066260;Acute graft versus host disease;Immune system disorders
10087216;Acute graft versus host disease in eye;Immune system disorders
10066264;Acute graft versus host disease in intestine;Immune system disorders
10066263;Acute graft versus host disease in liver;Immune system disorders
10066262;Acute graft versus host disease in skin;Immune system disorders
10083513;Acute graft versus host disease oral;Immune system disorders
10002022;Amyloidosis;Immune system disorders
10002198;Anaphylactic reaction;Immune system disorders
10002199;Anaphylactic shock;Immune system disorders
10002216;Anaphylactoid reaction;Immune system disorders
10063119;Anaphylactoid shock;Immune system disorders
10088058;Anti IFN gamma autoantibody syndrome;Immune system disorders
10088388;Antibody-dependent enhancement;Immune system disorders
10050894;Anti-neutrophil cytoplasmic antibody positive vasculitis;Immune system disorders
10086562;ASIA syndrome;Immune system disorders
10061664;Autoimmune disorder;Immune system disorders
10078953;Autoimmune endocrine disorder;Immune system disorders
10090251;Autoimmune myelitis;Immune system disorders
10048396;Bone marrow transplant rejection;Immune system disorders
10007877;Cell-mediated immune deficiency;Immune system disorders
10063209;Chronic allograft nephropathy;Immune system disorders
10066261;Chronic graft versus host disease;Immune system disorders
10083757;Chronic graft versus host disease in eye;Immune system disorders
10072158;Chronic graft versus host disease in intestine;Immune system disorders
10072160;Chronic graft versus host disease in liver;Immune system disorders
10086041;Chronic graft versus host disease in lung;Immune system disorders
10072159;Chronic graft versus host disease in skin;Immune system disorders
10083514;Chronic graft versus host disease oral;Immune system disorders
10011017;Corneal graft rejection;Immune system disorders
10051229;Cryofibrinogenaemia;Immune system disorders
10052015;Cytokine release syndrome;Immune system disorders
10050685;Cytokine storm;Immune system disorders
10064553;Dialysis amyloidosis;Immune system disorders
10076665;Dialysis membrane reaction;Immune system disorders
10050684;Engraftment syndrome;Immune system disorders
10088389;Enhanced respiratory disease;Immune system disorders
10078117;Eosinophilic granulomatosis with polyangiitis;Immune system disorders
10018651;Graft versus host disease;Immune system disorders
10074563;Graft versus host disease in eye;Immune system disorders
10075160;Graft versus host disease in gastrointestinal tract;Immune system disorders
10064676;Graft versus host disease in liver;Immune system disorders
10067742;Graft versus host disease in lung;Immune system disorders
10064675;Graft versus host disease in skin;Immune system disorders
10086651;Graft versus host disease oral;Immune system disorders
10071583;Haemophagocytic lymphohistiocytosis;Immune system disorders
10019315;Heart transplant rejection;Immune system disorders
10019319;Heart-lung transplant rejection;Immune system disorders
10020464;Humoral immune defect;Immune system disorders
10020983;Hypogammaglobulinaemia;Immune system disorders
10089622;Immune effector cell-associated HLH-like syndrome;Immune system disorders
10065042;Immune reconstitution inflammatory syndrome;Immune system disorders
10077392;Immune recovery uveitis;Immune system disorders
10077665;Immune-mediated adverse reaction;Immune system disorders
10061598;Immunodeficiency;Immune system disorders
10021449;Immunodeficiency common variable;Immune system disorders
10062016;Immunosuppression;Immune system disorders
10089568;Immunotoxicity;Immune system disorders
10058142;Intestine transplant rejection;Immune system disorders
10023439;Kidney transplant rejection;Immune system disorders
10051603;Liver and pancreas transplant rejection;Immune system disorders
10024715;Liver transplant rejection;Immune system disorders
10063420;Loefgren syndrome;Immune system disorders
10051604;Lung transplant rejection;Immune system disorders
10051787;Multiple organ transplant rejection;Immune system disorders
10086091;Multisystem inflammatory syndrome;Immune system disorders
10085850;Multisystem inflammatory syndrome in adults;Immune system disorders
10084767;Multisystem inflammatory syndrome in children;Immune system disorders
10084816;Ocular surface stem cell transplant rejection;Immune system disorders
10049169;Pancreas transplant rejection;Immune system disorders
10073596;Passenger lymphocyte syndrome;Immune system disorders
10071735;Pre-engraftment immune reaction;Immune system disorders
10036673;Primary amyloidosis;Immune system disorders
10051610;Renal and pancreas transplant rejection;Immune system disorders
10089050;Rhupus syndrome;Immune system disorders
10039811;Secondary amyloidosis;Immune system disorders
10054979;Secondary immunodeficiency;Immune system disorders
10066906;Selective polysaccharide antibody deficiency;Immune system disorders
10058141;Skin graft rejection;Immune system disorders
10080574;Solid organ transplant rejection;Immune system disorders
10076970;Systemic immune activation;Immune system disorders
10070895;Transfusion associated graft versus host disease;Immune system disorders
10044388;Transient hypogammaglobulinaemia of infancy;Immune system disorders
10044439;Transplant rejection;Immune system disorders
10045240;Type I hypersensitivity;Immune system disorders
10054000;Type II hypersensitivity;Immune system disorders
10053614;Type III immune complex mediated reaction;Immune system disorders
10060921;Abdominal abscess;Infections and infestations
10060922;Abdominal hernia gangrenous;Infections and infestations
10077232;Abdominal hernia infection;Infections and infestations
10056519;Abdominal infection;Infections and infestations
10058040;Abdominal sepsis;Infections and infestations
10000099;Abdominal wall abscess;Infections and infestations
10085683;Abiotrophia defectiva endocarditis;Infections and infestations
10000228;Abortion infected;Infections and infestations
10000285;Abscess intestinal;Infections and infestations
10053573;Abscess jaw;Infections and infestations
10061618;Acanthamoeba infection;Infections and infestations
10069408;Acanthamoeba keratitis;Infections and infestations
10082866;Achromobacter infection;Infections and infestations
10054204;Acid fast bacilli infection;Infections and infestations
10064965;Acinetobacter bacteraemia;Infections and infestations
10051894;Acinetobacter infection;Infections and infestations
10083897;Acinetobacter sepsis;Infections and infestations
10000565;Acquired immunodeficiency syndrome;Infections and infestations
10091066;Actinomyces bacteraemia;Infections and infestations
10000620;Actinomycosis;Infections and infestations
10000621;Actinomycotic abdominal infection;Infections and infestations
10000628;Actinomycotic pulmonary infection;Infections and infestations
10080434;Actinomycotic sepsis;Infections and infestations
10049001;Acute endocarditis;Infections and infestations
10059193;Acute hepatitis B;Infections and infestations
10065051;Acute hepatitis C;Infections and infestations
10000807;Acute HIV infection;Infections and infestations
10001027;Acute pulmonary histoplasmosis;Infections and infestations
10001242;Adenopathy syphilitic;Infections and infestations
10080441;Adenoviral encephalitis;Infections and infestations
10057373;Adenoviral haemorrhagic cystitis;Infections and infestations
10056885;Adenoviral hepatitis;Infections and infestations
10080442;Adenoviral meningitis;Infections and infestations
10079668;Adenovirus encephalomyeloradiculitis;Infections and infestations
10085861;Adenovirus interstitial nephritis;Infections and infestations
10075945;Administration site joint infection;Infections and infestations
10051255;Adrenal gland abscess;Infections and infestations
10001358;Adrenal gland tuberculosis;Infections and infestations
10062269;Adrenalitis;Infections and infestations
10001461;African trypanosomiasis;Infections and infestations
10067092;AIDS cholangiopathy;Infections and infestations
10001513;AIDS related complex;Infections and infestations
10061624;AIDS related complication;Infections and infestations
10053227;AIDS retinopathy;Infections and infestations
10068911;Alcaligenes infection;Infections and infestations
10087601;Algid malaria;Infections and infestations
10082909;Allergic bronchopulmonary mycosis;Infections and infestations
10001754;Allescheriosis;Infections and infestations
10054265;Alpha haemolytic streptococcal infection;Infections and infestations
10069516;Alphaviral infection;Infections and infestations
10001935;American trypanosomiasis;Infections and infestations
10060937;Amniotic cavity infection;Infections and infestations
10051407;Amniotic infection syndrome of Blane;Infections and infestations
10001984;Amoebic brain abscess;Infections and infestations
10001985;Amoebic colitis;Infections and infestations
10001986;Amoebic dysentery;Infections and infestations
10001990;Amoebic lung abscess;Infections and infestations
10001992;Amoebic skin ulcer;Infections and infestations
10086745;Amoeboma;Infections and infestations
10048946;Anal abscess;Infections and infestations
10002149;Anal chlamydia infection;Infections and infestations
10051540;Anal fistula infection;Infections and infestations
10085287;Anal gonococcal infection;Infections and infestations
10078910;Anastomotic infection;Infections and infestations
10002379;Angina gangrenous;Infections and infestations
10069517;Angiostrongylus infection;Infections and infestations
10002533;Anisakiasis;Infections and infestations
10002643;Anorectal cellulitis;Infections and infestations
10060958;Anorectal infection bacterial;Infections and infestations
10002713;Anthrax;Infections and infestations
10058873;Anthrax sepsis;Infections and infestations
10052815;Antibiotic associated colitis;Infections and infestations
10002887;Aortic aneurysm syphilitic;Infections and infestations
10074937;Aortitis salmonella;Infections and infestations
10002923;Aortitis syphilitic;Infections and infestations
10049764;Appendiceal abscess;Infections and infestations
10003011;Appendicitis;Infections and infestations
10003012;Appendicitis perforated;Infections and infestations
10076011;Application site joint infection;Infections and infestations
10067668;Arboviral infection;Infections and infestations
10003085;Arenaviral haemorrhagic fever;Infections and infestations
10003090;Argentine haemorrhagic fever;Infections and infestations
10055124;Arteriovenous fistula site infection;Infections and infestations
10064925;Arteriovenous graft site abscess;Infections and infestations
10055127;Arteriovenous graft site infection;Infections and infestations
10065744;Arteritis infective;Infections and infestations
10053555;Arthritis bacterial;Infections and infestations
10060966;Arthritis fungal;Infections and infestations
10003256;Arthritis gonococcal;Infections and infestations
10060967;Arthritis helminthic;Infections and infestations
10003271;Arthritis salmonella;Infections and infestations
10088771;Arthritis-dermatitis syndrome;Infections and infestations
10003487;Aspergilloma;Infections and infestations
10003489;Aspergillosis oral;Infections and infestations
10074171;Aspergillus infection;Infections and infestations
10003581;Asymptomatic HIV infection;Infections and infestations
10061663;Atypical mycobacterial infection;Infections and infestations
10075026;Atypical mycobacterial lower respiratory tract infection;Infections and infestations
10003755;Atypical mycobacterial lymphadenitis;Infections and infestations
10071075;Atypical mycobacterial pneumonia;Infections and infestations
10055036;Atypical mycobacterium pericarditis;Infections and infestations
10003757;Atypical pneumonia;Infections and infestations
10064097;Avian influenza;Infections and infestations
10074184;Bacillus bacteraemia;Infections and infestations
10003997;Bacteraemia;Infections and infestations
10068547;Bacterascites;Infections and infestations
10078660;Bacterial abdominal infection;Infections and infestations
10004015;Bacterial abscess central nervous system;Infections and infestations
10076770;Bacterial colitis;Infections and infestations
10056501;Bacterial dacryocystitis;Infections and infestations
10004016;Bacterial diarrhoea;Infections and infestations
10084936;Bacterial endophthalmitis;Infections and infestations
10063619;Bacterial iritis;Infections and infestations
10058460;Bacterial labyrinthitis;Infections and infestations
10085526;Bacterial myositis;Infections and infestations
10077487;Bacterial parotitis;Infections and infestations
10004050;Bacterial pericarditis;Infections and infestations
10069918;Bacterial prostatitis;Infections and infestations
10059517;Bacterial pyelonephritis;Infections and infestations
10078662;Bacterial salpingitis;Infections and infestations
10053840;Bacterial sepsis;Infections and infestations
10004053;Bacterial toxaemia;Infections and infestations
10066798;Bacterial tracheitis;Infections and infestations
10070545;Bacterial translocation;Infections and infestations
10058853;Bacteroides bacteraemia;Infections and infestations
10058890;Bacteroides infection;Infections and infestations
10069523;Balamuthia infection;Infections and infestations
10004080;Balantidiasis;Infections and infestations
10004145;Bartonellosis;Infections and infestations
10078160;Bezold abscess;Infections and infestations
10054783;Bifidobacterium infection;Infections and infestations
10062708;Biliary abscess;Infections and infestations
10057847;Biliary sepsis;Infections and infestations
10061695;Biliary tract infection;Infections and infestations
10065202;Biliary tract infection bacterial;Infections and infestations
10067319;Biliary tract infection cryptosporidial;Infections and infestations
10065203;Biliary tract infection fungal;Infections and infestations
10065200;Biliary tract infection helminthic;Infections and infestations
10065201;Biliary tract infection viral;Infections and infestations
10083160;Biloma infected;Infections and infestations
10005098;Blastomycosis;Infections and infestations
10069166;Blebitis;Infections and infestations
10087574;Bloodborne infection;Infections and infestations
10005932;Bolivian haemorrhagic fever;Infections and infestations
10068653;Bone abscess;Infections and infestations
10056377;Bone tuberculosis;Infections and infestations
10006029;Borderline leprosy;Infections and infestations
10052307;Bordetella infection;Infections and infestations
10061591;Borrelia infection;Infections and infestations
10006041;Botulism;Infections and infestations
10006045;Boutonneuse fever;Infections and infestations
10006049;Bovine tuberculosis;Infections and infestations
10006105;Brain abscess;Infections and infestations
10074682;Brain empyema;Infections and infestations
10080439;Brazilian purpuric fever;Infections and infestations
10006171;Breast abscess;Infections and infestations
10006217;Breast cellulitis;Infections and infestations
10006225;Breast discharge infected;Infections and infestations
10078377;Brevibacterium infection;Infections and infestations
10006448;Bronchiolitis;Infections and infestations
10061737;Bronchitis fungal;Infections and infestations
10006460;Bronchitis haemophilus;Infections and infestations
10062486;Bronchitis moraxella;Infections and infestations
10062487;Bronchitis pneumococcal;Infections and infestations
10006473;Bronchopulmonary aspergillosis;Infections and infestations
10006474;Bronchopulmonary aspergillosis allergic;Infections and infestations
10054210;Brucella sepsis;Infections and infestations
10006500;Brucellosis;Infections and infestations
10006520;Bubonic plague;Infections and infestations
10006545;Bulbar poliomyelitis;Infections and infestations
10084059;Bullous erysipelas;Infections and infestations
10069657;Burkholderia cepacia complex infection;Infections and infestations
10069684;Burkholderia cepacia complex sepsis;Infections and infestations
10073030;Burkholderia gladioli infection;Infections and infestations
10073031;Burkholderia infection;Infections and infestations
10069747;Burkholderia mallei infection;Infections and infestations
10069748;Burkholderia pseudomallei infection;Infections and infestations
10088316;Cache Valley virus infection;Infections and infestations
10088115;Campylobacter bacteraemia;Infections and infestations
10076769;Campylobacter colitis;Infections and infestations
10007048;Campylobacter gastroenteritis;Infections and infestations
10070681;Campylobacter sepsis;Infections and infestations
10059449;Candida endophthalmitis;Infections and infestations
10064699;Candida osteomyelitis;Infections and infestations
10053158;Candida pneumonia;Infections and infestations
10068612;Candida retinitis;Infections and infestations
10053166;Candida sepsis;Infections and infestations
10064459;Candidiasis of trachea;Infections and infestations
10007187;Capillariasis;Infections and infestations
10061738;Capnocytophaga infection;Infections and infestations
10081740;Capnocytophaga sepsis;Infections and infestations
10054212;Cardiac infection;Infections and infestations
10087547;Cardiac tuberculosis;Infections and infestations
10064267;Cardiac valve abscess;Infections and infestations
10057651;Cardiac valve vegetation;Infections and infestations
10007658;Cardiovascular syphilis;Infections and infestations
10007904;Cellulitis enterococcal;Infections and infestations
10007905;Cellulitis gangrenous;Infections and infestations
10007907;Cellulitis laryngeal;Infections and infestations
10064929;Cellulitis of male external genital organ;Infections and infestations
10007918;Cellulitis orbital;Infections and infestations
10007919;Cellulitis pasteurella;Infections and infestations
10007920;Cellulitis pharyngeal;Infections and infestations
10007921;Cellulitis staphylococcal;Infections and infestations
10007922;Cellulitis streptococcal;Infections and infestations
10061044;Central nervous system abscess;Infections and infestations
10090884;Central nervous system bacterial infection;Infections and infestations
10061035;Central nervous system enteroviral infection;Infections and infestations
10072805;Central nervous system fungal infection;Infections and infestations
10061036;Central nervous system infection;Infections and infestations
10090002;Central nervous system listeria infection;Infections and infestations
10061037;Central nervous system viral infection;Infections and infestations
10008076;Cerebral aneurysm ruptured syphilitic;Infections and infestations
10051597;Cerebral aspergillosis;Infections and infestations
10078126;Cerebral candidiasis;Infections and infestations
10049657;Cerebral fungal infection;Infections and infestations
10063094;Cerebral malaria;Infections and infestations
10086156;Cerebral nocardiosis;Infections and infestations
10070671;Cerebral septic infarct;Infections and infestations
10057854;Cerebral toxoplasmosis;Infections and infestations
10008326;Cervicitis gonococcal;Infections and infestations
10061039;Cestode infection;Infections and infestations
10080484;Chagas' cardiomyopathy;Infections and infestations
10008392;Chancroid;Infections and infestations
10051568;Chest wall abscess;Infections and infestations
10064525;Chlamydial cervicitis;Infections and infestations
10008565;Chlamydial pelvic inflammatory disease;Infections and infestations
10075445;Cholangitis infective;Infections and infestations
10062631;Cholecystitis infective;Infections and infestations
10008631;Cholera;Infections and infestations
10008761;Choriomeningitis lymphocytic;Infections and infestations
10008769;Chorioretinitis;Infections and infestations
10008779;Choroid tubercles;Infections and infestations
10082848;Chronic active Epstein-Barr virus infection;Infections and infestations
10008910;Chronic hepatitis B;Infections and infestations
10008912;Chronic hepatitis C;Infections and infestations
10009115;Chronic pulmonary histoplasmosis;Infections and infestations
10080263;Citrobacter bacteraemia;Infections and infestations
10051904;Citrobacter infection;Infections and infestations
10054213;Citrobacter sepsis;Infections and infestations
10049205;Clitoris abscess;Infections and infestations
10009344;Clonorchiasis;Infections and infestations
10061043;Clostridial infection;Infections and infestations
10078496;Clostridial sepsis;Infections and infestations
10058852;Clostridium bacteraemia;Infections and infestations
10058305;Clostridium colitis;Infections and infestations
10009657;Clostridium difficile colitis;Infections and infestations
10054236;Clostridium difficile infection;Infections and infestations
10009719;CNS ventriculitis;Infections and infestations
10054214;Coccidioides encephalitis;Infections and infestations
10051782;Colitis herpes;Infections and infestations
10009971;Colon gangrene;Infections and infestations
10073573;Colonic abscess;Infections and infestations
10010022;Colorado tick fever;Infections and infestations
10010046;Colostomy infection;Infections and infestations
10081534;Complicated appendicitis;Infections and infestations
10069722;Complicated malaria;Infections and infestations
10062317;Condyloma latum;Infections and infestations
10010685;Congo-Crimean haemorrhagic fever;Infections and infestations
10010745;Conjunctivitis chlamydial;Infections and infestations
10080825;Conjunctivitis fungal;Infections and infestations
10010754;Conjunctivitis tuberculous;Infections and infestations
10010985;Corneal abscess;Infections and infestations
10061788;Corneal infection;Infections and infestations
10084381;Coronavirus pneumonia;Infections and infestations
10077106;Corynebacterium bacteraemia;Infections and infestations
10061092;Corynebacterium infection;Infections and infestations
10057767;Corynebacterium sepsis;Infections and infestations
10084380;COVID-19 pneumonia;Infections and infestations
10053187;Coxiella infection;Infections and infestations
10011254;Coxsackie carditis;Infections and infestations
10011257;Coxsackie endocarditis;Infections and infestations
10011258;Coxsackie myocarditis;Infections and infestations
10011259;Coxsackie pericarditis;Infections and infestations
10011260;Coxsackie viral disease of the newborn;Infections and infestations
10065765;Cranial nerve infection;Infections and infestations
10011384;Creutzfeldt-Jakob disease;Infections and infestations
10069854;Cronobacter bacteraemia;Infections and infestations
10069855;Cronobacter infection;Infections and infestations
10069939;Cronobacter necrotising enterocolitis;Infections and infestations
10011416;Croup infectious;Infections and infestations
10054216;Cryptococcal cutaneous infection;Infections and infestations
10067112;Cryptococcal fungaemia;Infections and infestations
10084824;Cryptococcal meningoencephalitis;Infections and infestations
10011490;Cryptococcosis;Infections and infestations
10011660;Cutaneous anthrax;Infections and infestations
10059547;Cutaneous larva migrans;Infections and infestations
10011668;Cutaneous leishmaniasis;Infections and infestations
10082722;Cutaneous mucormycosis;Infections and infestations
10011676;Cutaneous sporotrichosis;Infections and infestations
10061802;Cyclosporidium infection;Infections and infestations
10011792;Cystitis gonococcal;Infections and infestations
10048843;Cytomegalovirus chorioretinitis;Infections and infestations
10048983;Cytomegalovirus colitis;Infections and infestations
10049014;Cytomegalovirus duodenitis;Infections and infestations
10049074;Cytomegalovirus enteritis;Infections and infestations
10049015;Cytomegalovirus enterocolitis;Infections and infestations
10049016;Cytomegalovirus gastritis;Infections and infestations
10051349;Cytomegalovirus gastroenteritis;Infections and infestations
10052817;Cytomegalovirus gastrointestinal infection;Infections and infestations
10075619;Cytomegalovirus gastrointestinal ulcer;Infections and infestations
10011830;Cytomegalovirus hepatitis;Infections and infestations
10058666;Cytomegalovirus infection reactivation;Infections and infestations
10011834;Cytomegalovirus mononucleosis;Infections and infestations
10065036;Cytomegalovirus mucocutaneous ulcer;Infections and infestations
10065621;Cytomegalovirus myelomeningoradiculitis;Infections and infestations
10056261;Cytomegalovirus myocarditis;Infections and infestations
10079095;Cytomegalovirus nephritis;Infections and infestations
10049018;Cytomegalovirus oesophagitis;Infections and infestations
10049566;Cytomegalovirus pancreatitis;Infections and infestations
10056721;Cytomegalovirus pericarditis;Infections and infestations
10058854;Cytomegalovirus viraemia;Infections and infestations
10055776;Dengue haemorrhagic fever;Infections and infestations
10087792;Dengue shock syndrome;Infections and infestations
10065268;Dental fistula;Infections and infestations
10063066;Dental gangrene;Infections and infestations
10088408;Dental sepsis;Infections and infestations
10089930;Dermatolymphangioadenitis;Infections and infestations
10065259;Dermo-hypodermitis;Infections and infestations
10084453;Device related bacteraemia;Infections and infestations
10089097;Device related fungaemia;Infections and infestations
10069802;Device related sepsis;Infections and infestations
10012716;Diaphragmatic hernia gangrenous;Infections and infestations
10012744;Diarrhoea infectious neonatal;Infections and infestations
10013023;Diphtheria;Infections and infestations
10080290;Dirofilariasis;Infections and infestations
10080492;Disseminated aspergillosis;Infections and infestations
10076666;Disseminated Bacillus Calmette-Guerin infection;Infections and infestations
10080477;Disseminated blastomycosis;Infections and infestations
10080474;Disseminated coccidioidomycosis;Infections and infestations
10013439;Disseminated cryptococcosis;Infections and infestations
10049075;Disseminated cytomegaloviral infection;Infections and infestations
10090403;Disseminated enteroviral infection;Infections and infestations
10090996;Disseminated Escherichia infection;Infections and infestations
10088773;Disseminated gonococcal infection;Infections and infestations
10090164;Disseminated herpes simplex;Infections and infestations
10013444;Disseminated leishmaniasis;Infections and infestations
10073239;Disseminated mucormycosis;Infections and infestations
10069662;Disseminated mycobacterium avium complex infection;Infections and infestations
10080478;Disseminated paracoccidioidomycosis;Infections and infestations
10080491;Disseminated sporotrichosis;Infections and infestations
10080496;Disseminated strongyloidiasis;Infections and infestations
10083434;Disseminated toxoplasmosis;Infections and infestations
10068185;Disseminated trichosporonosis;Infections and infestations
10013453;Disseminated tuberculosis;Infections and infestations
10084395;Disseminated varicella;Infections and infestations
10076667;Disseminated varicella zoster vaccine virus infection;Infections and infestations
10084396;Disseminated varicella zoster virus infection;Infections and infestations
10013538;Diverticulitis;Infections and infestations
10013541;Diverticulitis intestinal haemorrhagic;Infections and infestations
10084304;Diverticulitis intestinal perforated;Infections and infestations
10049583;Douglas' abscess;Infections and infestations
10013874;Dural abscess;Infections and infestations
10051402;Dysentery;Infections and infestations
10014027;Ear tuberculosis;Infections and infestations
10014071;Ebola disease;Infections and infestations
10014096;Echinococciasis;Infections and infestations
10086751;Echinococciasis of bone;Infections and infestations
10014197;Eczema herpeticum;Infections and infestations
10066042;Eczema vaccinatum;Infections and infestations
10086845;Elsberg syndrome;Infections and infestations
10065680;Embolic pneumonia;Infections and infestations
10052175;Empedobacter brevis infection;Infections and infestations
10056668;Emphysematous cholecystitis;Infections and infestations
10056351;Emphysematous cystitis;Infections and infestations
10068822;Emphysematous pyelonephritis;Infections and infestations
10014568;Empyema;Infections and infestations
10014581;Encephalitis;Infections and infestations
10014583;Encephalitis australia;Infections and infestations
10065185;Encephalitis bacterial;Infections and infestations
10048997;Encephalitis brain stem;Infections and infestations
10014584;Encephalitis california;Infections and infestations
10014586;Encephalitis cytomegalovirus;Infections and infestations
10014587;Encephalitis eastern equine;Infections and infestations
10063946;Encephalitis enteroviral;Infections and infestations
10065170;Encephalitis fungal;Infections and infestations
10014590;Encephalitis herpes;Infections and infestations
10058094;Encephalitis influenzal;Infections and infestations
10014596;Encephalitis Japanese B;Infections and infestations
10052369;Encephalitis lethargica;Infections and infestations
10014597;Encephalitis meningococcal;Infections and infestations
10014598;Encephalitis mumps;Infections and infestations
10061118;Encephalitis protozoal;Infections and infestations
10061119;Encephalitis rickettsial;Infections and infestations
10014611;Encephalitis venezuelan equine;Infections and infestations
10014612;Encephalitis viral;Infections and infestations
10014614;Encephalitis western equine;Infections and infestations
10014619;Encephalomyelitis;Infections and infestations
10086129;Encephalomyelitis bacterial;Infections and infestations
10014622;Encephalomyelitis rubella;Infections and infestations
10086128;Encephalomyelitis viral;Infections and infestations
10049076;End stage AIDS;Infections and infestations
10053025;Endemic syphilis;Infections and infestations
10014665;Endocarditis;Infections and infestations
10014666;Endocarditis bacterial;Infections and infestations
10014669;Endocarditis candida;Infections and infestations
10014671;Endocarditis enterococcal;Infections and infestations
10014674;Endocarditis gonococcal;Infections and infestations
10014675;Endocarditis haemophilus;Infections and infestations
10065327;Endocarditis helminthic;Infections and infestations
10014676;Endocarditis histoplasma;Infections and infestations
10014679;Endocarditis meningococcal;Infections and infestations
10067336;Endocarditis pseudomonal;Infections and infestations
10014682;Endocarditis Q fever;Infections and infestations
10014684;Endocarditis staphylococcal;Infections and infestations
10014685;Endocarditis syphilitic;Infections and infestations
10061837;Endocarditis viral;Infections and infestations
10014791;Endometritis;Infections and infestations
10074861;Endometritis bacterial;Infections and infestations
10014793;Endometritis gonococcal;Infections and infestations
10014801;Endophthalmitis;Infections and infestations
10067410;Endotoxaemia;Infections and infestations
10014824;Endotoxic shock;Infections and infestations
10058839;Enteritis infectious;Infections and infestations
10014878;Enteritis necroticans;Infections and infestations
10058857;Enterobacter bacteraemia;Infections and infestations
10054218;Enterobacter pneumonia;Infections and infestations
10054219;Enterobacter sepsis;Infections and infestations
10054220;Enterobacter tracheobronchitis;Infections and infestations
10014885;Enterococcal bacteraemia;Infections and infestations
10078298;Enterococcal gastroenteritis;Infections and infestations
10061124;Enterococcal infection;Infections and infestations
10054221;Enterococcal sepsis;Infections and infestations
10014894;Enterocolitis AIDS;Infections and infestations
10065206;Enterocolitis bacterial;Infections and infestations
10065205;Enterocolitis fungal;Infections and infestations
10065204;Enterocolitis helminthic;Infections and infestations
10058838;Enterocolitis infectious;Infections and infestations
10061841;Enterocolitis viral;Infections and infestations
10075553;Enterovirus myocarditis;Infections and infestations
10014965;Ependymitis;Infections and infestations
10066919;Epidemic polyarthritis;Infections and infestations
10014979;Epidemic typhus;Infections and infestations
10052339;Epidermodysplasia verruciformis;Infections and infestations
10015000;Epididymitis;Infections and infestations
10015001;Epididymitis blastomyces;Infections and infestations
10015002;Epididymitis mumps;Infections and infestations
10015004;Epididymitis tuberculous;Infections and infestations
10053043;Epididymitis ureaplasmal;Infections and infestations
10015006;Epididymo-orchitis gonococcal;Infections and infestations
10086564;Epiglottic abscess;Infections and infestations
10015030;Epiglottitis;Infections and infestations
10015031;Epiglottitis haemophilus;Infections and infestations
10015033;Epiglottitis obstructive;Infections and infestations
10065110;Epstein-Barr viraemia;Infections and infestations
10015109;Epstein-Barr virus infection reactivation;Infections and infestations
10015145;Erysipelas;Infections and infestations
10080432;Erysipelothrix sepsis;Infections and infestations
10015213;Erythema induratum;Infections and infestations
10054258;Escherichia bacteraemia;Infections and infestations
10083163;Escherichia peritonitis;Infections and infestations
10074409;Escherichia pyelonephritis;Infections and infestations
10015296;Escherichia sepsis;Infections and infestations
10073244;Exserohilum infection;Infections and infestations
10061846;Extradural abscess;Infections and infestations
10064445;Extrapulmonary tuberculosis;Infections and infestations
10015905;Eye abscess;Infections and infestations
10015932;Eye infection chlamydial;Infections and infestations
10015933;Eye infection fungal;Infections and infestations
10015935;Eye infection gonococcal;Infections and infestations
10065180;Eye infection helminthic;Infections and infestations
10054762;Eye infection intraocular;Infections and infestations
10015938;Eye infection syphilitic;Infections and infestations
10015939;Eye infection toxoplasmal;Infections and infestations
10050428;Fallopian tube abscess;Infections and infestations
10056515;Fascial infection;Infections and infestations
10016234;Fascioliasis;Infections and infestations
10061150;Female genital tract tuberculosis;Infections and infestations
10016436;Femoral hernia gangrenous;Infections and infestations
10016674;Filariasis;Infections and infestations
10016675;Filariasis lymphatic;Infections and infestations
10074831;Filovirus infection;Infections and infestations
10054261;Flavivirus infection;Infections and infestations
10054222;Flavobacterium infection;Infections and infestations
10084697;Focal peritonitis;Infections and infestations
10017068;Fournier's gangrene;Infections and infestations
10079813;Fracture infection;Infections and infestations
10017523;Fungaemia;Infections and infestations
10017524;Fungal abscess central nervous system;Infections and infestations
10017525;Fungal cystitis;Infections and infestations
10017529;Fungal endocarditis;Infections and infestations
10065174;Fungal labyrinthitis;Infections and infestations
10086251;Fungal myositis;Infections and infestations
10049656;Fungal oesophagitis;Infections and infestations
10061138;Fungal peritonitis;Infections and infestations
10068613;Fungal retinitis;Infections and infestations
10058872;Fungal sepsis;Infections and infestations
10069508;Fungal tracheitis;Infections and infestations
10064502;Funisitis;Infections and infestations
10089359;Fusarium endocarditis;Infections and infestations
10052246;Gallbladder abscess;Infections and infestations
10051068;Gallbladder empyema;Infections and infestations
10017711;Gangrene;Infections and infestations
10017717;Gangrene neonatal;Infections and infestations
10068682;Gangrenous balanitis;Infections and infestations
10017737;Gas gangrene;Infections and infestations
10061972;Gastritis fungal;Infections and infestations
10065207;Gastritis helminthic;Infections and infestations
10051784;Gastritis herpes;Infections and infestations
10017889;Gastroenteritis adenovirus;Infections and infestations
10017890;Gastroenteritis aerobacter;Infections and infestations
10017891;Gastroenteritis aeromonas;Infections and infestations
10017893;Gastroenteritis astroviral;Infections and infestations
10017894;Gastroenteritis bacillus;Infections and infestations
10064852;Gastroenteritis caliciviral;Infections and infestations
10017898;Gastroenteritis clostridial;Infections and infestations
10011485;Gastroenteritis cryptococcal;Infections and infestations
10017899;Gastroenteritis cryptosporidial;Infections and infestations
10017901;Gastroenteritis enteroviral;Infections and infestations
10017903;Gastroenteritis Escherichia coli;Infections and infestations
10081882;Gastroenteritis listeria;Infections and infestations
10068189;Gastroenteritis norovirus;Infections and infestations
10017908;Gastroenteritis paracolon bacillus;Infections and infestations
10017910;Gastroenteritis proteus;Infections and infestations
10017911;Gastroenteritis pseudomonas;Infections and infestations
10017913;Gastroenteritis rotavirus;Infections and infestations
10017914;Gastroenteritis salmonella;Infections and infestations
10068190;Gastroenteritis sapovirus;Infections and infestations
10017915;Gastroenteritis shigella;Infections and infestations
10017916;Gastroenteritis staphylococcal;Infections and infestations
10017917;Gastroenteritis vibrio;Infections and infestations
10017920;Gastroenteritis yersinia;Infections and infestations
10017931;Gastrointestinal anthrax;Infections and infestations
10017938;Gastrointestinal candidiasis;Infections and infestations
10049479;Gastrointestinal fungal infection;Infections and infestations
10017954;Gastrointestinal gangrene;Infections and infestations
10082721;Gastrointestinal mucormycosis;Infections and infestations
10061175;Gastrointestinal protozoal infection;Infections and infestations
10090708;Gemella infection;Infections and infestations
10069540;Generalised vaccinia;Infections and infestations
10062316;Genital abscess;Infections and infestations
10065223;Genital infection helminthic;Infections and infestations
10018185;Genitourinary chlamydia infection;Infections and infestations
10061181;Genitourinary tract gonococcal infection;Infections and infestations
10072075;Gerstmann Straussler Scheinker syndrome;Infections and infestations
10018490;Gnathostomiasis;Infections and infestations
10078670;Gonococcal heart disease;Infections and infestations
10081185;Gonococcal infection;Infections and infestations
10070299;Gonococcal pelvic inflammatory disease;Infections and infestations
10018612;Gonorrhoea;Infections and infestations
10063095;Gradenigo's syndrome;Infections and infestations
10056559;Graft infection;Infections and infestations
10077930;Granulicatella bacteraemia;Infections and infestations
10077931;Granulicatella infection;Infections and infestations
10018693;Granuloma inguinale;Infections and infestations
10050269;Groin abscess;Infections and infestations
10053588;Group B streptococcus neonatal sepsis;Infections and infestations
10090701;Gut derived infection;Infections and infestations
10053028;Gynaecological chlamydia infection;Infections and infestations
10051564;Haematoma infection;Infections and infestations
10058922;Haemophilus bacteraemia;Infections and infestations
10058875;Haemophilus sepsis;Infections and infestations
10061192;Haemorrhagic fever;Infections and infestations
10075015;Haemorrhagic fever with renal syndrome;Infections and infestations
10077933;Haemorrhagic pneumonia;Infections and infestations
10078873;Haemorrhagic varicella syndrome;Infections and infestations
10061198;Hantaviral infection;Infections and infestations
10019143;Hantavirus pulmonary infection;Infections and infestations
10081255;Helicobacter duodenal ulcer;Infections and infestations
10054264;Helicobacter sepsis;Infections and infestations
10089623;Hepatic actinomycosis;Infections and infestations
10063741;Hepatic amoebiasis;Infections and infestations
10049653;Hepatic candidiasis;Infections and infestations
10051705;Hepatic cyst infection;Infections and infestations
10019659;Hepatic echinococciasis;Infections and infestations
10077055;Hepatic gas gangrene;Infections and infestations
10056522;Hepatic infection;Infections and infestations
10065215;Hepatic infection bacterial;Infections and infestations
10065217;Hepatic infection fungal;Infections and infestations
10065216;Hepatic infection helminthic;Infections and infestations
10019731;Hepatitis B;Infections and infestations
10058827;Hepatitis B reactivation;Infections and infestations
10019744;Hepatitis C;Infections and infestations
10019762;Hepatitis D;Infections and infestations
10019768;Hepatitis E;Infections and infestations
10019771;Hepatitis F;Infections and infestations
10019773;Hepatitis G;Infections and infestations
10019776;Hepatitis H;Infections and infestations
10019781;Hepatitis infectious mononucleosis;Infections and infestations
10019783;Hepatitis mumps;Infections and infestations
10019786;Hepatitis non-A non-B;Infections and infestations
10019787;Hepatitis non-A non-B non-C;Infections and infestations
10019791;Hepatitis post transfusion;Infections and infestations
10019794;Hepatitis syphilitic;Infections and infestations
10019798;Hepatitis toxoplasmal;Infections and infestations
10019799;Hepatitis viral;Infections and infestations
10068610;Hepatitis virus-associated nephropathy;Infections and infestations
10056523;Hepatobiliary infection;Infections and infestations
10077631;Hepatosplenic abscess;Infections and infestations
10051590;Hepatosplenic candidiasis;Infections and infestations
10061206;Hernia gangrenous;Infections and infestations
10052330;Herpes oesophagitis;Infections and infestations
10062004;Herpes ophthalmic;Infections and infestations
10066888;Herpes pharyngitis;Infections and infestations
10058876;Herpes sepsis;Infections and infestations
10085017;Herpes simplex bronchitis;Infections and infestations
10074239;Herpes simplex colitis;Infections and infestations
10019953;Herpes simplex encephalitis;Infections and infestations
10074240;Herpes simplex gastritis;Infections and infestations
10067389;Herpes simplex hepatitis;Infections and infestations
10019956;Herpes simplex meningitis;Infections and infestations
10074247;Herpes simplex meningoencephalitis;Infections and infestations
10074250;Herpes simplex meningomyelitis;Infections and infestations
10074252;Herpes simplex necrotising retinopathy;Infections and infestations
10074242;Herpes simplex oesophagitis;Infections and infestations
10074244;Herpes simplex pharyngitis;Infections and infestations
10065046;Herpes simplex pneumonia;Infections and infestations
10074246;Herpes simplex sepsis;Infections and infestations
10080365;Herpes simplex viraemia;Infections and infestations
10049458;Herpes simplex virus conjunctivitis neonatal;Infections and infestations
10019963;Herpes simplex visceral;Infections and infestations
10074297;Herpes zoster cutaneous disseminated;Infections and infestations
10065038;Herpes zoster disseminated;Infections and infestations
10061208;Herpes zoster infection neurological;Infections and infestations
10074259;Herpes zoster meningitis;Infections and infestations
10074248;Herpes zoster meningoencephalitis;Infections and infestations
10074251;Herpes zoster meningomyelitis;Infections and infestations
10079327;Herpes zoster meningoradiculitis;Infections and infestations
10074253;Herpes zoster necrotising retinopathy;Infections and infestations
10063491;Herpes zoster oticus;Infections and infestations
10074245;Herpes zoster pharyngitis;Infections and infestations
10020017;Heterophyiasis;Infections and infestations
10020113;Hirudiniasis;Infections and infestations
10020141;Histoplasmosis;Infections and infestations
10049142;Histoplasmosis cutaneous;Infections and infestations
10020144;Histoplasmosis disseminated;Infections and infestations
10070737;HIV associated nephropathy;Infections and infestations
10069658;HIV cardiomyopathy;Infections and infestations
10069691;HIV enteropathy;Infections and infestations
10020161;HIV infection;Infections and infestations
10075708;HIV infection CDC category A;Infections and infestations
10075709;HIV infection CDC category B;Infections and infestations
10075710;HIV infection CDC category C;Infections and infestations
10020162;HIV infection CDC Group I;Infections and infestations
10020163;HIV infection CDC Group II;Infections and infestations
10020164;HIV infection CDC Group III;Infections and infestations
10061519;HIV infection CDC group IV;Infections and infestations
10020166;HIV infection CDC Group IV subgroup A;Infections and infestations
10020167;HIV infection CDC Group IV subgroup B;Infections and infestations
10020168;HIV infection CDC Group IV subgroup C1;Infections and infestations
10020169;HIV infection CDC Group IV subgroup C2;Infections and infestations
10020170;HIV infection CDC Group IV subgroup D;Infections and infestations
10020171;HIV infection CDC Group IV subgroup E;Infections and infestations
10064446;HIV infection WHO clinical stage I;Infections and infestations
10064447;HIV infection WHO clinical stage II;Infections and infestations
10064448;HIV infection WHO clinical stage III;Infections and infestations
10064456;HIV infection WHO clinical stage IV;Infections and infestations
10083411;HIV meningoencephalitis;Infections and infestations
10065681;HIV peripheral neuropathy;Infections and infestations
10077716;HIV viraemia;Infections and infestations
10050309;HIV wasting syndrome;Infections and infestations
10020194;HIV-2 infection;Infections and infestations
10078164;HIV-associated neurocognitive disorder;Infections and infestations
10081897;Human herpesvirus 6 encephalitis;Infections and infestations
10090018;Human herpesvirus 6 viraemia;Infections and infestations
10053500;Human immunodeficiency virus transmission;Infections and infestations
10058489;Human T-cell lymphocytic virus type II infection;Infections and infestations
10062007;Human T-cell lymphotropic virus infection;Infections and infestations
10020460;Human T-cell lymphotropic virus type I infection;Infections and infestations
10020497;Hydrocele male infected;Infections and infestations
10088948;Hyperparasitaemia;Infections and infestations
10021086;Hypopyon;Infections and infestations
10021300;Ileal gangrene;Infections and infestations
10072797;Immune reconstitution inflammatory syndrome associated tuberculosis;Infections and infestations
10049660;Incision site abscess;Infections and infestations
10021621;Incisional hernia gangrenous;Infections and infestations
10021629;Inclusion conjunctivitis;Infections and infestations
10053991;Inclusion conjunctivitis neonatal;Infections and infestations
10021700;Indeterminate leprosy;Infections and infestations
10052845;Induced abortion infection;Infections and infestations
10086524;Infected aural fistula;Infections and infestations
10072282;Infected fistula;Infections and infestations
10090205;Infected intestinal ulcer;Infections and infestations
10059359;Infected lymphocele;Infections and infestations
10074755;Infected seroma;Infections and infestations
10084121;Infected urinoma;Infections and infestations
10057258;Infected varicose vein;Infections and infestations
10084550;Infected vasculitis;Infections and infestations
10021818;Infection in an immunocompromised host;Infections and infestations
10060833;Infectious crystalline keratopathy;Infections and infestations
10056500;Infectious iridocyclitis;Infections and infestations
10071699;Infectious pleural effusion;Infections and infestations
10058017;Infective aneurysm;Infections and infestations
10074707;Infective aortitis;Infections and infestations
10055054;Infective chondritis;Infections and infestations
10075400;Infective corneal ulcer;Infections and infestations
10074697;Infective episcleritis;Infections and infestations
10088066;Infective exacerbation of asthma;Infections and infestations
10056971;Infective exacerbation of chronic obstructive airways disease;Infections and infestations
10074698;Infective iritis;Infections and infestations
10076672;Infective keratitis;Infections and infestations
10075306;Infective mesenteric panniculitis;Infections and infestations
10021918;Infective myositis;Infections and infestations
10077032;Infective pericardial effusion;Infections and infestations
10074705;Infective periostitis;Infections and infestations
10070608;Infective pulmonary exacerbation of cystic fibrosis;Infections and infestations
10077918;Infective scleritis;Infections and infestations
10062960;Infective spondylitis;Infections and infestations
10057619;Infective tenosynovitis;Infections and infestations
10058016;Infective thrombosis;Infections and infestations
10074700;Infective uveitis;Infections and infestations
10089685;Influenza myocarditis;Infections and infestations
10076073;Infusion site joint infection;Infections and infestations
10022018;Inguinal hernia gangrenous;Infections and infestations
10074703;Injection site joint infection;Infections and infestations
10060738;Intervertebral discitis;Infections and infestations
10051095;Intestinal fistula infection;Infections and infestations
10022651;Intestinal gangrene;Infections and infestations
10075622;Intestinal sepsis;Infections and infestations
10075268;Intestinal tuberculosis;Infections and infestations
10082062;Intracranial infection;Infections and infestations
10056254;Intrauterine infection;Infections and infestations
10023076;Isosporiasis;Infections and infestations
10086521;Jamestown Canyon encephalitis;Infections and infestations
10074361;JC virus granule cell neuronopathy;Infections and infestations
10023163;JC virus infection;Infections and infestations
10023172;Jejunal gangrene;Infections and infestations
10058981;Joint abscess;Infections and infestations
10056367;Joint tuberculosis;Infections and infestations
10062028;Keratitis bacterial;Infections and infestations
10062353;Keratitis fungal;Infections and infestations
10062029;Keratitis viral;Infections and infestations
10023349;Keratoconjunctivitis measles;Infections and infestations
10023370;Keratosis gonococcal;Infections and infestations
10078693;Keratouveitis;Infections and infestations
10023424;Kidney infection;Infections and infestations
10058856;Klebsiella bacteraemia;Infections and infestations
10085684;Klebsiella pneumoniae invasive syndrome;Infections and infestations
10054160;Klebsiella sepsis;Infections and infestations
10023497;Kuru;Infections and infestations
10023505;Kyasanur Forest disease;Infections and infestations
10079168;Lacrimal gland abscess;Infections and infestations
10023637;Lacrimal sac cellulitis;Infections and infestations
10088783;Lactobacillus bacteraemia;Infections and infestations
10062031;Lactobacillus infection;Infections and infestations
10084258;Laryngeal cryptococcosis;Infections and infestations
10023897;Laryngotracheitis obstructive;Infections and infestations
10023927;Lassa fever;Infections and infestations
10085989;Leclercia bacteraemia;Infections and infestations
10061266;Legionella infection;Infections and infestations
10024198;Leishmaniasis;Infections and infestations
10065552;Lemierre syndrome;Infections and infestations
10024227;Lepromatous leprosy;Infections and infestations
10024229;Leprosy;Infections and infestations
10083161;Leptospira sepsis;Infections and infestations
10024238;Leptospirosis;Infections and infestations
10070981;Leptotrichia infection;Infections and infestations
10070982;Leuconostoc infection;Infections and infestations
10080849;Listeraemia;Infections and infestations
10054116;Listeria encephalitis;Infections and infestations
10063085;Listeria sepsis;Infections and infestations
10024641;Listeriosis;Infections and infestations
10024652;Liver abscess;Infections and infestations
10066103;Lochial infection;Infections and infestations
10024887;Louping ill;Infections and infestations
10077390;Lower respiratory tract herpes infection;Infections and infestations
10024968;Lower respiratory tract infection;Infections and infestations
10063890;Lower respiratory tract infection bacterial;Infections and infestations
10065187;Lower respiratory tract infection fungal;Infections and infestations
10065188;Lower respiratory tract infection viral;Infections and infestations
10048806;Ludwig angina;Infections and infestations
10079325;Lujo haemorrhagic fever;Infections and infestations
10025028;Lung abscess;Infections and infestations
10025143;Lupus vulgaris;Infections and infestations
10078417;Lyme carditis;Infections and infestations
10025169;Lyme disease;Infections and infestations
10050167;Lymph node abscess;Infections and infestations
10025183;Lymph node tuberculosis;Infections and infestations
10065208;Lymphadenitis fungal;Infections and infestations
10065210;Lymphadenitis helminthic;Infections and infestations
10025226;Lymphangitis;Infections and infestations
10025297;Lymphogranuloma venereum;Infections and infestations
10025487;Malaria;Infections and infestations
10082115;Malaria recrudescence;Infections and infestations
10082114;Malaria relapse;Infections and infestations
10054123;Malarial myocarditis;Infections and infestations
10061234;Male genital tract tuberculosis;Infections and infestations
10054118;Malignant syphilis;Infections and infestations
10083169;Mammary tuberculosis;Infections and infestations
10026822;Marburg disease;Infections and infestations
10065212;Mastitis bacterial;Infections and infestations
10065211;Mastitis fungal;Infections and infestations
10061276;Mastoid abscess;Infections and infestations
10051069;Mastoid empyema;Infections and infestations
10026900;Mastoiditis;Infections and infestations
10085762;Mastoiditis fungal;Infections and infestations
10080466;Measles meningitis;Infections and infestations
10027070;Mediastinal abscess;Infections and infestations
10027082;Mediastinitis;Infections and infestations
10075569;Medical device site abscess;Infections and infestations
10076118;Medical device site joint infection;Infections and infestations
10027199;Meningitis;Infections and infestations
10027201;Meningitis aseptic;Infections and infestations
10073245;Meningitis aspergillus;Infections and infestations
10027202;Meningitis bacterial;Infections and infestations
10049078;Meningitis borrelia;Infections and infestations
10027205;Meningitis candida;Infections and infestations
10027207;Meningitis coccidioides;Infections and infestations
10027208;Meningitis coxsackie viral;Infections and infestations
10069856;Meningitis cronobacter;Infections and infestations
10027209;Meningitis cryptococcal;Infections and infestations
10027231;Meningitis echo viral;Infections and infestations
10027232;Meningitis enterococcal;Infections and infestations
10027233;Meningitis enteroviral;Infections and infestations
10084029;Meningitis Escherichia;Infections and infestations
10073246;Meningitis exserohilum;Infections and infestations
10027236;Meningitis fungal;Infections and infestations
10027239;Meningitis gonococcal;Infections and infestations
10027241;Meningitis haemophilus;Infections and infestations
10027242;Meningitis herpes;Infections and infestations
10027243;Meningitis histoplasma;Infections and infestations
10027247;Meningitis leptospiral;Infections and infestations
10027248;Meningitis listeria;Infections and infestations
10027249;Meningitis meningococcal;Infections and infestations
10027250;Meningitis mumps;Infections and infestations
10058780;Meningitis neonatal;Infections and infestations
10027253;Meningitis pneumococcal;Infections and infestations
10027254;Meningitis salmonella;Infections and infestations
10027255;Meningitis staphylococcal;Infections and infestations
10027256;Meningitis streptococcal;Infections and infestations
10048848;Meningitis toxoplasmal;Infections and infestations
10027258;Meningitis trypanosomal;Infections and infestations
10027259;Meningitis tuberculous;Infections and infestations
10027260;Meningitis viral;Infections and infestations
10058858;Meningococcal bacteraemia;Infections and infestations
10027270;Meningococcal carditis;Infections and infestations
10027274;Meningococcal infection;Infections and infestations
10027280;Meningococcal sepsis;Infections and infestations
10063032;Meningoencephalitis amoebic;Infections and infestations
10065171;Meningoencephalitis helminthic;Infections and infestations
10053586;Meningoencephalitis herpes simplex neonatal;Infections and infestations
10074672;Meningoencephalitis viral;Infections and infestations
10074249;Meningomyelitis herpes;Infections and infestations
10072408;Mesenteric abscess;Infections and infestations
10027436;Metagonimiasis;Infections and infestations
10085548;Metapneumovirus bronchiolitis;Infections and infestations
10085550;Metapneumovirus pneumonia;Infections and infestations
10054162;Micrococcal sepsis;Infections and infestations
10054120;Micrococcus infection;Infections and infestations
10054121;Microsporum infection;Infections and infestations
10075271;Middle East respiratory syndrome;Infections and infestations
10055088;Miliary pneumonia;Infections and infestations
10069538;Monkeypox;Infections and infestations
10054876;Morganella infection;Infections and infestations
10054165;Mucocutaneous leishmaniasis;Infections and infestations
10028098;Mucormycosis;Infections and infestations
10075137;Mumps deafness;Infections and infestations
10028282;Murine typhus;Infections and infestations
10053981;Murray Valley encephalitis;Infections and infestations
10049206;Muscle abscess;Infections and infestations
10028426;Mycetoma mycotic;Infections and infestations
10062207;Mycobacterial infection;Infections and infestations
10073514;Mycobacterial peritonitis;Infections and infestations
10064789;Mycobacterium abscessus infection;Infections and infestations
10058449;Mycobacterium avium complex immune restoration disease;Infections and infestations
10058806;Mycobacterium avium complex infection;Infections and infestations
10071401;Mycobacterium chelonae infection;Infections and infestations
10049659;Mycobacterium fortuitum infection;Infections and infestations
10084069;Mycobacterium haemophilum infection;Infections and infestations
10028447;Mycobacterium kansasii infection;Infections and infestations
10028452;Mycobacterium marinum infection;Infections and infestations
10066289;Mycobacterium ulcerans infection;Infections and infestations
10028518;Mycotic corneal ulcer;Infections and infestations
10063202;Mycotic endophthalmitis;Infections and infestations
10028524;Myelitis;Infections and infestations
10028586;Myiasis;Infections and infestations
10058440;Myocardiac abscess;Infections and infestations
10065218;Myocarditis bacterial;Infections and infestations
10065219;Myocarditis helminthic;Infections and infestations
10066857;Myocarditis infectious;Infections and infestations
10028612;Myocarditis meningococcal;Infections and infestations
10059026;Myocarditis mycotic;Infections and infestations
10028615;Myocarditis septic;Infections and infestations
10028616;Myocarditis syphilitic;Infections and infestations
10028617;Myocarditis toxoplasmal;Infections and infestations
10051458;Myometritis;Infections and infestations
10056970;Naegleria infection;Infections and infestations
10028720;Nasal abscess;Infections and infestations
10050345;Nasal candidiasis;Infections and infestations
10028846;Necrobacillosis;Infections and infestations
10028885;Necrotising fasciitis;Infections and infestations
10052892;Necrotising fasciitis fungal;Infections and infestations
10028887;Necrotising fasciitis staphylococcal;Infections and infestations
10028888;Necrotising fasciitis streptococcal;Infections and infestations
10065119;Necrotising herpetic retinopathy;Infections and infestations
10076637;Necrotising soft tissue infection;Infections and infestations
10055670;Necrotising ulcerative gingivostomatitis;Infections and infestations
10055671;Necrotising ulcerative periodontitis;Infections and infestations
10062212;Neisseria infection;Infections and infestations
10086931;Neonatal bacteraemia;Infections and infestations
10087867;Neonatal bacterial pneumonia;Infections and infestations
10028924;Neonatal candida infection;Infections and infestations
10061308;Neonatal infection;Infections and infestations
10028950;Neonatal infective mastitis;Infections and infestations
10053587;Neonatal mucocutaneous herpes simplex;Infections and infestations
10053584;Neonatal pneumonia;Infections and infestations
10082040;Nephritis bacterial;Infections and infestations
10052057;Neuroborreliosis;Infections and infestations
10068368;Neurocryptococcosis;Infections and infestations
10058443;Neurocysticercosis;Infections and infestations
10051295;Neurological infection;Infections and infestations
10029339;Neurosyphilis;Infections and infestations
10059482;Neutropenic infection;Infections and infestations
10049151;Neutropenic sepsis;Infections and infestations
10064952;Nocardia sepsis;Infections and infestations
10029444;Nocardiosis;Infections and infestations
10029787;North Asian tick typhus;Infections and infestations
10053636;Obstetric infection;Infections and infestations
10086748;Obstetrical tetanus;Infections and infestations
10082996;Oesophageal abscess;Infections and infestations
10030154;Oesophageal candidiasis;Infections and infestations
10058803;Oesophageal infection;Infections and infestations
10030200;Oesophageal tuberculosis;Infections and infestations
10061320;Oesophagitis bacterial;Infections and infestations
10030306;Omphalitis;Infections and infestations
10030310;Omsk haemorrhagic fever;Infections and infestations
10030314;Onchocerciasis;Infections and infestations
10030345;Oophoritis;Infections and infestations
10030861;Ophthalmia neonatorum;Infections and infestations
10086753;Ophthalmic cysticercosis;Infections and infestations
10073938;Ophthalmic herpes simplex;Infections and infestations
10030865;Ophthalmic herpes zoster;Infections and infestations
10030897;Opisthorchiasis;Infections and infestations
10030901;Opportunistic infection;Infections and infestations
10030943;Optic neuritis meningococcal;Infections and infestations
10065329;Oral helminthic infection;Infections and infestations
10064915;Orbital infection;Infections and infestations
10031058;Orbivirus infection;Infections and infestations
10053029;Oro-pharyngeal aspergillosis;Infections and infestations
10066236;Oropharyngeal gonococcal infection;Infections and infestations
10080465;Oropouche fever;Infections and infestations
10080483;Osseous cryptococcosis;Infections and infestations
10087797;Osteoarticular sporotrichosis;Infections and infestations
10031252;Osteomyelitis;Infections and infestations
10031253;Osteomyelitis acute;Infections and infestations
10065237;Osteomyelitis bacterial;Infections and infestations
10031255;Osteomyelitis blastomyces;Infections and infestations
10031256;Osteomyelitis chronic;Infections and infestations
10065239;Osteomyelitis fungal;Infections and infestations
10031262;Osteomyelitis salmonella;Infections and infestations
10065238;Osteomyelitis viral;Infections and infestations
10033081;Otitis media chronic;Infections and infestations
10033085;Otitis media post measles;Infections and infestations
10033119;Ovarian abscess;Infections and infestations
10056628;Ovarian bacterial infection;Infections and infestations
10051741;Pancreas infection;Infections and infestations
10048984;Pancreatic abscess;Infections and infestations
10065191;Pancreatitis bacterial;Infections and infestations
10065190;Pancreatitis fungal;Infections and infestations
10065189;Pancreatitis helminthic;Infections and infestations
10033653;Pancreatitis mumps;Infections and infestations
10065192;Pancreatitis viral;Infections and infestations
10056332;Panencephalitis;Infections and infestations
10070020;Pantoea agglomerans infection;Infections and infestations
10082425;Papular pruritic eruption of HIV;Infections and infestations
10080986;Paracancerous pneumonia;Infections and infestations
10033794;Paragonimiasis;Infections and infestations
10033797;Parainfluenzae viral laryngotracheobronchitis;Infections and infestations
10062707;Parametric abscess;Infections and infestations
10033847;Parametritis;Infections and infestations
10085224;Paranasal mucopyocoele;Infections and infestations
10083388;Paranasal sinus abscess;Infections and infestations
10084479;Parapharyngeal space infection;Infections and infestations
10069588;Parasitic encephalitis;Infections and infestations
10067720;Parasitic gastroenteritis;Infections and infestations
10056704;Parasitic oesophagitis;Infections and infestations
10078883;Parasitic pneumonia;Infections and infestations
10070631;Paraspinal abscess;Infections and infestations
10056548;Parathyroid gland abscess;Infections and infestations
10033971;Paratyphoid fever;Infections and infestations
10034019;Parotid abscess;Infections and infestations
10034106;Pasteurella infection;Infections and infestations
10034236;Pelvic abscess;Infections and infestations
10058674;Pelvic infection;Infections and infestations
10034254;Pelvic inflammatory disease;Infections and infestations
10034256;Pelvic inflammatory disease mycoplasmal;Infections and infestations
10059070;Pelvic sepsis;Infections and infestations
10034294;Penile abscess;Infections and infestations
10085545;Penile gangrene;Infections and infestations
10073214;Peptic ulcer helicobacter;Infections and infestations
10054124;Peptostreptococcus infection;Infections and infestations
10058148;Pericarditis amoebic;Infections and infestations
10065220;Pericarditis fungal;Infections and infestations
10034488;Pericarditis gonococcal;Infections and infestations
10065221;Pericarditis helminthic;Infections and infestations
10034489;Pericarditis histoplasma;Infections and infestations
10062491;Pericarditis infective;Infections and infestations
10034492;Pericarditis meningococcal;Infections and infestations
10034493;Pericarditis mycoplasmal;Infections and infestations
10034497;Pericarditis syphilitic;Infections and infestations
10055069;Pericarditis tuberculous;Infections and infestations
10067554;Perihepatic abscess;Infections and infestations
10071301;Perihepatitis;Infections and infestations
10034506;Perihepatitis gonococcal;Infections and infestations
10075233;Perinatal HBV infection;Infections and infestations
10071049;Perinatal HIV infection;Infections and infestations
10052457;Perineal abscess;Infections and infestations
10078797;Perineal cellulitis;Infections and infestations
10066876;Perineal infection;Infections and infestations
10034531;Perinephric abscess;Infections and infestations
10072058;Perinephritis;Infections and infestations
10052458;Periorbital abscess;Infections and infestations
10057182;Periorbital cellulitis;Infections and infestations
10051472;Periorbital infection;Infections and infestations
10065766;Peripheral nerve infection;Infections and infestations
10064163;Periporitis staphylogenes;Infections and infestations
10052814;Perirectal abscess;Infections and infestations
10034649;Peritoneal abscess;Infections and infestations
10056562;Peritoneal candidiasis;Infections and infestations
10034659;Peritoneal chlamydia infection;Infections and infestations
10053583;Peritoneal tuberculosis;Infections and infestations
10034674;Peritonitis;Infections and infestations
10062070;Peritonitis bacterial;Infections and infestations
10034678;Peritonitis gonococcal;Infections and infestations
10065326;Peritonitis helminthic;Infections and infestations
10034681;Peritonitis pneumococcal;Infections and infestations
10034684;Peritonitis syphilitic;Infections and infestations
10053418;Peritonitis viral;Infections and infestations
10034686;Peritonsillar abscess;Infections and infestations
10049592;Peritonsillitis;Infections and infestations
10051296;Periumbilical abscess;Infections and infestations
10034738;Pertussis;Infections and infestations
10080438;Peruvian wart;Infections and infestations
10034762;Petrositis;Infections and infestations
10080815;Phaeohyphomycosis;Infections and infestations
10080816;Phaeohyphomycotic brain abscess;Infections and infestations
10067781;Pharyngeal abscess;Infections and infestations
10049512;Pharyngolaryngeal abscess;Infections and infestations
10056627;Phlebitis infective;Infections and infestations
10034905;Phlebotomus fever;Infections and infestations
10035148;Plague;Infections and infestations
10058889;Plague sepsis;Infections and infestations
10035500;Plasmodium falciparum infection;Infections and infestations
10079602;Plasmodium knowlesi infection;Infections and infestations
10035501;Plasmodium malariae infection;Infections and infestations
10035502;Plasmodium ovale infection;Infections and infestations
10035503;Plasmodium vivax infection;Infections and infestations
10061351;Pleural infection;Infections and infestations
10067334;Pleural infection bacterial;Infections and infestations
10085959;Pleurisy bacterial;Infections and infestations
10052761;Pleurisy viral;Infections and infestations
10058859;Pneumococcal bacteraemia;Infections and infestations
10061353;Pneumococcal infection;Infections and infestations
10054047;Pneumococcal sepsis;Infections and infestations
10073756;Pneumocystis jirovecii infection;Infections and infestations
10073755;Pneumocystis jirovecii pneumonia;Infections and infestations
10035664;Pneumonia;Infections and infestations
10079866;Pneumonia acinetobacter;Infections and infestations
10035665;Pneumonia adenoviral;Infections and infestations
10035667;Pneumonia anthrax;Infections and infestations
10035669;Pneumonia aspiration;Infections and infestations
10060946;Pneumonia bacterial;Infections and infestations
10035672;Pneumonia bordetella;Infections and infestations
10035673;Pneumonia chlamydial;Infections and infestations
10067565;Pneumonia cryptococcal;Infections and infestations
10035676;Pneumonia cytomegaloviral;Infections and infestations
10035699;Pneumonia escherichia;Infections and infestations
10061354;Pneumonia fungal;Infections and infestations
10035702;Pneumonia haemophilus;Infections and infestations
10065246;Pneumonia helminthic;Infections and infestations
10035703;Pneumonia herpes viral;Infections and infestations
10035714;Pneumonia influenzal;Infections and infestations
10035717;Pneumonia klebsiella;Infections and infestations
10035718;Pneumonia legionella;Infections and infestations
10035722;Pneumonia measles;Infections and infestations
10035723;Pneumonia moraxella;Infections and infestations
10035724;Pneumonia mycoplasmal;Infections and infestations
10055672;Pneumonia necrotising;Infections and infestations
10035727;Pneumonia parainfluenzae viral;Infections and infestations
10035728;Pneumonia pneumococcal;Infections and infestations
10079867;Pneumonia proteus;Infections and infestations
10035731;Pneumonia pseudomonal;Infections and infestations
10035732;Pneumonia respiratory syncytial viral;Infections and infestations
10035733;Pneumonia salmonella;Infections and infestations
10079868;Pneumonia serratia;Infections and infestations
10035734;Pneumonia staphylococcal;Infections and infestations
10035735;Pneumonia streptococcal;Infections and infestations
10067566;Pneumonia toxoplasmal;Infections and infestations
10035736;Pneumonia tularaemia;Infections and infestations
10035737;Pneumonia viral;Infections and infestations
10053026;Pneumonic plague;Infections and infestations
10036011;Polioencephalitis;Infections and infestations
10036012;Poliomyelitis;Infections and infestations
10036117;Polyneuropathy mumps;Infections and infestations
10083628;Polyomavirus viraemia;Infections and infestations
10065381;Polyomavirus-associated nephropathy;Infections and infestations
10086165;Porphyromonas bacteraemia;Infections and infestations
10036202;Portal pyaemia;Infections and infestations
10061467;Post abortion infection;Infections and infestations
10077286;Post measles blindness;Infections and infestations
10088135;Post procedural meningitis;Infections and infestations
10066590;Post procedural pneumonia;Infections and infestations
10066593;Post procedural sepsis;Infections and infestations
10079060;Post treatment Lyme disease syndrome;Infections and infestations
10051182;Postoperative abscess;Infections and infestations
10036422;Postpartum sepsis;Infections and infestations
10089157;Pouchitis infective;Infections and infestations
10063664;Presumed ocular histoplasmosis syndrome;Infections and infestations
10090879;Prevertebral space infection;Infections and infestations
10056884;Primary syphilis;Infections and infestations
10079301;Prion disease;Infections and infestations
10036776;Proctitis chlamydial;Infections and infestations
10036777;Proctitis gonococcal;Infections and infestations
10036807;Progressive multifocal leukoencephalopathy;Infections and infestations
10069582;Progressive vaccinia;Infections and infestations
10050662;Prostate infection;Infections and infestations
10036934;Prostatic abscess;Infections and infestations
10067320;Prostatitis Escherichia coli;Infections and infestations
10036979;Prostatitis gonococcal;Infections and infestations
10036981;Prostatitis trichomonal;Infections and infestations
10064743;Prostatitis tuberculous;Infections and infestations
10036984;Prosthetic valve endocarditis;Infections and infestations
10081250;Protothecosis;Infections and infestations
10054777;Protozoal corneal ulcer;Infections and infestations
10061919;Pseudallescheria infection;Infections and infestations
10058973;Pseudallescheria sepsis;Infections and infestations
10084179;Pseudoaneurysm infection;Infections and infestations
10037128;Pseudomembranous colitis;Infections and infestations
10058923;Pseudomonal bacteraemia;Infections and infestations
10058877;Pseudomonal sepsis;Infections and infestations
10074185;Pseudomonas aeruginosa meningitis;Infections and infestations
10067024;Pseudomonas bronchitis;Infections and infestations
10061471;Pseudomonas infection;Infections and infestations
10082669;Pseudomonas peritonitis;Infections and infestations
10056517;Psoas abscess;Infections and infestations
10037167;Psorospermiasis;Infections and infestations
10072652;Puerperal infection;Infections and infestations
10037294;Puerperal pyrexia;Infections and infestations
10086752;Pulmonary blastomycosis;Infections and infestations
10037374;Pulmonary echinococciasis;Infections and infestations
10087973;Pulmonary gangrene;Infections and infestations
10086750;Pulmonary histoplasmosis;Infections and infestations
10078354;Pulmonary mucormycosis;Infections and infestations
10080435;Pulmonary nocardiosis;Infections and infestations
10080468;Pulmonary paracoccidioidomycosis;Infections and infestations
10051739;Pulmonary sepsis;Infections and infestations
10080480;Pulmonary sporotrichosis;Infections and infestations
10037434;Pulmonary syphilis;Infections and infestations
10068184;Pulmonary trichosporonosis;Infections and infestations
10066927;Pulmonary tuberculoma;Infections and infestations
10037440;Pulmonary tuberculosis;Infections and infestations
10051071;Purulent pericarditis;Infections and infestations
10051484;Purulent synovitis;Infections and infestations
10037584;Pyelitis;Infections and infestations
10049100;Pyelocystitis;Infections and infestations
10037596;Pyelonephritis;Infections and infestations
10037597;Pyelonephritis acute;Infections and infestations
10037601;Pyelonephritis chronic;Infections and infestations
10065214;Pyelonephritis fungal;Infections and infestations
10037603;Pyelonephritis mycoplasmal;Infections and infestations
10065213;Pyelonephritis viral;Infections and infestations
10051740;Pyloric abscess;Infections and infestations
10037632;Pyoderma;Infections and infestations
10037637;Pyoderma streptococcal;Infections and infestations
10037651;Pyometra;Infections and infestations
10037652;Pyomyositis;Infections and infestations
10037653;Pyonephrosis;Infections and infestations
10057102;Pyopneumothorax;Infections and infestations
10074264;Pythium insidiosum infection;Infections and infestations
10037688;Q fever;Infections and infestations
10037742;Rabies;Infections and infestations
10070087;Raoultella ornithinolytica infection;Infections and infestations
10038017;Recrudescent typhus;Infections and infestations
10048947;Rectal abscess;Infections and infestations
10056345;Rectovaginal septum abscess;Infections and infestations
10082487;Recurrent pyogenic cholangitis;Infections and infestations
10085084;Recurrent subareolar breast abscess;Infections and infestations
10038300;Relapsing fever;Infections and infestations
10038351;Renal abscess;Infections and infestations
10058596;Renal cyst infection;Infections and infestations
10078264;Renal echinococciasis;Infections and infestations
10078229;Renal graft infection;Infections and infestations
10038530;Renal syphilis;Infections and infestations
10038534;Renal tuberculosis;Infections and infestations
10038705;Respiratory moniliasis;Infections and infestations
10038718;Respiratory syncytial virus bronchiolitis;Infections and infestations
10060692;Respiratory tract infection fungal;Infections and infestations
10038910;Retinitis;Infections and infestations
10038912;Retinitis histoplasma;Infections and infestations
10038915;Retinitis viral;Infections and infestations
10038975;Retroperitoneal abscess;Infections and infestations
10050404;Retroperitoneal infection;Infections and infestations
10078424;Retroperitonitis;Infections and infestations
10061493;Retroviral infection;Infections and infestations
10065989;Retroviral rebound syndrome;Infections and infestations
10076959;Rhinocerebral mucormycosis;Infections and infestations
10088344;Rhizobium radiobacter bacteraemia;Infections and infestations
10039138;Rickettsioses not tick borne;Infections and infestations
10061495;Rickettsiosis;Infections and infestations
10080440;Rocio virus infection;Infections and infestations
10039207;Rocky mountain spotted fever;Infections and infestations
10077073;Romana's sign;Infections and infestations
10039264;Rubella in pregnancy;Infections and infestations
10061496;Rubella infection neurological;Infections and infestations
10058924;Salmonella bacteraemia;Infections and infestations
10058878;Salmonella sepsis;Infections and infestations
10039447;Salmonellosis;Infections and infestations
10039453;Salpingitis;Infections and infestations
10039457;Salpingitis gonococcal;Infections and infestations
10039463;Salpingitis tuberculous;Infections and infestations
10049677;Salpingo-oophoritis;Infections and infestations
10084639;SARS-CoV-2 sepsis;Infections and infestations
10084640;SARS-CoV-2 viraemia;Infections and infestations
10059045;Scedosporium infection;Infections and infestations
10049571;Scrotal abscess;Infections and infestations
10084348;Scrotal cellulitis;Infections and infestations
10039748;Scrotal gangrene;Infections and infestations
10062156;Scrotal infection;Infections and infestations
10039766;Scrub typhus;Infections and infestations
10056883;Secondary syphilis;Infections and infestations
10075620;Seminal vesicle abscess;Infections and infestations
10057001;Seminal vesicular infection;Infections and infestations
10039955;Seminal vesiculitis gonococcal;Infections and infestations
10040047;Sepsis;Infections and infestations
10091260;Sepsis associated acute kidney injury;Infections and infestations
10040049;Sepsis neonatal;Infections and infestations
10040051;Sepsis pasteurella;Infections and infestations
10053879;Sepsis syndrome;Infections and infestations
10040059;Septic arthritis haemophilus;Infections and infestations
10040061;Septic arthritis neisserial;Infections and infestations
10040063;Septic arthritis staphylococcal;Infections and infestations
10040064;Septic arthritis streptobacillus;Infections and infestations
10067323;Septic arthritis streptococcal;Infections and infestations
10087221;Septic cardiomyopathy;Infections and infestations
10086435;Septic cerebral embolism;Infections and infestations
10083159;Septic coagulopathy;Infections and infestations
10090444;Septic device loosening;Infections and infestations
10040067;Septic embolus;Infections and infestations
10069141;Septic encephalopathy;Infections and infestations
10085425;Septic endocarditis;Infections and infestations
10052762;Septic necrosis;Infections and infestations
10056518;Septic phlebitis;Infections and infestations
10083093;Septic pulmonary embolism;Infections and infestations
10062657;Septic rash;Infections and infestations
10040070;Septic shock;Infections and infestations
10073007;Septic vasculitis;Infections and infestations
10058921;Serratia bacteraemia;Infections and infestations
10061512;Serratia infection;Infections and infestations
10058879;Serratia sepsis;Infections and infestations
10061982;Severe acute respiratory syndrome;Infections and infestations
10078120;Severe asthma with fungal sensitisation;Infections and infestations
10078387;Severe fever with thrombocytopenia syndrome;Infections and infestations
10072839;Severe invasive streptococcal infection;Infections and infestations
10076437;Shewanella algae bacteraemia;Infections and infestations
10074481;Shigella sepsis;Infections and infestations
10058028;Shunt infection;Infections and infestations
10040628;Sialoadenitis;Infections and infestations
10068876;Silicotuberculosis;Infections and infestations
10048979;Sinobronchitis;Infections and infestations
10051016;Sinusitis aspergillus;Infections and infestations
10040855;Skin graft infection;Infections and infestations
10041047;Slow virus infection;Infections and infestations
10041126;Small intestine gangrene;Infections and infestations
10041197;Smallpox;Infections and infestations
10064501;Spermatic cord funiculitis;Infections and infestations
10081563;Sphingomonas paucimobilis bacteraemia;Infections and infestations
10069639;Sphingomonas paucimobilis infection;Infections and infestations
10076050;Spinal cord abscess;Infections and infestations
10049654;Spinal cord infection;Infections and infestations
10075486;Spinal empyema;Infections and infestations
10041624;Spirillary fever;Infections and infestations
10061370;Spirochaetal infection;Infections and infestations
10041640;Spleen tuberculosis;Infections and infestations
10041643;Splenic abscess;Infections and infestations
10051725;Splenic candidiasis;Infections and infestations
10062112;Splenic infection;Infections and infestations
10065195;Splenic infection bacterial;Infections and infestations
10065194;Splenic infection fungal;Infections and infestations
10065193;Splenic infection helminthic;Infections and infestations
10061135;Spontaneous bacterial peritonitis;Infections and infestations
10041736;Sporotrichosis;Infections and infestations
10041896;St. Louis encephalitis;Infections and infestations
10051017;Staphylococcal bacteraemia;Infections and infestations
10066410;Staphylococcal mediastinitis;Infections and infestations
10064250;Staphylococcal osteomyelitis;Infections and infestations
10067335;Staphylococcal parotitis;Infections and infestations
10041929;Staphylococcal scalded skin syndrome;Infections and infestations
10056430;Staphylococcal sepsis;Infections and infestations
10041932;Staphylococcal toxaemia;Infections and infestations
10084995;Stenotrophomonas bacteraemia;Infections and infestations
10054138;Stenotrophomonas infection;Infections and infestations
10089749;Stenotrophomonas maltophilia pneumonia;Infections and infestations
10054137;Stenotrophomonas sepsis;Infections and infestations
10059086;Stoma site abscess;Infections and infestations
10068385;Stomatococcal infection;Infections and infestations
10042175;Streptobacillary fever;Infections and infestations
10062118;Streptobacillus infection;Infections and infestations
10051018;Streptococcal bacteraemia;Infections and infestations
10085551;Streptococcal bronchitis;Infections and infestations
10073742;Streptococcal endocarditis;Infections and infestations
10048960;Streptococcal sepsis;Infections and infestations
10070300;Streptococcal urinary tract infection;Infections and infestations
10042276;Subacute endocarditis;Infections and infestations
10042297;Subacute sclerosing panencephalitis;Infections and infestations
10068885;Subarachnoid abscess;Infections and infestations
10056349;Subdiaphragmatic abscess;Infections and infestations
10083083;Subdural abscess;Infections and infestations
10086851;Submandibular abscess;Infections and infestations
10075118;Subperiosteal abscess;Infections and infestations
10042566;Superinfection;Infections and infestations
10066972;Superinfection bacterial;Infections and infestations
10066984;Superinfection fungal;Infections and infestations
10075381;Superinfection mycobacterial;Infections and infestations
10066983;Superinfection viral;Infections and infestations
10072754;Suspected transmission of an infectious agent via product;Infections and infestations
10062120;Syphilis;Infections and infestations
10042877;Syphilis anal;Infections and infestations
10042880;Syphilis genital;Infections and infestations
10042881;Syphilis musculoskeletal;Infections and infestations
10042907;Syphilitic endocarditis of heart valve;Infections and infestations
10086678;Syphilitic pelvic inflammatory disease;Infections and infestations
10078415;Systemic bacterial infection;Infections and infestations
10080437;Systemic bartonellosis;Infections and infestations
10042938;Systemic candida;Infections and infestations
10077116;Systemic infection;Infections and infestations
10052366;Systemic mycosis;Infections and infestations
10078452;Systemic viral infection;Infections and infestations
10056873;Tertiary syphilis;Infections and infestations
10064724;Testicular abscess;Infections and infestations
10043376;Tetanus;Infections and infestations
10043378;Tetanus neonatorum;Infections and infestations
10043593;Thrombophlebitis septic;Infections and infestations
10043676;Thymus abscess;Infections and infestations
10052485;Thyroglossal cyst infection;Infections and infestations
10043720;Thyroid echinococciasis;Infections and infestations
10090579;Thyroid gangrene;Infections and infestations
10051878;Thyroid gland abscess;Infections and infestations
10043774;Thyroid tuberculosis;Infections and infestations
10043841;Tick-borne fever;Infections and infestations
10043847;Tick-borne viral encephalitis;Infections and infestations
10066991;Tongue abscess;Infections and infestations
10053188;Torulopsis infection;Infections and infestations
10044248;Toxic shock syndrome;Infections and infestations
10044250;Toxic shock syndrome staphylococcal;Infections and infestations
10044251;Toxic shock syndrome streptococcal;Infections and infestations
10044269;Toxocariasis;Infections and infestations
10081956;Tracheal abscess;Infections and infestations
10044304;Tracheitis obstructive;Infections and infestations
10066335;Tracheostomy infection;Infections and infestations
10044325;Trachoma;Infections and infestations
10072753;Transmission of an infectious agent via product;Infections and infestations
10079738;Transmission of an infectious agent via transplant;Infections and infestations
10051340;Transplant abscess;Infections and infestations
10044582;Trench fever;Infections and infestations
10044621;Trichomoniasis intestinal;Infections and infestations
10044627;Trichostrongyliasis;Infections and infestations
10065258;Tropical eosinophilia;Infections and infestations
10044696;Tropical spastic paresis;Infections and infestations
10067653;Tropical ulcer;Infections and infestations
10044707;Trypanosomiasis;Infections and infestations
10044729;Tuberculoid leprosy;Infections and infestations
10089070;Tuberculoma;Infections and infestations
10052883;Tuberculoma of central nervous system;Infections and infestations
10044755;Tuberculosis;Infections and infestations
10044758;Tuberculosis bladder;Infections and infestations
10061390;Tuberculosis gastrointestinal;Infections and infestations
10058120;Tuberculosis liver;Infections and infestations
10061391;Tuberculosis of central nervous system;Infections and infestations
10044819;Tuberculosis of eye;Infections and infestations
10044828;Tuberculosis of genitourinary system;Infections and infestations
10044846;Tuberculosis of intrathoracic lymph nodes;Infections and infestations
10044965;Tuberculosis of peripheral lymph nodes;Infections and infestations
10086673;Tuberculosis of uterine cervix;Infections and infestations
10045026;Tuberculosis ureter;Infections and infestations
10052884;Tuberculous abscess central nervous system;Infections and infestations
10071559;Tuberculous endometritis;Infections and infestations
10045072;Tuberculous laryngitis;Infections and infestations
10086676;Tuberculous pelvic inflammatory disease;Infections and infestations
10045104;Tuberculous pleurisy;Infections and infestations
10059161;Tuberculous tenosynovitis;Infections and infestations
10054824;Tubo-ovarian abscess;Infections and infestations
10045146;Tularaemia;Infections and infestations
10070517;Type 2 lepra reaction;Infections and infestations
10045275;Typhoid fever;Infections and infestations
10061393;Typhus;Infections and infestations
10045460;Umbilical hernia gangrenous;Infections and infestations
10045470;Umbilical sepsis;Infections and infestations
10062219;Upper respiratory fungal infection;Infections and infestations
10065186;Upper respiratory tract infection helminthic;Infections and infestations
10087963;Urachal sinus infection;Infections and infestations
10061395;Ureter abscess;Infections and infestations
10051250;Ureteritis;Infections and infestations
10046424;Urethral abscess;Infections and infestations
10046470;Urethral stricture post infection;Infections and infestations
10046483;Urethritis gonococcal;Infections and infestations
10051959;Urinary bladder abscess;Infections and infestations
10066757;Urinary tract abscess;Infections and infestations
10046572;Urinary tract infection enterococcal;Infections and infestations
10046573;Urinary tract infection neonatal;Infections and infestations
10062279;Urinary tract infection pseudomonal;Infections and infestations
10062280;Urinary tract infection staphylococcal;Infections and infestations
10048709;Urosepsis;Infections and infestations
10063012;Uterine abscess;Infections and infestations
10062233;Uterine infection;Infections and infestations
10076173;Vaccination site joint infection;Infections and infestations
10076716;Vaccine associated paralytic poliomyelitis;Infections and infestations
10049573;Vaginal abscess;Infections and infestations
10052301;Vaginal cellulitis;Infections and infestations
10067186;Vaginitis chlamydial;Infections and infestations
10064199;Variant Creutzfeldt-Jakob disease;Infections and infestations
10086746;Varicella encephalitis;Infections and infestations
10077496;Varicella keratitis;Infections and infestations
10086747;Varicella meningitis;Infections and infestations
10074241;Varicella zoster gastritis;Infections and infestations
10074243;Varicella zoster oesophagitis;Infections and infestations
10074254;Varicella zoster pneumonia;Infections and infestations
10074298;Varicella zoster sepsis;Infections and infestations
10087746;Varicella zoster viraemia;Infections and infestations
10085936;Vascular access site abscess;Infections and infestations
10080714;Vascular device infection;Infections and infestations
10084057;Vascular graft infection;Infections and infestations
10047393;Vestibular neuronitis;Infections and infestations
10080490;Vibrio vulnificus infection;Infections and infestations
10068767;Viral cardiomyopathy;Infections and infestations
10054775;Viral corneal ulcer;Infections and infestations
10074996;Viral epiglottitis;Infections and infestations
10059346;Viral haemorrhagic cystitis;Infections and infestations
10078694;Viral keratouveitis;Infections and infestations
10071763;Viral myelitis;Infections and infestations
10047470;Viral myocarditis;Infections and infestations
10051512;Viral myositis;Infections and infestations
10060190;Viral oesophagitis;Infections and infestations
10047472;Viral pericarditis;Infections and infestations
10071362;Viral sepsis;Infections and infestations
10071005;Viral uveitis;Infections and infestations
10056281;Viral vasculitis;Infections and infestations
10047504;Visceral larva migrans;Infections and infestations
10047505;Visceral leishmaniasis;Infections and infestations
10047646;Vitreous abscess;Infections and infestations
10082583;Vitritis infective;Infections and infestations
10053696;Vorticella infection;Infections and infestations
10047732;Vulval abscess;Infections and infestations
10067234;Vulvovaginitis chlamydial;Infections and infestations
10067235;Vulvovaginitis gonococcal;Infections and infestations
10067185;Vulvovaginitis streptococcal;Infections and infestations
10047847;Waterhouse-Friderichsen syndrome;Infections and infestations
10047903;Weil's disease;Infections and infestations
10047931;Whipple's disease;Infections and infestations
10071220;Withdrawal hepatitis;Infections and infestations
10065242;Wound infection fungal;Infections and infestations
10065243;Wound infection helminthic;Infections and infestations
10059444;Wound infection pseudomonas;Infections and infestations
10059442;Wound infection staphylococcal;Infections and infestations
10065241;Wound infection viral;Infections and infestations
10058041;Wound sepsis;Infections and infestations
10048234;Yaws;Infections and infestations
10048235;Yaws of bone;Infections and infestations
10048236;Yaws of skin;Infections and infestations
10048240;Yellow fever;Infections and infestations
10069198;Yellow fever vaccine-associated neurotropic disease;Infections and infestations
10069197;Yellow fever vaccine-associated viscerotropic disease;Infections and infestations
10058855;Yersinia bacteraemia;Infections and infestations
10080431;Yersinia meningitis;Infections and infestations
10072902;Yersinia sepsis;Infections and infestations
10081046;Zika virus associated Guillain Barre syndrome;Infections and infestations
10061417;Zoonotic bacterial infection;Infections and infestations
10089520;Zygomatic abscess;Infections and infestations
10000044;Abdomen crushing;Injury, poisoning and procedural complications
10066337;Abdominal wound dehiscence;Injury, poisoning and procedural complications
10000221;Abortion induced complete complicated;Injury, poisoning and procedural complications
10000223;Abortion induced complicated;Injury, poisoning and procedural complications
10053984;Abortion induced incomplete;Injury, poisoning and procedural complications
10000225;Abortion induced incomplete complicated;Injury, poisoning and procedural complications
10072950;Accidental device ingestion;Injury, poisoning and procedural complications
10072951;Accidental device ingestion by a child;Injury, poisoning and procedural complications
10088930;Accidental high spinal anaesthesia;Injury, poisoning and procedural complications
10000383;Accidental poisoning;Injury, poisoning and procedural complications
10000397;Acetabulum fracture;Injury, poisoning and procedural complications
10054881;Acquired pigmented retinopathy;Injury, poisoning and procedural complications
10066181;Acute haemolytic transfusion reaction;Injury, poisoning and procedural complications
10049979;Airway complication of anaesthesia;Injury, poisoning and procedural complications
10001605;Alcohol poisoning;Injury, poisoning and procedural complications
10066173;Allergic transfusion reaction;Injury, poisoning and procedural complications
10001907;Amblyopia alcohol;Injury, poisoning and procedural complications
10002100;Anaesthetic complication cardiac;Injury, poisoning and procedural complications
10052850;Anaesthetic complication foetal;Injury, poisoning and procedural complications
10002105;Anaesthetic complication neurological;Injury, poisoning and procedural complications
10002108;Anaesthetic complication pulmonary;Injury, poisoning and procedural complications
10060939;Anaesthetic complication vascular;Injury, poisoning and procedural complications
10055023;Anal injury;Injury, poisoning and procedural complications
10067113;Anaphylactic transfusion reaction;Injury, poisoning and procedural complications
10082905;Anastomotic erosion;Injury, poisoning and procedural complications
10068797;Anastomotic fistula;Injury, poisoning and procedural complications
10056346;Anastomotic haemorrhage;Injury, poisoning and procedural complications
10050456;Anastomotic leak;Injury, poisoning and procedural complications
10088635;Anastomotic obstruction;Injury, poisoning and procedural complications
10051268;Anastomotic stenosis;Injury, poisoning and procedural complications
10002243;Anastomotic ulcer;Injury, poisoning and procedural complications
10002244;Anastomotic ulcer haemorrhage;Injury, poisoning and procedural complications
10075395;Aneurysm perforation;Injury, poisoning and procedural complications
10075396;Aneurysm recanalisation;Injury, poisoning and procedural complications
10079586;Aortic annulus rupture;Injury, poisoning and procedural complications
10002899;Aortic injury;Injury, poisoning and procedural complications
10082505;Aortic pseudoaneurysm;Injury, poisoning and procedural complications
10076836;Aortic restenosis;Injury, poisoning and procedural complications
10079588;Aortic root compression;Injury, poisoning and procedural complications
10070497;Aqueous humour leakage;Injury, poisoning and procedural complications
10003162;Arterial injury;Injury, poisoning and procedural complications
10051113;Arterial restenosis;Injury, poisoning and procedural complications
10066916;Arteriovenous fistula aneurysm;Injury, poisoning and procedural complications
10076693;Arteriovenous fistula maturation failure;Injury, poisoning and procedural complications
10058562;Arteriovenous fistula occlusion;Injury, poisoning and procedural complications
10055123;Arteriovenous fistula site haemorrhage;Injury, poisoning and procedural complications
10003192;Arteriovenous fistula thrombosis;Injury, poisoning and procedural complications
10064775;Arteriovenous graft aneurysm;Injury, poisoning and procedural complications
10055126;Arteriovenous graft site haemorrhage;Injury, poisoning and procedural complications
10082595;Arteriovenous graft site necrosis;Injury, poisoning and procedural complications
10055147;Arteriovenous graft site stenosis;Injury, poisoning and procedural complications
10053182;Arteriovenous graft thrombosis;Injury, poisoning and procedural complications
10075253;Atrio-oesophageal fistula;Injury, poisoning and procedural complications
10070884;Atypical femur fracture;Injury, poisoning and procedural complications
10072395;Atypical fracture;Injury, poisoning and procedural complications
10003879;Axillary nerve injury;Injury, poisoning and procedural complications
10004485;Berylliosis;Injury, poisoning and procedural complications
10079927;Biliary-vascular fistula;Injury, poisoning and procedural complications
10059032;Blood stem cell transplant failure;Injury, poisoning and procedural complications
10085596;Bone cement implantation syndrome;Injury, poisoning and procedural complications
10005972;Bone graft lysis;Injury, poisoning and procedural complications
10052346;Brain contusion;Injury, poisoning and procedural complications
10006126;Brain herniation;Injury, poisoning and procedural complications
10088328;Brain radiation necrosis;Injury, poisoning and procedural complications
10059391;Breast injury;Injury, poisoning and procedural complications
10069394;Bronchitis chemical;Injury, poisoning and procedural complications
10075532;Burn oral cavity;Injury, poisoning and procedural complications
10066483;Burns fourth degree;Injury, poisoning and procedural complications
10006803;Burns third degree;Injury, poisoning and procedural complications
10070771;Capnothorax;Injury, poisoning and procedural complications
10063937;Capsular block syndrome;Injury, poisoning and procedural complications
10073356;Cardiac contusion;Injury, poisoning and procedural complications
10007567;Cardiac function disturbance postoperative;Injury, poisoning and procedural complications
10076751;Cardiac herniation;Injury, poisoning and procedural complications
10069121;Cardiac septal defect residual shunt;Injury, poisoning and procedural complications
10053748;Cardiac valve replacement complication;Injury, poisoning and procedural complications
10068165;Cardiac valve rupture;Injury, poisoning and procedural complications
10064408;Cardiac vein dissection;Injury, poisoning and procedural complications
10064409;Cardiac vein perforation;Injury, poisoning and procedural complications
10072558;Carotid artery restenosis;Injury, poisoning and procedural complications
10050484;Cement embolism;Injury, poisoning and procedural complications
10054839;Central cord syndrome;Injury, poisoning and procedural complications
10075423;Cerebral artery restenosis;Injury, poisoning and procedural complications
10064730;Cerebral hyperperfusion syndrome;Injury, poisoning and procedural complications
10078161;Cerebral radiation injury;Injury, poisoning and procedural complications
10073706;Cerebral ventricle collapse;Injury, poisoning and procedural complications
10049946;Cervical vertebral fracture;Injury, poisoning and procedural complications
10078266;Cervix injury;Injury, poisoning and procedural complications
10073162;Chance fracture;Injury, poisoning and procedural complications
10070776;Chemical burn of gastrointestinal tract;Injury, poisoning and procedural complications
10070775;Chemical burn of respiratory tract;Injury, poisoning and procedural complications
10008422;Chemical burns of eye;Injury, poisoning and procedural complications
10070419;Chemical peritonitis;Injury, poisoning and procedural complications
10008428;Chemical poisoning;Injury, poisoning and procedural complications
10008468;Chest crushing;Injury, poisoning and procedural complications
10061386;Chest injury;Injury, poisoning and procedural complications
10008513;Child maltreatment syndrome;Injury, poisoning and procedural complications
10076662;Closed globe injury;Injury, poisoning and procedural complications
10087063;Cochlear injury;Injury, poisoning and procedural complications
10052614;Comminuted fracture;Injury, poisoning and procedural complications
10010149;Complicated fracture;Injury, poisoning and procedural complications
10010162;Complications of bone marrow transplant;Injury, poisoning and procedural complications
10064686;Complications of intestinal transplant;Injury, poisoning and procedural complications
10010165;Complications of limb reattachment surgery;Injury, poisoning and procedural complications
10010183;Complications of transplant surgery;Injury, poisoning and procedural complications
10010184;Complications of transplanted heart;Injury, poisoning and procedural complications
10010185;Complications of transplanted kidney;Injury, poisoning and procedural complications
10010186;Complications of transplanted liver;Injury, poisoning and procedural complications
10010187;Complications of transplanted lung;Injury, poisoning and procedural complications
10010190;Complications of transplanted pancreas;Injury, poisoning and procedural complications
10072894;Contrast encephalopathy;Injury, poisoning and procedural complications
10086034;Corneal epithelial downgrowth;Injury, poisoning and procedural complications
10081851;Corneal graft failure;Injury, poisoning and procedural complications
10053261;Coronary artery reocclusion;Injury, poisoning and procedural complications
10056489;Coronary artery restenosis;Injury, poisoning and procedural complications
10077824;Coronary bypass stenosis;Injury, poisoning and procedural complications
10059025;Coronary bypass thrombosis;Injury, poisoning and procedural complications
10084806;Coronary sinus injury;Injury, poisoning and procedural complications
10075162;Coronary vascular graft occlusion;Injury, poisoning and procedural complications
10077334;Coronary vascular graft stenosis;Injury, poisoning and procedural complications
10070814;Corrosive gastritis;Injury, poisoning and procedural complications
10061094;Cranial nerve injury;Injury, poisoning and procedural complications
10070976;Craniocerebral injury;Injury, poisoning and procedural complications
10086533;Craniocervical dislocation;Injury, poisoning and procedural complications
10077603;Craniofacial fracture;Injury, poisoning and procedural complications
10061097;Crush injury;Injury, poisoning and procedural complications
10011459;Crushing injury of trunk;Injury, poisoning and procedural complications
10049095;Decerebration;Injury, poisoning and procedural complications
10078930;Decreased embryo viability;Injury, poisoning and procedural complications
10074718;Deep dissecting haematoma;Injury, poisoning and procedural complications
10066881;Deep vein thrombosis postoperative;Injury, poisoning and procedural complications
10051396;Delayed engraftment;Injury, poisoning and procedural complications
10076664;Delayed graft function;Injury, poisoning and procedural complications
10085563;Delayed haematopoietic reconstitution;Injury, poisoning and procedural complications
10066182;Delayed haemolytic transfusion reaction;Injury, poisoning and procedural complications
10090434;Delayed neutrophil engraftment;Injury, poisoning and procedural complications
10090435;Delayed platelet engraftment;Injury, poisoning and procedural complications
10072263;Delayed serologic transfusion reaction;Injury, poisoning and procedural complications
10074808;Delayed spinal fusion;Injury, poisoning and procedural complications
10087273;Depressed fracture;Injury, poisoning and procedural complications
10059256;Dialysis disequilibrium syndrome;Injury, poisoning and procedural complications
10058553;Diaphragmatic injury;Injury, poisoning and procedural complications
10066213;Diffuse axonal injury;Injury, poisoning and procedural complications
10060906;Dilutional coagulopathy;Injury, poisoning and procedural complications
10050429;Disinfectant poisoning;Injury, poisoning and procedural complications
10054892;Dislocation of sternum;Injury, poisoning and procedural complications
10013183;Dislocation of vertebra;Injury, poisoning and procedural complications
10085627;Duodenal rupture;Injury, poisoning and procedural complications
10063395;Dural tear;Injury, poisoning and procedural complications
10061112;Dust inhalation pneumopathy;Injury, poisoning and procedural complications
10056319;Ear canal injury;Injury, poisoning and procedural complications
10013998;Ear canal stenosis postoperative;Injury, poisoning and procedural complications
10063349;Endotracheal intubation complication;Injury, poisoning and procedural complications
10068081;Engraft failure;Injury, poisoning and procedural complications
10073681;Epidural haemorrhage;Injury, poisoning and procedural complications
10015742;External genitalia crushing;Injury, poisoning and procedural complications
10078254;Extra-axial haemorrhage;Injury, poisoning and procedural complications
10015769;Extradural haematoma;Injury, poisoning and procedural complications
10084796;Extrahepatic biliary tree injury;Injury, poisoning and procedural complications
10015948;Eye luxation;Injury, poisoning and procedural complications
10015971;Eyeball avulsion;Injury, poisoning and procedural complications
10016023;Face crushing;Injury, poisoning and procedural complications
10090476;Failed vacuum extraction delivery;Injury, poisoning and procedural complications
10016246;Fat embolism;Injury, poisoning and procedural complications
10016450;Femoral neck fracture;Injury, poisoning and procedural complications
10016451;Femoral nerve injury;Injury, poisoning and procedural complications
10016454;Femur fracture;Injury, poisoning and procedural complications
10016747;Flail chest;Injury, poisoning and procedural complications
10080908;Flap necrosis;Injury, poisoning and procedural complications
10017000;Foreign body aspiration;Injury, poisoning and procedural complications
10083433;Foreign body in throat;Injury, poisoning and procedural complications
10078947;Fourth degree chemical burn of skin;Injury, poisoning and procedural complications
10052530;Fracture of penis;Injury, poisoning and procedural complications
10017310;Fractured skull depressed;Injury, poisoning and procedural complications
10079393;Gadolinium deposition disease;Injury, poisoning and procedural complications
10085369;Gastrointestinal anastomotic haemorrhage;Injury, poisoning and procedural complications
10065879;Gastrointestinal anastomotic leak;Injury, poisoning and procedural complications
10078817;Gastrointestinal anastomotic stenosis;Injury, poisoning and procedural complications
10078655;Gastrointestinal organ contusion;Injury, poisoning and procedural complications
10065712;Gastrointestinal stoma necrosis;Injury, poisoning and procedural complications
10078948;Genotoxicity;Injury, poisoning and procedural complications
10058060;Graft complication;Injury, poisoning and procedural complications
10063577;Graft haemorrhage;Injury, poisoning and procedural complications
10059399;Graft ischaemia;Injury, poisoning and procedural complications
10051269;Graft thrombosis;Injury, poisoning and procedural complications
10067122;Haemolytic transfusion reaction;Injury, poisoning and procedural complications
10087135;Head crushing injury;Injury, poisoning and procedural complications
10087136;Heart transplant failure;Injury, poisoning and procedural complications
10087137;Heart-lung transplant failure;Injury, poisoning and procedural complications
10019707;Hepatic rupture;Injury, poisoning and procedural complications
10020100;Hip fracture;Injury, poisoning and procedural complications
10059393;Hoigne's syndrome;Injury, poisoning and procedural complications
10064887;Hyperaluminaemia;Injury, poisoning and procedural complications
10020923;Hyphaema;Injury, poisoning and procedural complications
10021014;Hypoinsulinaemia postoperative;Injury, poisoning and procedural complications
10072264;Hypotensive transfusion reaction;Injury, poisoning and procedural complications
10021281;IIIrd nerve injury;Injury, poisoning and procedural complications
10021343;Ilium fracture;Injury, poisoning and procedural complications
10021546;Implant tissue necrosis;Injury, poisoning and procedural complications
10083531;Incarcerated parastomal hernia;Injury, poisoning and procedural complications
10085391;Incisional hernia perforation;Injury, poisoning and procedural complications
10052844;Induced abortion haemorrhage;Injury, poisoning and procedural complications
10022158;Injury to brachial plexus due to birth trauma;Injury, poisoning and procedural complications
10049999;Intoxication by breast feeding;Injury, poisoning and procedural complications
10084795;Intra-abdominal vascular injury;Injury, poisoning and procedural complications
10081061;Intra-ocular injection complication;Injury, poisoning and procedural complications
10056382;Intraoperative cerebral artery occlusion;Injury, poisoning and procedural complications
10057413;Iris injury;Injury, poisoning and procedural complications
10070589;Ischaemic contracture of the left ventricle;Injury, poisoning and procedural complications
10023108;IVth nerve injury;Injury, poisoning and procedural complications
10023149;Jaw fracture;Injury, poisoning and procedural complications
10059166;Keratorhexis;Injury, poisoning and procedural complications
10023413;Kidney contusion;Injury, poisoning and procedural complications
10023434;Kidney rupture;Injury, poisoning and procedural complications
10080618;Kidney transplant rupture;Injury, poisoning and procedural complications
10057441;Laryngeal injury;Injury, poisoning and procedural complications
10074768;Laryngeal nerve dysfunction;Injury, poisoning and procedural complications
10064031;Limb crushing injury;Injury, poisoning and procedural complications
10088648;Lipohaemarthrosis;Injury, poisoning and procedural complications
10067266;Liver contusion;Injury, poisoning and procedural complications
10083175;Liver transplant failure;Injury, poisoning and procedural complications
10082534;Local anaesthetic systemic toxicity;Injury, poisoning and procedural complications
10085508;Loss of CAR T-cell persistence;Injury, poisoning and procedural complications
10049947;Lumbar vertebral fracture;Injury, poisoning and procedural complications
10025015;Lumbosacral plexus injury;Injury, poisoning and procedural complications
10026923;Maternal drugs affecting foetus;Injury, poisoning and procedural complications
10027067;Median nerve injury;Injury, poisoning and procedural complications
10027206;Meningitis chemical;Injury, poisoning and procedural complications
10027439;Metal poisoning;Injury, poisoning and procedural complications
10027440;Metallosis of globe;Injury, poisoning and procedural complications
10070288;Mucocutaneous flap necrosis;Injury, poisoning and procedural complications
10028200;Multiple fractures;Injury, poisoning and procedural complications
10028331;Muscle rupture;Injury, poisoning and procedural complications
10056905;Near drowning;Injury, poisoning and procedural complications
10028829;Neck crushing;Injury, poisoning and procedural complications
10048850;Necrotic preservation injury of graft;Injury, poisoning and procedural complications
10078986;Neonatal toxicity;Injury, poisoning and procedural complications
10083416;Neovaginal fistula;Injury, poisoning and procedural complications
10061310;Nerve root injury;Injury, poisoning and procedural complications
10029183;Nerve root injury cervical;Injury, poisoning and procedural complications
10029184;Nerve root injury lumbar;Injury, poisoning and procedural complications
10029187;Nerve root injury thoracic;Injury, poisoning and procedural complications
10090431;Neutrophil engraftment failure;Injury, poisoning and procedural complications
10058522;Oesophageal injury;Injury, poisoning and procedural complications
10030218;Oesophagitis chemical;Injury, poisoning and procedural complications
10030527;Open fracture;Injury, poisoning and procedural complications
10076717;Open globe injury;Injury, poisoning and procedural complications
10030938;Optic nerve injury;Injury, poisoning and procedural complications
10030949;Optic pathway injury;Injury, poisoning and procedural complications
10079172;Ovarian perforation;Injury, poisoning and procedural complications
10078654;Pancreatic contusion;Injury, poisoning and procedural complications
10076909;Pancreatic duct rupture;Injury, poisoning and procedural complications
10078652;Paranasal sinus injury;Injury, poisoning and procedural complications
10074559;Parasympathetic nerve injury;Injury, poisoning and procedural complications
10074151;Parenteral nutrition associated liver disease;Injury, poisoning and procedural complications
10050425;Paternal drugs affecting foetus;Injury, poisoning and procedural complications
10061161;Pelvic fracture;Injury, poisoning and procedural complications
10061405;Pelvic organ injury;Injury, poisoning and procedural complications
10069379;Peripheral arterial reocclusion;Injury, poisoning and procedural complications
10072557;Peripheral artery restenosis;Injury, poisoning and procedural complications
10034586;Peripheral nerve injury;Injury, poisoning and procedural complications
10079319;Periprocedural myocardial infarction;Injury, poisoning and procedural complications
10069135;Periprosthetic fracture;Injury, poisoning and procedural complications
10052306;Periprosthetic osteolysis;Injury, poisoning and procedural complications
10072458;Periureteral collection;Injury, poisoning and procedural complications
10065705;Pharyngeal anastomotic leak;Injury, poisoning and procedural complications
10061555;Pharyngeal injury;Injury, poisoning and procedural complications
10081767;Pharyngeal perforation;Injury, poisoning and procedural complications
10082761;Phrenic nerve injury;Injury, poisoning and procedural complications
10090432;Platelet engraftment failure;Injury, poisoning and procedural complications
10087134;Pleural injury;Injury, poisoning and procedural complications
10035653;Pneumoconiosis;Injury, poisoning and procedural complications
10035745;Pneumonitis chemical;Injury, poisoning and procedural complications
10061355;Poisoning;Injury, poisoning and procedural complications
10036000;Poisoning deliberate;Injury, poisoning and procedural complications
10077146;Post angioplasty restenosis;Injury, poisoning and procedural complications
10066592;Post procedural myocardial infarction;Injury, poisoning and procedural complications
10063909;Post procedural pulmonary embolism;Injury, poisoning and procedural complications
10066591;Post procedural stroke;Injury, poisoning and procedural complications
10072265;Post transfusion purpura;Injury, poisoning and procedural complications
10069579;Posterior fossa syndrome;Injury, poisoning and procedural complications
10075831;Postoperative hypopituitarism;Injury, poisoning and procedural complications
10056675;Postoperative renal failure;Injury, poisoning and procedural complications
10054809;Postoperative respiratory distress;Injury, poisoning and procedural complications
10072651;Postoperative respiratory failure;Injury, poisoning and procedural complications
10059599;Pseudomeningocele;Injury, poisoning and procedural complications
10037370;Pulmonary contusion;Injury, poisoning and procedural complications
10037427;Pulmonary oedema post fume inhalation;Injury, poisoning and procedural complications
10069388;Pulmonary oil microembolism;Injury, poisoning and procedural complications
10076203;Radiation associated cardiac failure;Injury, poisoning and procedural complications
10072281;Radiation associated haemorrhage;Injury, poisoning and procedural complications
10087433;Radiation cardiac injury;Injury, poisoning and procedural complications
10037756;Radiation cataract;Injury, poisoning and procedural complications
10037758;Radiation fibrosis - lung;Injury, poisoning and procedural complications
10051015;Radiation hepatitis;Injury, poisoning and procedural complications
10090581;Radiation hypoparathyroidism;Injury, poisoning and procedural complications
10087670;Radiation hypothyroidism;Injury, poisoning and procedural complications
10088375;Radiation induced encephalopathy;Injury, poisoning and procedural complications
10053602;Radiation injury affecting foetus;Injury, poisoning and procedural complications
10089460;Radiation leukoencephalopathy;Injury, poisoning and procedural complications
10067354;Radiation leukopenia;Injury, poisoning and procedural complications
10037764;Radiation myelopathy;Injury, poisoning and procedural complications
10076389;Radiation myocarditis;Injury, poisoning and procedural complications
10067362;Radiation necrosis;Injury, poisoning and procedural complications
10087412;Radiation neutropenia;Injury, poisoning and procedural complications
10080726;Radiation pancreatitis;Injury, poisoning and procedural complications
10051308;Radiation pericarditis;Injury, poisoning and procedural complications
10037765;Radiation pneumonitis;Injury, poisoning and procedural complications
10064714;Radiation retinopathy;Injury, poisoning and procedural complications
10087413;Radiation thrombocytopenia;Injury, poisoning and procedural complications
10072587;Rectal injury;Injury, poisoning and procedural complications
10080626;Renal artery restenosis;Injury, poisoning and procedural complications
10074495;Renal transplant failure;Injury, poisoning and procedural complications
10077506;Restrictive allograft syndrome;Injury, poisoning and procedural complications
10057430;Retinal injury;Injury, poisoning and procedural complications
10070073;Scapulothoracic dissociation;Injury, poisoning and procedural complications
10064552;Shunt aneurysm;Injury, poisoning and procedural complications
10040621;Shunt occlusion;Injury, poisoning and procedural complications
10059054;Shunt thrombosis;Injury, poisoning and procedural complications
10068774;Skin flap necrosis;Injury, poisoning and procedural complications
10053209;Skin graft failure;Injury, poisoning and procedural complications
10087386;Skin graft necrosis;Injury, poisoning and procedural complications
10061365;Skull fracture;Injury, poisoning and procedural complications
10040960;Skull fractured base;Injury, poisoning and procedural complications
10069380;Small-for-size liver syndrome;Injury, poisoning and procedural complications
10041552;Spinal cord injury;Injury, poisoning and procedural complications
10041553;Spinal cord injury cauda equina;Injury, poisoning and procedural complications
10041554;Spinal cord injury cervical;Injury, poisoning and procedural complications
10041555;Spinal cord injury lumbar;Injury, poisoning and procedural complications
10041557;Spinal cord injury sacral;Injury, poisoning and procedural complications
10041558;Spinal cord injury thoracic;Injury, poisoning and procedural complications
10041569;Spinal fracture;Injury, poisoning and procedural complications
10074807;Spinal fusion fracture;Injury, poisoning and procedural complications
10049679;Spinal shock;Injury, poisoning and procedural complications
10073533;Spleen contusion;Injury, poisoning and procedural complications
10041658;Splenic rupture;Injury, poisoning and procedural complications
10042015;Sternal fracture;Injury, poisoning and procedural complications
10074565;Stoma obstruction;Injury, poisoning and procedural complications
10074511;Stoma site ischaemia;Injury, poisoning and procedural complications
10074515;Stoma site thrombosis;Injury, poisoning and procedural complications
10042255;Struck by lightning;Injury, poisoning and procedural complications
10076701;Subarachnoid haematoma;Injury, poisoning and procedural complications
10042317;Subarachnoid haemorrhage neonatal;Injury, poisoning and procedural complications
10042361;Subdural haematoma;Injury, poisoning and procedural complications
10042364;Subdural haemorrhage;Injury, poisoning and procedural complications
10042741;Sympathetic nerve injury;Injury, poisoning and procedural complications
10087677;Tardive seizure;Injury, poisoning and procedural complications
10079208;Testicular rupture;Injury, poisoning and procedural complications
10049267;Thermal burns of eye;Injury, poisoning and procedural complications
10078946;Third degree chemical burn of skin;Injury, poisoning and procedural complications
10049948;Thoracic vertebral fracture;Injury, poisoning and procedural complications
10078653;Thyroid gland injury;Injury, poisoning and procedural complications
10066366;Toxic anterior segment syndrome;Injury, poisoning and procedural complications
10062543;Tracheal haemorrhage;Injury, poisoning and procedural complications
10044291;Tracheal obstruction;Injury, poisoning and procedural complications
10071090;Transfusion related complication;Injury, poisoning and procedural complications
10044360;Transfusion with incompatible blood;Injury, poisoning and procedural complications
10072266;Transfusion-associated dyspnoea;Injury, poisoning and procedural complications
10052235;Transfusion-related acute lung injury;Injury, poisoning and procedural complications
10081503;Transfusion-related alloimmune neutropenia;Injury, poisoning and procedural complications
10066174;Transfusion-related circulatory overload;Injury, poisoning and procedural complications
10074860;Transplant dysfunction;Injury, poisoning and procedural complications
10060872;Transplant failure;Injury, poisoning and procedural complications
10044522;Traumatic haematoma;Injury, poisoning and procedural complications
10074487;Traumatic haemothorax;Injury, poisoning and procedural complications
10079013;Traumatic intracranial haematoma;Injury, poisoning and procedural complications
10061387;Traumatic intracranial haemorrhage;Injury, poisoning and procedural complications
10090895;Traumatic subarachnoid haemorrhage;Injury, poisoning and procedural complications
10072338;Unilateral bronchospasm;Injury, poisoning and procedural complications
10046405;Ureteric injury;Injury, poisoning and procedural complications
10070301;Uterine dehiscence;Injury, poisoning and procedural complications
10061401;Uterine injury;Injury, poisoning and procedural complications
10046810;Uterine perforation;Injury, poisoning and procedural complications
10046820;Uterine rupture;Injury, poisoning and procedural complications
10068148;Uveitis-glaucoma-hyphaema syndrome;Injury, poisoning and procedural complications
10077763;Vascular access site dissection;Injury, poisoning and procedural complications
10085935;Vascular access site necrosis;Injury, poisoning and procedural complications
10077648;Vascular access site occlusion;Injury, poisoning and procedural complications
10077652;Vascular access site rupture;Injury, poisoning and procedural complications
10078675;Vascular access site thrombosis;Injury, poisoning and procedural complications
10063079;Vascular anastomosis aneurysm;Injury, poisoning and procedural complications
10084092;Vascular anastomotic haemorrhage;Injury, poisoning and procedural complications
10062170;Vascular bypass dysfunction;Injury, poisoning and procedural complications
10064252;Vascular graft complication;Injury, poisoning and procedural complications
10077721;Vascular graft haemorrhage;Injury, poisoning and procedural complications
10049060;Vascular graft occlusion;Injury, poisoning and procedural complications
10077331;Vascular graft restenosis;Injury, poisoning and procedural complications
10077330;Vascular graft stenosis;Injury, poisoning and procedural complications
10069922;Vascular graft thrombosis;Injury, poisoning and procedural complications
10053949;Vascular pseudoaneurysm ruptured;Injury, poisoning and procedural complications
10078269;Vascular pseudoaneurysm thrombosis;Injury, poisoning and procedural complications
10067080;Vasoplegia syndrome;Injury, poisoning and procedural complications
10047194;Vena cava injury;Injury, poisoning and procedural complications
10047228;Venous injury;Injury, poisoning and procedural complications
10090039;Venous restenosis;Injury, poisoning and procedural complications
10047639;VIth nerve injury;Injury, poisoning and procedural complications
10057436;Vitreous injury;Injury, poisoning and procedural complications
10071212;Vulvovaginal injury;Injury, poisoning and procedural complications
10053208;Wound decomposition;Injury, poisoning and procedural complications
10053716;Wound necrosis;Injury, poisoning and procedural complications
10048224;XIIth nerve injury;Injury, poisoning and procedural complications
10059976;Albumin CSF abnormal;Investigations
10059979;Albumin CSF decreased;Investigations
10059978;Albumin CSF increased;Investigations
10001776;Alpha 1 foetoprotein amniotic fluid abnormal;Investigations
10001778;Alpha 1 foetoprotein amniotic fluid increased;Investigations
10001959;Amniocentesis abnormal;Investigations
10001965;Amnioscopy abnormal;Investigations
10064845;Amniotic fluid erythropoietin level increased;Investigations
10067079;Amniotic fluid index abnormal;Investigations
10063356;Amniotic fluid volume decreased;Investigations
10063357;Amniotic fluid volume increased;Investigations
10078834;Amniotic membrane rupture test positive;Investigations
10076778;Anti factor IX antibody increased;Investigations
10058748;Anti factor IX antibody positive;Investigations
10076777;Anti factor VIII antibody increased;Investigations
10049013;Anti factor VIII antibody positive;Investigations
10048537;Biopsy chorionic villous abnormal;Investigations
10058370;Biopsy foetal abnormal;Investigations
10062274;Blast cell count increased;Investigations
10089857;Cancer cells present;Investigations
10085254;Cancer cells urine present;Investigations
10007266;Carcinoembryonic antigen increased;Investigations
10007980;Central venous pressure increased;Investigations
10088672;Circulating tumour cell count positive;Investigations
10075616;Columbia suicide severity rating scale abnormal;Investigations
10011521;CSF cell count abnormal;Investigations
10011522;CSF cell count increased;Investigations
10011529;CSF culture positive;Investigations
10011531;CSF electrophoresis abnormal;Investigations
10079291;CSF eosinophil count increased;Investigations
10011536;CSF glucose abnormal;Investigations
10011537;CSF glucose decreased;Investigations
10050763;CSF glucose increased;Investigations
10011540;CSF granulocyte count abnormal;Investigations
10064339;CSF immunoglobulin decreased;Investigations
10064338;CSF immunoglobulin increased;Investigations
10059749;CSF lactate abnormal;Investigations
10059751;CSF lactate decreased;Investigations
10011544;CSF lactate dehydrogenase increased;Investigations
10059750;CSF lactate increased;Investigations
10069601;CSF leukocyte/erythrocyte ratio increased;Investigations
10011548;CSF lymphocyte count abnormal;Investigations
10011549;CSF lymphocyte count increased;Investigations
10061795;CSF measles antibody positive;Investigations
10053798;CSF monocyte count increased;Investigations
10053801;CSF monocyte count positive;Investigations
10064741;CSF mononuclear cell count increased;Investigations
10059753;CSF myelin basic protein abnormal;Investigations
10059755;CSF myelin basic protein decreased;Investigations
10059754;CSF myelin basic protein increased;Investigations
10053803;CSF neutrophil count increased;Investigations
10011557;CSF neutrophil count positive;Investigations
10011562;CSF oligoclonal band present;Investigations
10011564;CSF pH abnormal;Investigations
10011565;CSF pH decreased;Investigations
10011566;CSF pH increased;Investigations
10064739;CSF polymorphonuclear cell count increased;Investigations
10061798;CSF pressure abnormal;Investigations
10011570;CSF pressure increased;Investigations
10011573;CSF protein abnormal;Investigations
10011575;CSF protein increased;Investigations
10075562;CSF red blood cell count positive;Investigations
10011582;CSF specific gravity abnormal;Investigations
10011583;CSF specific gravity decreased;Investigations
10011584;CSF specific gravity increased;Investigations
10059703;CSF test abnormal;Investigations
10061800;CSF virus identified;Investigations
10053805;CSF white blood cell count increased;Investigations
10061100;CSF white blood cell count positive;Investigations
10070381;Ebola virus test positive;Investigations
10075299;ECG signs of myocardial infarction;Investigations
10014372;Electrocardiogram delta waves abnormal;Investigations
10064209;Electrocardiogram P pulmonale;Investigations
10014374;Electrocardiogram PR shortened;Investigations
10051177;Electrocardiogram Q wave abnormal;Investigations
10014380;Electrocardiogram QRS complex prolonged;Investigations
10051158;Electrocardiogram QRS complex shortened;Investigations
10063748;Electrocardiogram QT interval abnormal;Investigations
10014387;Electrocardiogram QT prolonged;Investigations
10014388;Electrocardiogram QT shortened;Investigations
10048883;Electrocardiogram R on T phenomenon;Investigations
10052464;Electrocardiogram repolarisation abnormality;Investigations
10014391;Electrocardiogram ST segment depression;Investigations
10014392;Electrocardiogram ST segment elevation;Investigations
10049224;Electrocardiogram ST-T segment depression;Investigations
10049225;Electrocardiogram ST-T segment elevation;Investigations
10050382;Electrocardiogram T wave biphasic;Investigations
10014395;Electrocardiogram T wave inversion;Investigations
10071384;Expanded disability status scale score increased;Investigations
10075679;FIP1L1/PDGFR alpha fusion kinase positive;Investigations
10078124;Foetal biophysical profile score abnormal;Investigations
10087477;Foetal brain scan abnormal;Investigations
10087476;Foetal cardiac function test abnormal;Investigations
10077579;Foetal gastrointestinal tract imaging abnormal;Investigations
10051136;Foetal heart rate decreased;Investigations
10051138;Foetal heart rate increased;Investigations
10077580;Foetal musculoskeletal imaging abnormal;Investigations
10077581;Foetal renal imaging abnormal;Investigations
10019150;Haptoglobin decreased;Investigations
10078957;JC virus CSF test positive;Investigations
10072577;Kleihauer-Betke test positive;Investigations
10070344;Lyssavirus test positive;Investigations
10077291;Model for end stage liver disease score abnormal;Investigations
10077292;Model for end stage liver disease score increased;Investigations
10072881;Modified Rankin score increased;Investigations
10078279;Myeloblast present;Investigations
10075211;Myocardial necrosis marker increased;Investigations
10088797;NTRK gene fusion positive;Investigations
10034877;Philadelphia chromosome positive;Investigations
10038170;Red blood cell sickled cells present;Investigations
10068479;SI QIII TIII pattern;Investigations
10077578;Ultrasound foetal abnormal;Investigations
10084637;Umbilical artery vascular resistance increased;Investigations
10067285;Vascular resistance pulmonary increased;Investigations
10000483;Acid-base balance disorder mixed;Metabolism and nutrition disorders
10077257;Adult failure to thrive;Metabolism and nutrition disorders
10079252;Alcoholic ketoacidosis;Metabolism and nutrition disorders
10001937;Amino acid catabolism disorder;Metabolism and nutrition disorders
10001938;Amino acid metabolism disorder;Metabolism and nutrition disorders
10006895;Cachexia;Metabolism and nutrition disorders
10051714;Calciphylaxis;Metabolism and nutrition disorders
10012601;Diabetes mellitus;Metabolism and nutrition disorders
10012607;Diabetes mellitus inadequate control;Metabolism and nutrition disorders
10050197;Diabetes mellitus malnutrition-related;Metabolism and nutrition disorders
10012631;Diabetes with hyperosmolarity;Metabolism and nutrition disorders
10012671;Diabetic ketoacidosis;Metabolism and nutrition disorders
10012673;Diabetic ketosis;Metabolism and nutrition disorders
10074309;Diabetic metabolic decompensation;Metabolism and nutrition disorders
10061107;Disaccharide metabolism disorder;Metabolism and nutrition disorders
10080061;Euglycaemic diabetic ketoacidosis;Metabolism and nutrition disorders
10016165;Failure to thrive;Metabolism and nutrition disorders
10016260;Fatty acid deficiency;Metabolism and nutrition disorders
10072628;Fulminant type 1 diabetes mellitus;Metabolism and nutrition disorders
10017605;Galactose intolerance;Metabolism and nutrition disorders
10085610;Hepatogenous diabetes;Metabolism and nutrition disorders
10073509;Hyperammonaemic crisis;Metabolism and nutrition disorders
10049645;Hypercatabolism;Metabolism and nutrition disorders
10020606;Hyperchylomicronaemia;Metabolism and nutrition disorders
10087319;Hyperglycaemic crisis;Metabolism and nutrition disorders
10063554;Hyperglycaemic hyperosmolar nonketotic syndrome;Metabolism and nutrition disorders
10077216;Hyperinsulinaemic hypoglycaemia;Metabolism and nutrition disorders
10020646;Hyperkalaemia;Metabolism and nutrition disorders
10020994;Hypoglycaemia neonatal;Metabolism and nutrition disorders
10085921;Hypoinsulinism;Metabolism and nutrition disorders
10021015;Hypokalaemia;Metabolism and nutrition disorders
10022472;Insulin autoimmune syndrome;Metabolism and nutrition disorders
10022491;Insulin resistant diabetes;Metabolism and nutrition disorders
10053247;Insulin-requiring type 2 diabetes mellitus;Metabolism and nutrition disorders
10023379;Ketoacidosis;Metabolism and nutrition disorders
10023392;Ketosis-prone diabetes mellitus;Metabolism and nutrition disorders
10023676;Lactic acidosis;Metabolism and nutrition disorders
10024004;Late metabolic acidosis of newborn;Metabolism and nutrition disorders
10063955;Lipoedema;Metabolism and nutrition disorders
10024626;Lipoprotein deficiency;Metabolism and nutrition disorders
10027635;Milk-alkali syndrome;Metabolism and nutrition disorders
10050029;Mitochondrial cytopathy;Metabolism and nutrition disorders
10053961;Mitochondrial toxicity;Metabolism and nutrition disorders
10075980;Monogenic diabetes;Metabolism and nutrition disorders
10028933;Neonatal diabetes mellitus;Metabolism and nutrition disorders
10086425;Neonatal hyperglycaemia;Metabolism and nutrition disorders
10049222;Neonatal hyponatraemia;Metabolism and nutrition disorders
10057037;Neonatal tetany;Metabolism and nutrition disorders
10080024;Nesidioblastosis;Metabolism and nutrition disorders
10082630;New onset diabetes after transplantation;Metabolism and nutrition disorders
10052621;Oroticaciduria;Metabolism and nutrition disorders
10049226;Oxalosis;Metabolism and nutrition disorders
10033660;Pancreatogenous diabetes;Metabolism and nutrition disorders
10082152;Paraneoplastic hypoglycaemia;Metabolism and nutrition disorders
10061347;Phosphorus metabolism disorder;Metabolism and nutrition disorders
10061350;Plasma protein metabolism disorder;Metabolism and nutrition disorders
10063181;Propofol infusion syndrome;Metabolism and nutrition disorders
10038236;Refeeding syndrome;Metabolism and nutrition disorders
10081396;ROHHAD syndrome;Metabolism and nutrition disorders
10040576;Shock hypoglycaemic;Metabolism and nutrition disorders
10074426;Sick cell syndrome;Metabolism and nutrition disorders
10041954;Starvation;Metabolism and nutrition disorders
10081755;Steroid diabetes;Metabolism and nutrition disorders
10045170;Tumour lysis syndrome;Metabolism and nutrition disorders
10067584;Type 1 diabetes mellitus;Metabolism and nutrition disorders
10067585;Type 2 diabetes mellitus;Metabolism and nutrition disorders
10072659;Type 3 diabetes mellitus;Metabolism and nutrition disorders
10046324;Uraemic acidosis;Metabolism and nutrition disorders
10064158;Acquired foramen magnum stenosis;Musculoskeletal and connective tissue disorders
10066072;Acral overgrowth;Musculoskeletal and connective tissue disorders
10085600;Acute aseptic arthritis;Musculoskeletal and connective tissue disorders
10064554;Amyloid arthropathy;Musculoskeletal and connective tissue disorders
10002027;Amyotrophy;Musculoskeletal and connective tissue disorders
10002556;Ankylosing spondylitis;Musculoskeletal and connective tissue disorders
10003267;Arthritis reactive;Musculoskeletal and connective tissue disorders
10071155;Autoimmune arthritis;Musculoskeletal and connective tissue disorders
10082418;Autoimmune myositis;Musculoskeletal and connective tissue disorders
10049824;Bone infarction;Musculoskeletal and connective tissue disorders
10081150;Bone sequestrum;Musculoskeletal and connective tissue disorders
10068183;Calcineurin inhibitor induced pain syndrome;Musculoskeletal and connective tissue disorders
10069494;Carcinomatous polyarthritis;Musculoskeletal and connective tissue disorders
10008313;Cervical spinal stenosis;Musculoskeletal and connective tissue disorders
10076597;Chest wall haematoma;Musculoskeletal and connective tissue disorders
10048831;Chest wall necrosis;Musculoskeletal and connective tissue disorders
10082974;Chondronecrosis;Musculoskeletal and connective tissue disorders
10078095;Chronic kidney disease-mineral and bone disorder;Musculoskeletal and connective tissue disorders
10010121;Compartment syndrome;Musculoskeletal and connective tissue disorders
10011380;CREST syndrome;Musculoskeletal and connective tissue disorders
10012503;Dermatomyositis;Musculoskeletal and connective tissue disorders
10087983;Diabetic myonecrosis;Musculoskeletal and connective tissue disorders
10013872;Dupuytren's contracture;Musculoskeletal and connective tissue disorders
10014954;Eosinophilic fasciitis;Musculoskeletal and connective tissue disorders
10015078;Epiphyses premature fusion;Musculoskeletal and connective tissue disorders
10088386;Exertional rhabdomyolysis;Musculoskeletal and connective tissue disorders
10086154;Facial myokymia;Musculoskeletal and connective tissue disorders
10016386;Felty's syndrome;Musculoskeletal and connective tissue disorders
10051004;Floppy infant;Musculoskeletal and connective tissue disorders
10017081;Fracture delayed union;Musculoskeletal and connective tissue disorders
10017085;Fracture malunion;Musculoskeletal and connective tissue disorders
10017088;Fracture nonunion;Musculoskeletal and connective tissue disorders
10071095;Growth failure;Musculoskeletal and connective tissue disorders
10053759;Growth retardation;Musculoskeletal and connective tissue disorders
10018829;Haemarthrosis;Musculoskeletal and connective tissue disorders
10065057;Haemophilic arthropathy;Musculoskeletal and connective tissue disorders
10062624;High turnover osteopathy;Musculoskeletal and connective tissue disorders
10062623;Hungry bone syndrome;Musculoskeletal and connective tissue disorders
10048615;Hypertonia neonatal;Musculoskeletal and connective tissue disorders
10081362;Hypophosphataemic osteomalacia;Musculoskeletal and connective tissue disorders
10090562;Hypothyroid myopathy;Musculoskeletal and connective tissue disorders
10021119;Hypotonia neonatal;Musculoskeletal and connective tissue disorders
10085970;Idiopathic inflammatory myopathy;Musculoskeletal and connective tissue disorders
10083155;Immune-mediated arthritis;Musculoskeletal and connective tissue disorders
10083073;Immune-mediated myositis;Musculoskeletal and connective tissue disorders
10077271;Immunoglobulin G4 related disease;Musculoskeletal and connective tissue disorders
10066407;Inclusion body myositis;Musculoskeletal and connective tissue disorders
10079106;Jaw fistula;Musculoskeletal and connective tissue disorders
10023203;Joint destruction;Musculoskeletal and connective tissue disorders
10059176;Juvenile idiopathic arthritis;Musculoskeletal and connective tissue disorders
10076673;Juvenile polymyositis;Musculoskeletal and connective tissue disorders
10076674;Juvenile psoriatic arthritis;Musculoskeletal and connective tissue disorders
10076675;Juvenile spondyloarthritis;Musculoskeletal and connective tissue disorders
10079642;Lupus myositis;Musculoskeletal and connective tissue disorders
10050551;Lupus-like syndrome;Musculoskeletal and connective tissue disorders
10077755;Malignant psoas syndrome;Musculoskeletal and connective tissue disorders
10050284;Melorheostosis;Musculoskeletal and connective tissue disorders
10065103;Mitochondrial myopathy acquired;Musculoskeletal and connective tissue disorders
10027754;Mixed connective tissue disease;Musculoskeletal and connective tissue disorders
10082326;Mueller-Weiss syndrome;Musculoskeletal and connective tissue disorders
10086276;Multifocal fibrosclerosis;Musculoskeletal and connective tissue disorders
10028309;Muscle haemorrhage;Musculoskeletal and connective tissue disorders
10028311;Muscle hypertrophy;Musculoskeletal and connective tissue disorders
10086278;Muscle infarction;Musculoskeletal and connective tissue disorders
10028320;Muscle necrosis;Musculoskeletal and connective tissue disorders
10028365;Muscular sarcoidosis;Musculoskeletal and connective tissue disorders
10082578;Musculoskeletal toxicity;Musculoskeletal and connective tissue disorders
10028643;Myopathy endocrine;Musculoskeletal and connective tissue disorders
10028648;Myopathy toxic;Musculoskeletal and connective tissue disorders
10064584;Myosclerosis;Musculoskeletal and connective tissue disorders
10074769;Necrotising myositis;Musculoskeletal and connective tissue disorders
10091290;Neonatal metabolic bone disease;Musculoskeletal and connective tissue disorders
10029326;Neuropathic arthropathy;Musculoskeletal and connective tissue disorders
10075469;Neuropathic muscular atrophy;Musculoskeletal and connective tissue disorders
10051253;Ochronosis;Musculoskeletal and connective tissue disorders
10031151;Osteitis deformans;Musculoskeletal and connective tissue disorders
10031233;Osteochondrosis;Musculoskeletal and connective tissue disorders
10031250;Osteomalacia;Musculoskeletal and connective tissue disorders
10031264;Osteonecrosis;Musculoskeletal and connective tissue disorders
10076896;Osteonecrosis of external auditory canal;Musculoskeletal and connective tissue disorders
10064658;Osteonecrosis of jaw;Musculoskeletal and connective tissue disorders
10031290;Osteoporotic fracture;Musculoskeletal and connective tissue disorders
10051937;Osteorrhagia;Musculoskeletal and connective tissue disorders
10033534;Palindromic rheumatism;Musculoskeletal and connective tissue disorders
10087850;Paradoxical psoriatic arthritis;Musculoskeletal and connective tissue disorders
10077507;Paraneoplastic arthritis;Musculoskeletal and connective tissue disorders
10066267;Paraneoplastic dermatomyositis;Musculoskeletal and connective tissue disorders
10034156;Pathological fracture;Musculoskeletal and connective tissue disorders
10085753;Peripheral spondyloarthritis;Musculoskeletal and connective tissue disorders
10034735;Perthes disease;Musculoskeletal and connective tissue disorders
10036030;Polyarthritis;Musculoskeletal and connective tissue disorders
10065159;Polychondritis;Musculoskeletal and connective tissue disorders
10036099;Polymyalgia rheumatica;Musculoskeletal and connective tissue disorders
10036102;Polymyositis;Musculoskeletal and connective tissue disorders
10037162;Psoriatic arthropathy;Musculoskeletal and connective tissue disorders
10058114;Purple glove syndrome;Musculoskeletal and connective tissue disorders
10081810;Pustulotic arthro-osteitis;Musculoskeletal and connective tissue disorders
10038519;Renal rickets;Musculoskeletal and connective tissue disorders
10070953;Reynold's syndrome;Musculoskeletal and connective tissue disorders
10039020;Rhabdomyolysis;Musculoskeletal and connective tissue disorders
10039054;Rheumatic fever;Musculoskeletal and connective tissue disorders
10039073;Rheumatoid arthritis;Musculoskeletal and connective tissue disorders
10039119;Rickets;Musculoskeletal and connective tissue disorders
10051316;SAPHO syndrome;Musculoskeletal and connective tissue disorders
10070579;Satoyoshi syndrome;Musculoskeletal and connective tissue disorders
10039710;Scleroderma;Musculoskeletal and connective tissue disorders
10089253;Scleroderma overlap syndrome;Musculoskeletal and connective tissue disorders
10039714;Scleroderma-like reaction;Musculoskeletal and connective tissue disorders
10062164;Seronegative arthritis;Musculoskeletal and connective tissue disorders
10040767;Sjogren's syndrome;Musculoskeletal and connective tissue disorders
10040968;SLE arthritis;Musculoskeletal and connective tissue disorders
10065769;Soft tissue necrosis;Musculoskeletal and connective tissue disorders
10058660;Spinal ligament ossification;Musculoskeletal and connective tissue disorders
10042061;Still's disease;Musculoskeletal and connective tissue disorders
10042744;Sympathetic posterior cervical syndrome;Musculoskeletal and connective tissue disorders
10042945;Systemic lupus erythematosus;Musculoskeletal and connective tissue disorders
10078638;Systemic scleroderma;Musculoskeletal and connective tissue disorders
10069650;Tendon necrosis;Musculoskeletal and connective tissue disorders
10080462;Thoracic spinal stenosis;Musculoskeletal and connective tissue disorders
10081524;Thyrotoxic myopathy;Musculoskeletal and connective tissue disorders
10050051;Trendelenburg's symptom;Musculoskeletal and connective tissue disorders
10086187;Undifferentiated spondyloarthritis;Musculoskeletal and connective tissue disorders
10077910;Uraemic myopathy;Musculoskeletal and connective tissue disorders
10068532;5q minus syndrome;Neoplasms benign, malignant and unspecified (incl cysts and polyps)
10071023;Abdominal wall neoplasm malignant;Neoplasms benign, malignant and unspecified (incl cysts and polyps)
10073363;Acinar cell carcinoma of pancreas;Neoplasms benign, malignant and unspecified (incl cysts and polyps)
10073369;Acinic cell carcinoma of salivary gland;Neoplasms benign, malignant and unspecified (incl cysts and polyps)
10000523;Acoustic neuroma;Neoplasms benign, malignant and unspecified (incl cysts and polyps)
10000583;Acral lentiginous melanoma;Neoplasms benign, malignant and unspecified (incl cysts and polyps)
10000585;Acral lentiginous melanoma stage I;Neoplasms benign, malignant and unspecified (incl cysts and polyps)
10000586;Acral lentiginous melanoma stage II;Neoplasms benign, malignant and unspecified (incl cysts and polyps)
10000587;Acral lentiginous melanoma stage III;Neoplasms benign, malignant and unspecified (incl cysts and polyps)
10000588;Acral lentiginous melanoma stage IV;Neoplasms benign, malignant and unspecified (incl cysts and polyps)
10000613;ACTH-producing pituitary tumour;Neoplasms benign, malignant and unspecified (incl cysts and polyps)
10080323;Acute bilineal leukaemia;Neoplasms benign, malignant and unspecified (incl cysts and polyps)
10067399;Acute biphenotypic leukaemia;Neoplasms benign, malignant and unspecified (incl cysts and polyps)
10000739;Acute erythroid leukaemia;Neoplasms benign, malignant and unspecified (incl cysts and polyps)
10000830;Acute leukaemia;Neoplasms benign, malignant and unspecified (incl cysts and polyps)
10000846;Acute lymphocytic leukaemia;Neoplasms benign, malignant and unspecified (incl cysts and polyps)
10063620;Acute lymphocytic leukaemia recurrent;Neoplasms benign, malignant and unspecified (incl cysts and polyps)
10076866;Acute lymphocytic leukaemia refractory;Neoplasms benign, malignant and unspecified (incl cysts and polyps)
10000860;Acute megakaryocytic leukaemia;Neoplasms benign, malignant and unspecified (incl cysts and polyps)
10000871;Acute monocytic leukaemia;Neoplasms benign, malignant and unspecified (incl cysts and polyps)
10000880;Acute myeloid leukaemia;Neoplasms benign, malignant and unspecified (incl cysts and polyps)
10059034;Acute myeloid leukaemia recurrent;Neoplasms benign, malignant and unspecified (incl cysts and polyps)
10081513;Acute myeloid leukaemia refractory;Neoplasms benign, malignant and unspecified (incl cysts and polyps)
10000890;Acute myelomonocytic leukaemia;Neoplasms benign, malignant and unspecified (incl cysts and polyps)
10001019;Acute promyelocytic leukaemia;Neoplasms benign, malignant and unspecified (incl cysts and polyps)
10073479;Acute undifferentiated leukaemia;Neoplasms benign, malignant and unspecified (incl cysts and polyps)
10087311;Adenocarcinoid tumour of the appendix;Neoplasms benign, malignant and unspecified (incl cysts and polyps)
10001141;Adenocarcinoma;Neoplasms benign, malignant and unspecified (incl cysts and polyps)
10001150;Adenocarcinoma gastric;Neoplasms benign, malignant and unspecified (incl cysts and polyps)
10083456;Adenocarcinoma metastatic;Neoplasms benign, malignant and unspecified (incl cysts and polyps)
10073359;Adenocarcinoma of appendix;Neoplasms benign, malignant and unspecified (incl cysts and polyps)
10001167;Adenocarcinoma of colon;Neoplasms benign, malignant and unspecified (incl cysts and polyps)
10068068;Adenocarcinoma of salivary gland;Neoplasms benign, malignant and unspecified (incl cysts and polyps)
10001197;Adenocarcinoma of the cervix;Neoplasms benign, malignant and unspecified (incl cysts and polyps)
10052747;Adenocarcinoma pancreas;Neoplasms benign, malignant and unspecified (incl cysts and polyps)
10053231;Adenoid cystic carcinoma;Neoplasms benign, malignant and unspecified (incl cysts and polyps)
10073370;Adenoid cystic carcinoma of salivary gland;Neoplasms benign, malignant and unspecified (incl cysts and polyps)
10088008;Adenomyoepithelioma of breast;Neoplasms benign, malignant and unspecified (incl cysts and polyps)
10001244;Adenosquamous carcinoma of the cervix;Neoplasms benign, malignant and unspecified (incl cysts and polyps)
10073978;Adenosquamous carcinoma of vagina;Neoplasms benign, malignant and unspecified (incl cysts and polyps)
10068873;Adenosquamous cell carcinoma;Neoplasms benign, malignant and unspecified (incl cysts and polyps)
10001245;Adenosquamous cell lung cancer;Neoplasms benign, malignant and unspecified (incl cysts and polyps)
10001247;Adenosquamous cell lung cancer recurrent;Neoplasms benign, malignant and unspecified (incl cysts and polyps)
10001248;Adenosquamous cell lung cancer stage 0;Neoplasms benign, malignant and unspecified (incl cysts and polyps)
10001249;Adenosquamous cell lung cancer stage I;Neoplasms benign, malignant and unspecified (incl cysts and polyps)
10001250;Adenosquamous cell lung cancer stage II;Neoplasms benign, malignant and unspecified (incl cysts and polyps)
10001251;Adenosquamous cell lung cancer stage III;Neoplasms benign, malignant and unspecified (incl cysts and polyps)
10001254;Adenosquamous cell lung cancer stage IV;Neoplasms benign, malignant and unspecified (incl cysts and polyps)
10073152;Adrenal gland cancer;Neoplasms benign, malignant and unspecified (incl cysts and polyps)
10055095;Adrenal gland cancer metastatic;Neoplasms benign, malignant and unspecified (incl cysts and polyps)
10001379;Adrenal rest tumour of the testis;Neoplasms benign, malignant and unspecified (incl cysts and polyps)
10001388;Adrenocortical carcinoma;Neoplasms benign, malignant and unspecified (incl cysts and polyps)
10001413;Adult T-cell lymphoma/leukaemia;Neoplasms benign, malignant and unspecified (incl cysts and polyps)
10001416;Adult T-cell lymphoma/leukaemia recurrent;Neoplasms benign, malignant and unspecified (incl cysts and polyps)
10001417;Adult T-cell lymphoma/leukaemia refractory;Neoplasms benign, malignant and unspecified (incl cysts and polyps)
10001418;Adult T-cell lymphoma/leukaemia stage I;Neoplasms benign, malignant and unspecified (incl cysts and polyps)
10001419;Adult T-cell lymphoma/leukaemia stage II;Neoplasms benign, malignant and unspecified (incl cysts and polyps)
10001420;Adult T-cell lymphoma/leukaemia stage III;Neoplasms benign, malignant and unspecified (incl cysts and polyps)
10001421;Adult T-cell lymphoma/leukaemia stage IV;Neoplasms benign, malignant and unspecified (incl cysts and polyps)
10089805;Advanced systemic mastocytosis;Neoplasms benign, malignant and unspecified (incl cysts and polyps)
10001433;Aesthesioneuroblastoma;Neoplasms benign, malignant and unspecified (incl cysts and polyps)
10001660;Aleukaemic leukaemia;Neoplasms benign, malignant and unspecified (incl cysts and polyps)
10065867;Alveolar rhabdomyosarcoma;Neoplasms benign, malignant and unspecified (incl cysts and polyps)
10001882;Alveolar soft part sarcoma;Neoplasms benign, malignant and unspecified (incl cysts and polyps)
10001884;Alveolar soft part sarcoma metastatic;Neoplasms benign, malignant and unspecified (incl cysts and polyps)
10001887;Alveolar soft part sarcoma recurrent;Neoplasms benign, malignant and unspecified (incl cysts and polyps)
10083863;Ameloblastic carcinoma;Neoplasms benign, malignant and unspecified (incl cysts and polyps)
10088309;Ameloblastic fibrosarcoma;Neoplasms benign, malignant and unspecified (incl cysts and polyps)
10066796;Ameloblastoma;Neoplasms benign, malignant and unspecified (incl cysts and polyps)
10059047;Amyloidoma;Neoplasms benign, malignant and unspecified (incl cysts and polyps)
10061424;Anal cancer;Neoplasms benign, malignant and unspecified (incl cysts and polyps)
10055096;Anal cancer metastatic;Neoplasms benign, malignant and unspecified (incl cysts and polyps)
10002133;Anal cancer recurrent;Neoplasms benign, malignant and unspecified (incl cysts and polyps)
10002134;Anal cancer stage 0;Neoplasms benign, malignant and unspecified (incl cysts and polyps)
10002135;Anal cancer stage I;Neoplasms benign, malignant and unspecified (incl cysts and polyps)
10002136;Anal cancer stage II;Neoplasms benign, malignant and unspecified (incl cysts and polyps)
10002137;Anal cancer stage III;Neoplasms benign, malignant and unspecified (incl cysts and polyps)
10002138;Anal cancer stage IV;Neoplasms benign, malignant and unspecified (incl cysts and polyps)
10087510;Anal papilloma;Neoplasms benign, malignant and unspecified (incl cysts and polyps)
10073358;Anal squamous cell carcinoma;Neoplasms benign, malignant and unspecified (incl cysts and polyps)
10089832;Anaplastic ganglioglioma;Neoplasms benign, malignant and unspecified (incl cysts and polyps)
10002227;Anaplastic large cell lymphoma T- and null-cell types;Neoplasms benign, malignant and unspecified (incl cysts and polyps)
10002229;Anaplastic large cell lymphoma T- and null-cell types recurrent;Neoplasms benign, malignant and unspecified (incl cysts and polyps)
10002230;Anaplastic large cell lymphoma T- and null-cell types refractory;Neoplasms benign, malignant and unspecified (incl cysts and polyps)
10002231;Anaplastic large cell lymphoma T- and null-cell types stage I;Neoplasms benign, malignant and unspecified (incl cysts and polyps)
10002232;Anaplastic large cell lymphoma T- and null-cell types stage II;Neoplasms benign, malignant and unspecified (incl cysts and polyps)
10002233;Anaplastic large cell lymphoma T- and null-cell types stage III;Neoplasms benign, malignant and unspecified (incl cysts and polyps)
10002234;Anaplastic large cell lymphoma T- and null-cell types stage IV;Neoplasms benign, malignant and unspecified (incl cysts and polyps)
10073127;Anaplastic meningioma;Neoplasms benign, malignant and unspecified (incl cysts and polyps)
10002240;Anaplastic thyroid cancer;Neoplasms benign, malignant and unspecified (incl cysts and polyps)
10073129;Angiocentric glioma;Neoplasms benign, malignant and unspecified (incl cysts and polyps)
10002411;Angiocentric lymphoma;Neoplasms benign, malignant and unspecified (incl cysts and polyps)
10002414;Angiocentric lymphoma recurrent;Neoplasms benign, malignant and unspecified (incl cysts and polyps)
10002415;Angiocentric lymphoma refractory;Neoplasms benign, malignant and unspecified (incl cysts and polyps)
10002416;Angiocentric lymphoma stage I;Neoplasms benign, malignant and unspecified (incl cysts and polyps)
10002417;Angiocentric lymphoma stage II;Neoplasms benign, malignant and unspecified (incl cysts and polyps)
10002418;Angiocentric lymphoma stage III;Neoplasms benign, malignant and unspecified (incl cysts and polyps)
10002419;Angiocentric lymphoma stage IV;Neoplasms benign, malignant and unspecified (incl cysts and polyps)
10002449;Angioimmunoblastic T-cell lymphoma;Neoplasms benign, malignant and unspecified (incl cysts and polyps)
10002452;Angioimmunoblastic T-cell lymphoma recurrent;Neoplasms benign, malignant and unspecified (incl cysts and polyps)
10002453;Angioimmunoblastic T-cell lymphoma refractory;Neoplasms benign, malignant and unspecified (incl cysts and polyps)
10002454;Angioimmunoblastic T-cell lymphoma stage I;Neoplasms benign, malignant and unspecified (incl cysts and polyps)
10002455;Angioimmunoblastic T-cell lymphoma stage II;Neoplasms benign, malignant and unspecified (incl cysts and polyps)
10002456;Angioimmunoblastic T-cell lymphoma stage III;Neoplasms benign, malignant and unspecified (incl cysts and polyps)
10002457;Angioimmunoblastic T-cell lymphoma stage IV;Neoplasms benign, malignant and unspecified (incl cysts and polyps)
10051810;Angiomyolipoma;Neoplasms benign, malignant and unspecified (incl cysts and polyps)
10002476;Angiosarcoma;Neoplasms benign, malignant and unspecified (incl cysts and polyps)
10002477;Angiosarcoma metastatic;Neoplasms benign, malignant and unspecified (incl cysts and polyps)
10057700;Angiosarcoma non-metastatic;Neoplasms benign, malignant and unspecified (incl cysts and polyps)
10002480;Angiosarcoma recurrent;Neoplasms benign, malignant and unspecified (incl cysts and polyps)
10066206;Apocrine breast carcinoma;Neoplasms benign, malignant and unspecified (incl cysts and polyps)
10073360;Appendix cancer;Neoplasms benign, malignant and unspecified (incl cysts and polyps)
10085146;Appendix cancer metastatic;Neoplasms benign, malignant and unspecified (incl cysts and polyps)
10003069;APUDoma;Neoplasms benign, malignant and unspecified (incl cysts and polyps)
10079366;Astroblastoma;Neoplasms benign, malignant and unspecified (incl cysts and polyps)
10003571;Astrocytoma;Neoplasms benign, malignant and unspecified (incl cysts and polyps)
10060971;Astrocytoma malignant;Neoplasms benign, malignant and unspecified (incl cysts and polyps)
10065869;Astrocytoma, low grade;Neoplasms benign, malignant and unspecified (incl cysts and polyps)
10065907;Atypical teratoid/rhabdoid tumour of CNS;Neoplasms benign, malignant and unspecified (incl cysts and polyps)
10003890;B precursor type acute leukaemia;Neoplasms benign, malignant and unspecified (incl cysts and polyps)
10004146;Basal cell carcinoma;Neoplasms benign, malignant and unspecified (incl cysts and polyps)
10083708;Basal cell carcinoma metastatic;Neoplasms benign, malignant and unspecified (incl cysts and polyps)
10004178;Basosquamous carcinoma;Neoplasms benign, malignant and unspecified (incl cysts and polyps)
10004179;Basosquamous carcinoma of skin;Neoplasms benign, malignant and unspecified (incl cysts and polyps)
10003899;B-cell lymphoma;Neoplasms benign, malignant and unspecified (incl cysts and polyps)
10003902;B-cell lymphoma recurrent;Neoplasms benign, malignant and unspecified (incl cysts and polyps)
10003903;B-cell lymphoma refractory;Neoplasms benign, malignant and unspecified (incl cysts and polyps)
10003904;B-cell lymphoma stage I;Neoplasms benign, malignant and unspecified (incl cysts and polyps)
10003905;B-cell lymphoma stage II;Neoplasms benign, malignant and unspecified (incl cysts and polyps)
10003906;B-cell lymphoma stage III;Neoplasms benign, malignant and unspecified (incl cysts and polyps)
10003907;B-cell lymphoma stage IV;Neoplasms benign, malignant and unspecified (incl cysts and polyps)
10086714;B-cell lymphoma unclassifiable;Neoplasms benign, malignant and unspecified (incl cysts and polyps)
10073480;B-cell prolymphocytic leukaemia;Neoplasms benign, malignant and unspecified (incl cysts and polyps)
10003908;B-cell small lymphocytic lymphoma;Neoplasms benign, malignant and unspecified (incl cysts and polyps)
10003911;B-cell small lymphocytic lymphoma recurrent;Neoplasms benign, malignant and unspecified (incl cysts and polyps)
10003912;B-cell small lymphocytic lymphoma refractory;Neoplasms benign, malignant and unspecified (incl cysts and polyps)
10003913;B-cell small lymphocytic lymphoma stage I;Neoplasms benign, malignant and unspecified (incl cysts and polyps)
10003914;B-cell small lymphocytic lymphoma stage II;Neoplasms benign, malignant and unspecified (incl cysts and polyps)
10003915;B-cell small lymphocytic lymphoma stage III;Neoplasms benign, malignant and unspecified (incl cysts and polyps)
10003916;B-cell small lymphocytic lymphoma stage IV;Neoplasms benign, malignant and unspecified (incl cysts and polyps)
10003917;B-cell type acute leukaemia;Neoplasms benign, malignant and unspecified (incl cysts and polyps)
10003922;B-cell unclassifiable lymphoma high grade;Neoplasms benign, malignant and unspecified (incl cysts and polyps)
10003923;B-cell unclassifiable lymphoma low grade;Neoplasms benign, malignant and unspecified (incl cysts and polyps)
10086697;Benign glioma;Neoplasms benign, malignant and unspecified (incl cysts and polyps)
10004272;Benign hydatidiform mole;Neoplasms benign, malignant and unspecified (incl cysts and polyps)
10057424;Benign neoplasm of optic nerve;Neoplasms benign, malignant and unspecified (incl cysts and polyps)
10004406;Benign neoplasm of spinal cord;Neoplasms benign, malignant and unspecified (incl cysts and polyps)
10086960;Benign retroperitoneal neoplasm;Neoplasms benign, malignant and unspecified (incl cysts and polyps)
10004585;Bile duct adenocarcinoma;Neoplasms benign, malignant and unspecified (incl cysts and polyps)
10004589;Bile duct adenosquamous carcinoma;Neoplasms benign, malignant and unspecified (incl cysts and polyps)
10004593;Bile duct cancer;Neoplasms benign, malignant and unspecified (incl cysts and polyps)
10004596;Bile duct cancer recurrent;Neoplasms benign, malignant and unspecified (incl cysts and polyps)
10059384;Bile duct cancer stage 0;Neoplasms benign, malignant and unspecified (incl cysts and polyps)
10059373;Bile duct cancer stage I;Neoplasms benign, malignant and unspecified (incl cysts and polyps)
10059374;Bile duct cancer stage II;Neoplasms benign, malignant and unspecified (incl cysts and polyps)
10059375;Bile duct cancer stage III;Neoplasms benign, malignant and unspecified (incl cysts and polyps)
10059376;Bile duct cancer stage IV;Neoplasms benign, malignant and unspecified (incl cysts and polyps)
10004633;Bile duct squamous cell carcinoma;Neoplasms benign, malignant and unspecified (incl cysts and polyps)
10048798;Biliary adenoma;Neoplasms benign, malignant and unspecified (incl cysts and polyps)
10055111;Biliary cancer metastatic;Neoplasms benign, malignant and unspecified (incl cysts and polyps)
10081653;Bing-Neel syndrome;Neoplasms benign, malignant and unspecified (incl cysts and polyps)
10073062;Biphasic mesothelioma;Neoplasms benign, malignant and unspecified (incl cysts and polyps)
10004986;Bladder adenocarcinoma recurrent;Neoplasms benign, malignant and unspecified (incl cysts and polyps)
10004987;Bladder adenocarcinoma stage 0;Neoplasms benign, malignant and unspecified (incl cysts and polyps)
10004988;Bladder adenocarcinoma stage I;Neoplasms benign, malignant and unspecified (incl cysts and polyps)
10004989;Bladder adenocarcinoma stage II;Neoplasms benign, malignant and unspecified (incl cysts and polyps)
10004990;Bladder adenocarcinoma stage III;Neoplasms benign, malignant and unspecified (incl cysts and polyps)
10004991;Bladder adenocarcinoma stage IV;Neoplasms benign, malignant and unspecified (incl cysts and polyps)
10004992;Bladder adenocarcinoma stage unspecified;Neoplasms benign, malignant and unspecified (incl cysts and polyps)
10005003;Bladder cancer;Neoplasms benign, malignant and unspecified (incl cysts and polyps)
10005005;Bladder cancer recurrent;Neoplasms benign, malignant and unspecified (incl cysts and polyps)
10005006;Bladder cancer stage 0, with cancer in situ;Neoplasms benign, malignant and unspecified (incl cysts and polyps)
10005007;Bladder cancer stage 0, without cancer in situ;Neoplasms benign, malignant and unspecified (incl cysts and polyps)
10005008;Bladder cancer stage I, with cancer in situ;Neoplasms benign, malignant and unspecified (incl cysts and polyps)
10005009;Bladder cancer stage I, without cancer in situ;Neoplasms benign, malignant and unspecified (incl cysts and polyps)
10005010;Bladder cancer stage II;Neoplasms benign, malignant and unspecified (incl cysts and polyps)
10005011;Bladder cancer stage III;Neoplasms benign, malignant and unspecified (incl cysts and polyps)
10005012;Bladder cancer stage IV;Neoplasms benign, malignant and unspecified (incl cysts and polyps)
10005075;Bladder squamous cell carcinoma recurrent;Neoplasms benign, malignant and unspecified (incl cysts and polyps)
10005076;Bladder squamous cell carcinoma stage 0;Neoplasms benign, malignant and unspecified (incl cysts and polyps)
10005077;Bladder squamous cell carcinoma stage I;Neoplasms benign, malignant and unspecified (incl cysts and polyps)
10005078;Bladder squamous cell carcinoma stage II;Neoplasms benign, malignant and unspecified (incl cysts and polyps)
10005079;Bladder squamous cell carcinoma stage III;Neoplasms benign, malignant and unspecified (incl cysts and polyps)
10005080;Bladder squamous cell carcinoma stage IV;Neoplasms benign, malignant and unspecified (incl cysts and polyps)
10005081;Bladder squamous cell carcinoma stage unspecified;Neoplasms benign, malignant and unspecified (incl cysts and polyps)
10005084;Bladder transitional cell carcinoma;Neoplasms benign, malignant and unspecified (incl cysts and polyps)
10071664;Bladder transitional cell carcinoma metastatic;Neoplasms benign, malignant and unspecified (incl cysts and polyps)
10066750;Bladder transitional cell carcinoma recurrent;Neoplasms benign, malignant and unspecified (incl cysts and polyps)
10066749;Bladder transitional cell carcinoma stage 0;Neoplasms benign, malignant and unspecified (incl cysts and polyps)
10066751;Bladder transitional cell carcinoma stage I;Neoplasms benign, malignant and unspecified (incl cysts and polyps)
10066753;Bladder transitional cell carcinoma stage II;Neoplasms benign, malignant and unspecified (incl cysts and polyps)
10066754;Bladder transitional cell carcinoma stage III;Neoplasms benign, malignant and unspecified (incl cysts and polyps)
10066752;Bladder transitional cell carcinoma stage IV;Neoplasms benign, malignant and unspecified (incl cysts and polyps)
10053747;Blast cell crisis;Neoplasms benign, malignant and unspecified (incl cysts and polyps)
10050282;Blast crisis in myelogenous leukaemia;Neoplasms benign, malignant and unspecified (incl cysts and polyps)
10075460;Blastic plasmacytoid dendritic cell neoplasia;Neoplasms benign, malignant and unspecified (incl cysts and polyps)
10005949;Bone cancer;Neoplasms benign, malignant and unspecified (incl cysts and polyps)
10055101;Bone cancer metastatic;Neoplasms benign, malignant and unspecified (incl cysts and polyps)
10005969;Bone giant cell tumour;Neoplasms benign, malignant and unspecified (incl cysts and polyps)
10005970;Bone giant cell tumour benign;Neoplasms benign, malignant and unspecified (incl cysts and polyps)
10073106;Bone giant cell tumour malignant;Neoplasms benign, malignant and unspecified (incl cysts and polyps)
10049557;Bone marrow leukaemic cell infiltration;Neoplasms benign, malignant and unspecified (incl cysts and polyps)
10049556;Bone marrow tumour cell infiltration;Neoplasms benign, malignant and unspecified (incl cysts and polyps)
10006007;Bone sarcoma;Neoplasms benign, malignant and unspecified (incl cysts and polyps)
10073266;Borderline mucinous tumour of ovary;Neoplasms benign, malignant and unspecified (incl cysts and polyps)
10006032;Borderline ovarian tumour;Neoplasms benign, malignant and unspecified (incl cysts and polyps)
10073267;Borderline serous tumour of ovary;Neoplasms benign, malignant and unspecified (incl cysts and polyps)
10006060;Bowenoid papulosis;Neoplasms benign, malignant and unspecified (incl cysts and polyps)
10006059;Bowen's disease;Neoplasms benign, malignant and unspecified (incl cysts and polyps)
10055093;Brain cancer metastatic;Neoplasms benign, malignant and unspecified (incl cysts and polyps)
10061019;Brain neoplasm;Neoplasms benign, malignant and unspecified (incl cysts and polyps)
10006129;Brain neoplasm benign;Neoplasms benign, malignant and unspecified (incl cysts and polyps)
10006131;Brain neoplasm malignant;Neoplasms benign, malignant and unspecified (incl cysts and polyps)
10073857;Brain sarcoma;Neoplasms benign, malignant and unspecified (incl cysts and polyps)
10006143;Brain stem glioma;Neoplasms benign, malignant and unspecified (incl cysts and polyps)
10006144;Brain stem glioma benign;Neoplasms benign, malignant and unspecified (incl cysts and polyps)
10068394;Brain teratoma;Neoplasms benign, malignant and unspecified (incl cysts and polyps)
10072813;Breast angiosarcoma;Neoplasms benign, malignant and unspecified (incl cysts and polyps)
10072814;Breast angiosarcoma metastatic;Neoplasms benign, malignant and unspecified (incl cysts and polyps)
10006187;Breast cancer;Neoplasms benign, malignant and unspecified (incl cysts and polyps)
10057654;Breast cancer female;Neoplasms benign, malignant and unspecified (incl cysts and polyps)
10006189;Breast cancer in situ;Neoplasms benign, malignant and unspecified (incl cysts and polyps)
10061020;Breast cancer male;Neoplasms benign, malignant and unspecified (incl cysts and polyps)
10055113;Breast cancer metastatic;Neoplasms benign, malignant and unspecified (incl cysts and polyps)
10006198;Breast cancer recurrent;Neoplasms benign, malignant and unspecified (incl cysts and polyps)
10006199;Breast cancer stage I;Neoplasms benign, malignant and unspecified (incl cysts and polyps)
10006200;Breast cancer stage II;Neoplasms benign, malignant and unspecified (incl cysts and polyps)
10006201;Breast cancer stage III;Neoplasms benign, malignant and unspecified (incl cysts and polyps)
10006202;Breast cancer stage IV;Neoplasms benign, malignant and unspecified (incl cysts and polyps)
10082495;Breast implant-associated anaplastic large cell lymphoma;Neoplasms benign, malignant and unspecified (incl cysts and polyps)
10068582;Breast sarcoma;Neoplasms benign, malignant and unspecified (incl cysts and polyps)
10068583;Breast sarcoma metastatic;Neoplasms benign, malignant and unspecified (incl cysts and polyps)
10068584;Breast sarcoma recurrent;Neoplasms benign, malignant and unspecified (incl cysts and polyps)
10006417;Bronchial carcinoma;Neoplasms benign, malignant and unspecified (incl cysts and polyps)
10058354;Bronchioloalveolar carcinoma;Neoplasms benign, malignant and unspecified (incl cysts and polyps)
10067184;Burkitt's leukaemia;Neoplasms benign, malignant and unspecified (incl cysts and polyps)
10006595;Burkitt's lymphoma;Neoplasms benign, malignant and unspecified (incl cysts and polyps)
10006598;Burkitt's lymphoma recurrent;Neoplasms benign, malignant and unspecified (incl cysts and polyps)
10006599;Burkitt's lymphoma refractory;Neoplasms benign, malignant and unspecified (incl cysts and polyps)
10006600;Burkitt's lymphoma stage I;Neoplasms benign, malignant and unspecified (incl cysts and polyps)
10006601;Burkitt's lymphoma stage II;Neoplasms benign, malignant and unspecified (incl cysts and polyps)
10006602;Burkitt's lymphoma stage III;Neoplasms benign, malignant and unspecified (incl cysts and polyps)
10006603;Burkitt's lymphoma stage IV;Neoplasms benign, malignant and unspecified (incl cysts and polyps)
10059427;Buschke-Lowenstein's tumour;Neoplasms benign, malignant and unspecified (incl cysts and polyps)
10085091;Cancer with a high tumour mutational burden;Neoplasms benign, malignant and unspecified (incl cysts and polyps)
10007275;Carcinoid tumour;Neoplasms benign, malignant and unspecified (incl cysts and polyps)
10086779;Carcinoid tumour in the large intestine;Neoplasms benign, malignant and unspecified (incl cysts and polyps)
10007279;Carcinoid tumour of the gastrointestinal tract;Neoplasms benign, malignant and unspecified (incl cysts and polyps)
10081119;Carcinoid tumour of the liver;Neoplasms benign, malignant and unspecified (incl cysts and polyps)
10087363;Carcinoid tumour of the mesentery;Neoplasms benign, malignant and unspecified (incl cysts and polyps)
10081421;Carcinoid tumour of the ovary;Neoplasms benign, malignant and unspecified (incl cysts and polyps)
10055007;Carcinoid tumour of the pancreas;Neoplasms benign, malignant and unspecified (incl cysts and polyps)
10007280;Carcinoid tumour of the prostate;Neoplasms benign, malignant and unspecified (incl cysts and polyps)
10052819;Carcinoid tumour of the small bowel;Neoplasms benign, malignant and unspecified (incl cysts and polyps)
10007281;Carcinoid tumour of the stomach;Neoplasms benign, malignant and unspecified (incl cysts and polyps)
10007282;Carcinoid tumour pulmonary;Neoplasms benign, malignant and unspecified (incl cysts and polyps)
10077435;Carcinoma ex-pleomorphic adenoma;Neoplasms benign, malignant and unspecified (incl cysts and polyps)
10061450;Carcinoma in situ;Neoplasms benign, malignant and unspecified (incl cysts and polyps)
10007368;Carcinoma in situ of eye;Neoplasms benign, malignant and unspecified (incl cysts and polyps)
10007384;Carcinoma in situ of penis;Neoplasms benign, malignant and unspecified (incl cysts and polyps)
10007390;Carcinoma in situ of skin;Neoplasms benign, malignant and unspecified (incl cysts and polyps)
10007401;Carcinoma in situ of trachea;Neoplasms benign, malignant and unspecified (incl cysts and polyps)
10055009;Cardiac fibroma;Neoplasms benign, malignant and unspecified (incl cysts and polyps)
10055011;Cardiac haemangioma benign;Neoplasms benign, malignant and unspecified (incl cysts and polyps)
10085049;Cardiac lipoma;Neoplasms benign, malignant and unspecified (incl cysts and polyps)
10061005;Cardiac myxoma;Neoplasms benign, malignant and unspecified (incl cysts and polyps)
10061025;Cardiac neoplasm malignant;Neoplasms benign, malignant and unspecified (incl cysts and polyps)
10051549;Cardiac neoplasm unspecified;Neoplasms benign, malignant and unspecified (incl cysts and polyps)
10055012;Cardiac neurofibroma;Neoplasms benign, malignant and unspecified (incl cysts and polyps)
10057456;Cardiac teratoma;Neoplasms benign, malignant and unspecified (incl cysts and polyps)
10068699;Cardiac valve fibroelastoma;Neoplasms benign, malignant and unspecified (incl cysts and polyps)
10050251;Castleman's disease;Neoplasms benign, malignant and unspecified (incl cysts and polyps)
10007953;Central nervous system lymphoma;Neoplasms benign, malignant and unspecified (incl cysts and polyps)
10077160;Central nervous system melanoma;Neoplasms benign, malignant and unspecified (incl cysts and polyps)
10007958;Central nervous system neoplasm;Neoplasms benign, malignant and unspecified (incl cysts and polyps)
10073130;Central nervous system neuroblastoma;Neoplasms benign, malignant and unspecified (incl cysts and polyps)
10059273;Cerebellar haemangioma;Neoplasms benign, malignant and unspecified (incl cysts and polyps)
10061750;Cerebellar tumour;Neoplasms benign, malignant and unspecified (incl cysts and polyps)
10048788;Cerebral haemangioma;Neoplasms benign, malignant and unspecified (incl cysts and polyps)
10055094;Cervix cancer metastatic;Neoplasms benign, malignant and unspecified (incl cysts and polyps)
10008342;Cervix carcinoma;Neoplasms benign, malignant and unspecified (incl cysts and polyps)
10008344;Cervix carcinoma recurrent;Neoplasms benign, malignant and unspecified (incl cysts and polyps)
10061809;Cervix carcinoma stage 0;Neoplasms benign, malignant and unspecified (incl cysts and polyps)
10008345;Cervix carcinoma stage I;Neoplasms benign, malignant and unspecified (incl cysts and polyps)
10008346;Cervix carcinoma stage II;Neoplasms benign, malignant and unspecified (incl cysts and polyps)
10008347;Cervix carcinoma stage III;Neoplasms benign, malignant and unspecified (incl cysts and polyps)
10008348;Cervix carcinoma stage IV;Neoplasms benign, malignant and unspecified (incl cysts and polyps)
10008583;Chloroma;Neoplasms benign, malignant and unspecified (incl cysts and polyps)
10008593;Cholangiocarcinoma;Neoplasms benign, malignant and unspecified (incl cysts and polyps)
10077861;Cholangiosarcoma;Neoplasms benign, malignant and unspecified (incl cysts and polyps)
10008734;Chondrosarcoma;Neoplasms benign, malignant and unspecified (incl cysts and polyps)
10008736;Chondrosarcoma metastatic;Neoplasms benign, malignant and unspecified (incl cysts and polyps)
10008738;Chondrosarcoma recurrent;Neoplasms benign, malignant and unspecified (incl cysts and polyps)
10008747;Chordoma;Neoplasms benign, malignant and unspecified (incl cysts and polyps)
10008757;Choriocarcinoma;Neoplasms benign, malignant and unspecified (incl cysts and polyps)
10008773;Choroid melanoma;Neoplasms benign, malignant and unspecified (incl cysts and polyps)
10067478;Choroid plexus carcinoma;Neoplasms benign, malignant and unspecified (incl cysts and polyps)
10008777;Choroid plexus papilloma;Neoplasms benign, malignant and unspecified (incl cysts and polyps)
10080544;Chromophobe renal cell carcinoma;Neoplasms benign, malignant and unspecified (incl cysts and polyps)
10065854;Chronic eosinophilic leukaemia;Neoplasms benign, malignant and unspecified (incl cysts and polyps)
10008943;Chronic leukaemia;Neoplasms benign, malignant and unspecified (incl cysts and polyps)
10008958;Chronic lymphocytic leukaemia;Neoplasms benign, malignant and unspecified (incl cysts and polyps)
10008961;Chronic lymphocytic leukaemia recurrent;Neoplasms benign, malignant and unspecified (incl cysts and polyps)
10008962;Chronic lymphocytic leukaemia refractory;Neoplasms benign, malignant and unspecified (incl cysts and polyps)
10008963;Chronic lymphocytic leukaemia stage 0;Neoplasms benign, malignant and unspecified (incl cysts and polyps)
10008964;Chronic lymphocytic leukaemia stage 1;Neoplasms benign, malignant and unspecified (incl cysts and polyps)
10008965;Chronic lymphocytic leukaemia stage 2;Neoplasms benign, malignant and unspecified (incl cysts and polyps)
10008966;Chronic lymphocytic leukaemia stage 3;Neoplasms benign, malignant and unspecified (incl cysts and polyps)
10008967;Chronic lymphocytic leukaemia stage 4;Neoplasms benign, malignant and unspecified (incl cysts and polyps)
10058717;Chronic lymphocytic leukaemia transformation;Neoplasms benign, malignant and unspecified (incl cysts and polyps)
10009013;Chronic myeloid leukaemia;Neoplasms benign, malignant and unspecified (incl cysts and polyps)
10075081;Chronic myeloid leukaemia recurrent;Neoplasms benign, malignant and unspecified (incl cysts and polyps)
10068232;Chronic myeloid leukaemia transformation;Neoplasms benign, malignant and unspecified (incl cysts and polyps)
10009018;Chronic myelomonocytic leukaemia;Neoplasms benign, malignant and unspecified (incl cysts and polyps)
10079694;Chronic myelomonocytic leukaemia with N-ras gene mutation;Neoplasms benign, malignant and unspecified (incl cysts and polyps)
10081428;Ciliary body melanoma;Neoplasms benign, malignant and unspecified (incl cysts and polyps)
10009252;Clear cell endometrial carcinoma;Neoplasms benign, malignant and unspecified (incl cysts and polyps)
10085663;Clear cell papillary renal cell carcinoma;Neoplasms benign, malignant and unspecified (incl cysts and polyps)
10073251;Clear cell renal cell carcinoma;Neoplasms benign, malignant and unspecified (incl cysts and polyps)
10073140;Clear cell sarcoma of soft tissue;Neoplasms benign, malignant and unspecified (incl cysts and polyps)
10009253;Clear cell sarcoma of the kidney;Neoplasms benign, malignant and unspecified (incl cysts and polyps)
10065852;CNS germinoma;Neoplasms benign, malignant and unspecified (incl cysts and polyps)
10009944;Colon cancer;Neoplasms benign, malignant and unspecified (incl cysts and polyps)
10055114;Colon cancer metastatic;Neoplasms benign, malignant and unspecified (incl cysts and polyps)
10009952;Colon cancer recurrent;Neoplasms benign, malignant and unspecified (incl cysts and polyps)
10063523;Colon cancer stage 0;Neoplasms benign, malignant and unspecified (incl cysts and polyps)
10009953;Colon cancer stage I;Neoplasms benign, malignant and unspecified (incl cysts and polyps)
10009954;Colon cancer stage II;Neoplasms benign, malignant and unspecified (incl cysts and polyps)
10009955;Colon cancer stage III;Neoplasms benign, malignant and unspecified (incl cysts and polyps)
10009956;Colon cancer stage IV;Neoplasms benign, malignant and unspecified (incl cysts and polyps)
10052360;Colorectal adenocarcinoma;Neoplasms benign, malignant and unspecified (incl cysts and polyps)
10061451;Colorectal cancer;Neoplasms benign, malignant and unspecified (incl cysts and polyps)
10052358;Colorectal cancer metastatic;Neoplasms benign, malignant and unspecified (incl cysts and polyps)
10010030;Colorectal cancer recurrent;Neoplasms benign, malignant and unspecified (incl cysts and polyps)
10010032;Colorectal cancer stage I;Neoplasms benign, malignant and unspecified (incl cysts and polyps)
10010033;Colorectal cancer stage II;Neoplasms benign, malignant and unspecified (incl cysts and polyps)
10010034;Colorectal cancer stage III;Neoplasms benign, malignant and unspecified (incl cysts and polyps)
10010035;Colorectal cancer stage IV;Neoplasms benign, malignant and unspecified (incl cysts and polyps)
10010038;Colorectal carcinoma stage 0;Neoplasms benign, malignant and unspecified (incl cysts and polyps)
10073957;Composite lymphoma;Neoplasms benign, malignant and unspecified (incl cysts and polyps)
10066384;Conjunctival melanoma;Neoplasms benign, malignant and unspecified (incl cysts and polyps)
10066925;Conjunctival primary acquired melanosis;Neoplasms benign, malignant and unspecified (incl cysts and polyps)
10086846;Cranial fasciitis;Neoplasms benign, malignant and unspecified (incl cysts and polyps)
10086959;Cranial nerve neoplasm;Neoplasms benign, malignant and unspecified (incl cysts and polyps)
10011318;Craniopharyngioma;Neoplasms benign, malignant and unspecified (incl cysts and polyps)
10084814;Craniopharyngioma malignant;Neoplasms benign, malignant and unspecified (incl cysts and polyps)
10085518;Cutaneous B-cell lymphoma;Neoplasms benign, malignant and unspecified (incl cysts and polyps)
10079945;Cutaneous lymphoma;Neoplasms benign, malignant and unspecified (incl cysts and polyps)
10011677;Cutaneous T-cell lymphoma;Neoplasms benign, malignant and unspecified (incl cysts and polyps)
10011678;Cutaneous T-cell lymphoma recurrent;Neoplasms benign, malignant and unspecified (incl cysts and polyps)
10011679;Cutaneous T-cell lymphoma refractory;Neoplasms benign, malignant and unspecified (incl cysts and polyps)
10011680;Cutaneous T-cell lymphoma stage I;Neoplasms benign, malignant and unspecified (incl cysts and polyps)
10011681;Cutaneous T-cell lymphoma stage II;Neoplasms benign, malignant and unspecified (incl cysts and polyps)
10011682;Cutaneous T-cell lymphoma stage III;Neoplasms benign, malignant and unspecified (incl cysts and polyps)
10011683;Cutaneous T-cell lymphoma stage IV;Neoplasms benign, malignant and unspecified (incl cysts and polyps)
10054912;Cystadenocarcinoma ovary;Neoplasms benign, malignant and unspecified (incl cysts and polyps)
10065908;Cystadenocarcinoma pancreas;Neoplasms benign, malignant and unspecified (incl cysts and polyps)
10073135;Dedifferentiated liposarcoma;Neoplasms benign, malignant and unspecified (incl cysts and polyps)
10057070;Dermatofibrosarcoma protuberans;Neoplasms benign, malignant and unspecified (incl cysts and polyps)
10073574;Dermatofibrosarcoma protuberans metastatic;Neoplasms benign, malignant and unspecified (incl cysts and polyps)
10059352;Desmoid tumour;Neoplasms benign, malignant and unspecified (incl cysts and polyps)
10072449;Desmoplastic melanoma;Neoplasms benign, malignant and unspecified (incl cysts and polyps)
10073063;Desmoplastic mesothelioma;Neoplasms benign, malignant and unspecified (incl cysts and polyps)
10064581;Desmoplastic small round cell tumour;Neoplasms benign, malignant and unspecified (incl cysts and polyps)
10080638;Differentiation syndrome;Neoplasms benign, malignant and unspecified (incl cysts and polyps)
10012818;Diffuse large B-cell lymphoma;Neoplasms benign, malignant and unspecified (incl cysts and polyps)
10012821;Diffuse large B-cell lymphoma recurrent;Neoplasms benign, malignant and unspecified (incl cysts and polyps)
10012822;Diffuse large B-cell lymphoma refractory;Neoplasms benign, malignant and unspecified (incl cysts and polyps)
10012823;Diffuse large B-cell lymphoma stage I;Neoplasms benign, malignant and unspecified (incl cysts and polyps)
10012824;Diffuse large B-cell lymphoma stage II;Neoplasms benign, malignant and unspecified (incl cysts and polyps)
10012825;Diffuse large B-cell lymphoma stage III;Neoplasms benign, malignant and unspecified (incl cysts and polyps)
10012826;Diffuse large B-cell lymphoma stage IV;Neoplasms benign, malignant and unspecified (incl cysts and polyps)
10054951;Disseminated large cell lymphoma;Neoplasms benign, malignant and unspecified (incl cysts and polyps)
10080202;Double hit lymphoma;Neoplasms benign, malignant and unspecified (incl cysts and polyps)
10073364;Ductal adenocarcinoma of pancreas;Neoplasms benign, malignant and unspecified (incl cysts and polyps)
10055017;Ear neoplasm malignant;Neoplasms benign, malignant and unspecified (incl cysts and polyps)
10069680;Eccrine carcinoma;Neoplasms benign, malignant and unspecified (incl cysts and polyps)
10065868;Embryonal rhabdomyosarcoma;Neoplasms benign, malignant and unspecified (incl cysts and polyps)
10014642;Enchondromatosis;Neoplasms benign, malignant and unspecified (incl cysts and polyps)
10014654;Endobronchial lipoma;Neoplasms benign, malignant and unspecified (incl cysts and polyps)
10061122;Endocrine neoplasm malignant;Neoplasms benign, malignant and unspecified (incl cysts and polyps)
10014720;Endometrial adenocarcinoma;Neoplasms benign, malignant and unspecified (incl cysts and polyps)
10014733;Endometrial cancer;Neoplasms benign, malignant and unspecified (incl cysts and polyps)
10014734;Endometrial cancer metastatic;Neoplasms benign, malignant and unspecified (incl cysts and polyps)
10014736;Endometrial cancer recurrent;Neoplasms benign, malignant and unspecified (incl cysts and polyps)
10014737;Endometrial cancer stage 0;Neoplasms benign, malignant and unspecified (incl cysts and polyps)
10014738;Endometrial cancer stage I;Neoplasms benign, malignant and unspecified (incl cysts and polyps)
10014739;Endometrial cancer stage II;Neoplasms benign, malignant and unspecified (incl cysts and polyps)
10014740;Endometrial cancer stage III;Neoplasms benign, malignant and unspecified (incl cysts and polyps)
10014741;Endometrial cancer stage IV;Neoplasms benign, malignant and unspecified (incl cysts and polyps)
10057649;Endometrial sarcoma;Neoplasms benign, malignant and unspecified (incl cysts and polyps)
10067065;Endometrial sarcoma metastatic;Neoplasms benign, malignant and unspecified (incl cysts and polyps)
10067064;Endometrial sarcoma recurrent;Neoplasms benign, malignant and unspecified (incl cysts and polyps)
10048397;Endometrial stromal sarcoma;Neoplasms benign, malignant and unspecified (incl cysts and polyps)
10076868;Endotheliomatosis;Neoplasms benign, malignant and unspecified (incl cysts and polyps)
10073481;Enteropathy-associated T-cell lymphoma;Neoplasms benign, malignant and unspecified (incl cysts and polyps)
10014958;Eosinophilic leukaemia;Neoplasms benign, malignant and unspecified (incl cysts and polyps)
10014967;Ependymoma;Neoplasms benign, malignant and unspecified (incl cysts and polyps)
10014969;Ependymoma benign;Neoplasms benign, malignant and unspecified (incl cysts and polyps)
10014968;Ependymoma malignant;Neoplasms benign, malignant and unspecified (incl cysts and polyps)
10073115;Epididymal cancer;Neoplasms benign, malignant and unspecified (incl cysts and polyps)
10084056;Epiglottic cancer;Neoplasms benign, malignant and unspecified (incl cysts and polyps)
10073064;Epithelioid mesothelioma;Neoplasms benign, malignant and unspecified (incl cysts and polyps)
10015099;Epithelioid sarcoma;Neoplasms benign, malignant and unspecified (incl cysts and polyps)
10015101;Epithelioid sarcoma metastatic;Neoplasms benign, malignant and unspecified (incl cysts and polyps)
10015104;Epithelioid sarcoma recurrent;Neoplasms benign, malignant and unspecified (incl cysts and polyps)
10079386;Epstein Barr virus positive mucocutaneous ulcer;Neoplasms benign, malignant and unspecified (incl cysts and polyps)
10071441;Epstein-Barr virus associated lymphoma;Neoplasms benign, malignant and unspecified (incl cysts and polyps)
10068349;Epstein-Barr virus associated lymphoproliferative disorder;Neoplasms benign, malignant and unspecified (incl cysts and polyps)
10060801;Erdheim-Chester disease;Neoplasms benign, malignant and unspecified (incl cysts and polyps)
10052824;Erythroplasia of penis;Neoplasms benign, malignant and unspecified (incl cysts and polyps)
10052825;Erythroplasia of vulva;Neoplasms benign, malignant and unspecified (incl cysts and polyps)
10015493;Essential thrombocythaemia;Neoplasms benign, malignant and unspecified (incl cysts and polyps)
10081437;Ewing-like sarcoma;Neoplasms benign, malignant and unspecified (incl cysts and polyps)
10015560;Ewing's sarcoma;Neoplasms benign, malignant and unspecified (incl cysts and polyps)
10015562;Ewing's sarcoma metastatic;Neoplasms benign, malignant and unspecified (incl cysts and polyps)
10090855;Ewing's sarcoma of adrenal gland;Neoplasms benign, malignant and unspecified (incl cysts and polyps)
10015564;Ewing's sarcoma recurrent;Neoplasms benign, malignant and unspecified (incl cysts and polyps)
10082277;External ear neoplasm malignant;Neoplasms benign, malignant and unspecified (incl cysts and polyps)
10058955;Extradural neoplasm;Neoplasms benign, malignant and unspecified (incl cysts and polyps)
10015789;Extragonadal primary embryonal carcinoma;Neoplasms benign, malignant and unspecified (incl cysts and polyps)
10073055;Extragonadal primary germ cell tumour;Neoplasms benign, malignant and unspecified (incl cysts and polyps)
10073056;Extragonadal primary germ cell tumour mixed;Neoplasms benign, malignant and unspecified (incl cysts and polyps)
10015800;Extragonadal primary germ cell tumour mixed stage I;Neoplasms benign, malignant and unspecified (incl cysts and polyps)
10015801;Extragonadal primary germ cell tumour mixed stage II;Neoplasms benign, malignant and unspecified (incl cysts and polyps)
10015802;Extragonadal primary germ cell tumour mixed stage III;Neoplasms benign, malignant and unspecified (incl cysts and polyps)
10061848;Extragonadal primary malignant teratoma;Neoplasms benign, malignant and unspecified (incl cysts and polyps)
10061849;Extragonadal primary non-seminoma;Neoplasms benign, malignant and unspecified (incl cysts and polyps)
10015805;Extragonadal primary non-seminoma stage I;Neoplasms benign, malignant and unspecified (incl cysts and polyps)
10015806;Extragonadal primary non-seminoma stage II;Neoplasms benign, malignant and unspecified (incl cysts and polyps)
10015809;Extragonadal primary non-seminoma stage III;Neoplasms benign, malignant and unspecified (incl cysts and polyps)
10015810;Extragonadal primary non-seminoma stage IV;Neoplasms benign, malignant and unspecified (incl cysts and polyps)
10073057;Extragonadal primary seminoma (pure);Neoplasms benign, malignant and unspecified (incl cysts and polyps)
10015811;Extragonadal primary seminoma (pure) stage I;Neoplasms benign, malignant and unspecified (incl cysts and polyps)
10015812;Extragonadal primary seminoma (pure) stage II;Neoplasms benign, malignant and unspecified (incl cysts and polyps)
10015815;Extragonadal primary seminoma (pure) stage III;Neoplasms benign, malignant and unspecified (incl cysts and polyps)
10015816;Extragonadal primary seminoma (pure) stage IV;Neoplasms benign, malignant and unspecified (incl cysts and polyps)
10068223;Extramammary Paget's disease;Neoplasms benign, malignant and unspecified (incl cysts and polyps)
10081367;Extranodal marginal zone B-cell lymphoma (BALT type);Neoplasms benign, malignant and unspecified (incl cysts and polyps)
10061850;Extranodal marginal zone B-cell lymphoma (MALT type);Neoplasms benign, malignant and unspecified (incl cysts and polyps)
10015823;Extranodal marginal zone B-cell lymphoma (MALT type) recurrent;Neoplasms benign, malignant and unspecified (incl cysts and polyps)
10015824;Extranodal marginal zone B-cell lymphoma (MALT type) refractory;Neoplasms benign, malignant and unspecified (incl cysts and polyps)
10015825;Extranodal marginal zone B-cell lymphoma (MALT type) stage I;Neoplasms benign, malignant and unspecified (incl cysts and polyps)
10015826;Extranodal marginal zone B-cell lymphoma (MALT type) stage II;Neoplasms benign, malignant and unspecified (incl cysts and polyps)
10015827;Extranodal marginal zone B-cell lymphoma (MALT type) stage III;Neoplasms benign, malignant and unspecified (incl cysts and polyps)
10015828;Extranodal marginal zone B-cell lymphoma (MALT type) stage IV;Neoplasms benign, malignant and unspecified (incl cysts and polyps)
10015831;Extraocular retinoblastoma;Neoplasms benign, malignant and unspecified (incl cysts and polyps)
10015759;Extra-osseous Ewing's sarcoma;Neoplasms benign, malignant and unspecified (incl cysts and polyps)
10015761;Extra-osseous Ewing's sarcoma metastatic;Neoplasms benign, malignant and unspecified (incl cysts and polyps)
10015764;Extra-osseous Ewing's sarcoma recurrent;Neoplasms benign, malignant and unspecified (incl cysts and polyps)
10015840;Extraskeletal chondrosarcoma metastatic;Neoplasms benign, malignant and unspecified (incl cysts and polyps)
10015843;Extraskeletal chondrosarcoma recurrent;Neoplasms benign, malignant and unspecified (incl cysts and polyps)
10073134;Extraskeletal myxoid chondrosarcoma;Neoplasms benign, malignant and unspecified (incl cysts and polyps)
10015847;Extraskeletal osteosarcoma;Neoplasms benign, malignant and unspecified (incl cysts and polyps)
10015849;Extraskeletal osteosarcoma metastatic;Neoplasms benign, malignant and unspecified (incl cysts and polyps)
10015852;Extraskeletal osteosarcoma recurrent;Neoplasms benign, malignant and unspecified (incl cysts and polyps)
10016180;Fallopian tube cancer;Neoplasms benign, malignant and unspecified (incl cysts and polyps)
10016182;Fallopian tube cancer metastatic;Neoplasms benign, malignant and unspecified (incl cysts and polyps)
10016184;Fallopian tube cancer stage I;Neoplasms benign, malignant and unspecified (incl cysts and polyps)
10016185;Fallopian tube cancer stage II;Neoplasms benign, malignant and unspecified (incl cysts and polyps)
10016186;Fallopian tube cancer stage III;Neoplasms benign, malignant and unspecified (incl cysts and polyps)
10016187;Fallopian tube cancer stage IV;Neoplasms benign, malignant and unspecified (incl cysts and polyps)
10061154;Female reproductive tract carcinoma in situ;Neoplasms benign, malignant and unspecified (incl cysts and polyps)
10016632;Fibrosarcoma;Neoplasms benign, malignant and unspecified (incl cysts and polyps)
10016635;Fibrosarcoma metastatic;Neoplasms benign, malignant and unspecified (incl cysts and polyps)
10061957;Follicle centre lymphoma diffuse small cell lymphoma;Neoplasms benign, malignant and unspecified (incl cysts and polyps)
10016897;Follicle centre lymphoma diffuse small cell lymphoma recurrent;Neoplasms benign, malignant and unspecified (incl cysts and polyps)
10016898;Follicle centre lymphoma diffuse small cell lymphoma refractory;Neoplasms benign, malignant and unspecified (incl cysts and polyps)
10016899;Follicle centre lymphoma diffuse small cell lymphoma stage I;Neoplasms benign, malignant and unspecified (incl cysts and polyps)
10016900;Follicle centre lymphoma diffuse small cell lymphoma stage II;Neoplasms benign, malignant and unspecified (incl cysts and polyps)
10016901;Follicle centre lymphoma diffuse small cell lymphoma stage III;Neoplasms benign, malignant and unspecified (incl cysts and polyps)
10016902;Follicle centre lymphoma diffuse small cell lymphoma stage IV;Neoplasms benign, malignant and unspecified (incl cysts and polyps)
10061170;Follicle centre lymphoma, follicular grade I, II, III;Neoplasms benign, malignant and unspecified (incl cysts and polyps)
10016905;Follicle centre lymphoma, follicular grade I, II, III recurrent;Neoplasms benign, malignant and unspecified (incl cysts and polyps)
10016906;Follicle centre lymphoma, follicular grade I, II, III refractory;Neoplasms benign, malignant and unspecified (incl cysts and polyps)
10016907;Follicle centre lymphoma, follicular grade I, II, III stage I;Neoplasms benign, malignant and unspecified (incl cysts and polyps)
10016908;Follicle centre lymphoma, follicular grade I, II, III stage II;Neoplasms benign, malignant and unspecified (incl cysts and polyps)
10016909;Follicle centre lymphoma, follicular grade I, II, III stage III;Neoplasms benign, malignant and unspecified (incl cysts and polyps)
10016910;Follicle centre lymphoma, follicular grade I, II, III stage IV;Neoplasms benign, malignant and unspecified (incl cysts and polyps)
10075332;Follicular dendritic cell sarcoma;Neoplasms benign, malignant and unspecified (incl cysts and polyps)
10085128;Follicular lymphoma;Neoplasms benign, malignant and unspecified (incl cysts and polyps)
10089556;Follicular lymphoma recurrent;Neoplasms benign, malignant and unspecified (incl cysts and polyps)
10089554;Follicular lymphoma refractory;Neoplasms benign, malignant and unspecified (incl cysts and polyps)
10085123;Follicular lymphoma stage I;Neoplasms benign, malignant and unspecified (incl cysts and polyps)
10085125;Follicular lymphoma stage II;Neoplasms benign, malignant and unspecified (incl cysts and polyps)
10085127;Follicular lymphoma stage III;Neoplasms benign, malignant and unspecified (incl cysts and polyps)
10085126;Follicular lymphoma stage IV;Neoplasms benign, malignant and unspecified (incl cysts and polyps)
10016935;Follicular thyroid cancer;Neoplasms benign, malignant and unspecified (incl cysts and polyps)
10058286;Gallbladder adenocarcinoma;Neoplasms benign, malignant and unspecified (incl cysts and polyps)
10073067;Gallbladder adenosquamous carcinoma;Neoplasms benign, malignant and unspecified (incl cysts and polyps)
10017614;Gallbladder cancer;Neoplasms benign, malignant and unspecified (incl cysts and polyps)
10066879;Gallbladder cancer metastatic;Neoplasms benign, malignant and unspecified (incl cysts and polyps)
10017619;Gallbladder cancer recurrent;Neoplasms benign, malignant and unspecified (incl cysts and polyps)
10059316;Gallbladder cancer stage 0;Neoplasms benign, malignant and unspecified (incl cysts and polyps)
10059317;Gallbladder cancer stage I;Neoplasms benign, malignant and unspecified (incl cysts and polyps)
10058281;Gallbladder cancer stage II;Neoplasms benign, malignant and unspecified (incl cysts and polyps)
10058282;Gallbladder cancer stage III;Neoplasms benign, malignant and unspecified (incl cysts and polyps)
10058283;Gallbladder cancer stage IV;Neoplasms benign, malignant and unspecified (incl cysts and polyps)
10073068;Gallbladder squamous cell carcinoma;Neoplasms benign, malignant and unspecified (incl cysts and polyps)
10017701;Ganglioglioma;Neoplasms benign, malignant and unspecified (incl cysts and polyps)
10017708;Ganglioneuroblastoma;Neoplasms benign, malignant and unspecified (incl cysts and polyps)
10017758;Gastric cancer;Neoplasms benign, malignant and unspecified (incl cysts and polyps)
10017761;Gastric cancer recurrent;Neoplasms benign, malignant and unspecified (incl cysts and polyps)
10017762;Gastric cancer stage 0;Neoplasms benign, malignant and unspecified (incl cysts and polyps)
10017763;Gastric cancer stage I;Neoplasms benign, malignant and unspecified (incl cysts and polyps)
10017764;Gastric cancer stage II;Neoplasms benign, malignant and unspecified (incl cysts and polyps)
10017765;Gastric cancer stage III;Neoplasms benign, malignant and unspecified (incl cysts and polyps)
10061967;Gastric cancer stage IV;Neoplasms benign, malignant and unspecified (incl cysts and polyps)
10075848;Gastric haemangioma;Neoplasms benign, malignant and unspecified (incl cysts and polyps)
10087362;Gastric neuroendocrine carcinoma;Neoplasms benign, malignant and unspecified (incl cysts and polyps)
10055008;Gastric sarcoma;Neoplasms benign, malignant and unspecified (incl cysts and polyps)
10017852;Gastrinoma;Neoplasms benign, malignant and unspecified (incl cysts and polyps)
10051709;Gastrinoma malignant;Neoplasms benign, malignant and unspecified (incl cysts and polyps)
10077559;Gastroenteropancreatic neuroendocrine tumour disease;Neoplasms benign, malignant and unspecified (incl cysts and polyps)
10081003;Gastrointestinal adenocarcinoma;Neoplasms benign, malignant and unspecified (incl cysts and polyps)
10091282;Gastrointestinal autonomic nerve tumour;Neoplasms benign, malignant and unspecified (incl cysts and polyps)
10053548;Gastrointestinal cancer metastatic;Neoplasms benign, malignant and unspecified (incl cysts and polyps)
10017940;Gastrointestinal carcinoma;Neoplasms benign, malignant and unspecified (incl cysts and polyps)
10061168;Gastrointestinal carcinoma in situ;Neoplasms benign, malignant and unspecified (incl cysts and polyps)
10017973;Gastrointestinal lymphoma;Neoplasms benign, malignant and unspecified (incl cysts and polyps)
10077167;Gastrointestinal melanoma;Neoplasms benign, malignant and unspecified (incl cysts and polyps)
10087364;Gastrointestinal neuroendocrine carcinoma;Neoplasms benign, malignant and unspecified (incl cysts and polyps)
10090770;Gastrointestinal neuroendocrine tumour;Neoplasms benign, malignant and unspecified (incl cysts and polyps)
10051066;Gastrointestinal stromal tumour;Neoplasms benign, malignant and unspecified (incl cysts and polyps)
10062878;Gastrooesophageal cancer;Neoplasms benign, malignant and unspecified (incl cysts and polyps)
10081398;Gastrooesophageal cancer recurrent;Neoplasms benign, malignant and unspecified (incl cysts and polyps)
10073116;Genital cancer male;Neoplasms benign, malignant and unspecified (incl cysts and polyps)
10073124;Genital cancer male in situ;Neoplasms benign, malignant and unspecified (incl cysts and polyps)
10018160;Genital neoplasm malignant female;Neoplasms benign, malignant and unspecified (incl cysts and polyps)
10077166;Genitourinary melanoma;Neoplasms benign, malignant and unspecified (incl cysts and polyps)
10061184;Germ cell cancer;Neoplasms benign, malignant and unspecified (incl cysts and polyps)
10068971;Germ cell cancer metastatic;Neoplasms benign, malignant and unspecified (incl cysts and polyps)
10075292;Germ cell neoplasm;Neoplasms benign, malignant and unspecified (incl cysts and polyps)
10061988;Gestational trophoblastic tumour;Neoplasms benign, malignant and unspecified (incl cysts and polyps)
10067807;Gingival cancer;Neoplasms benign, malignant and unspecified (incl cysts and polyps)
10018336;Glioblastoma;Neoplasms benign, malignant and unspecified (incl cysts and polyps)
10018337;Glioblastoma multiforme;Neoplasms benign, malignant and unspecified (incl cysts and polyps)
10018338;Glioma;Neoplasms benign, malignant and unspecified (incl cysts and polyps)
10066254;Gliomatosis cerebri;Neoplasms benign, malignant and unspecified (incl cysts and polyps)
10068601;Glioneuronal tumour;Neoplasms benign, malignant and unspecified (incl cysts and polyps)
10018340;Gliosarcoma;Neoplasms benign, malignant and unspecified (incl cysts and polyps)
10082347;Glomangiopericytoma;Neoplasms benign, malignant and unspecified (incl cysts and polyps)
10018381;Glomus tumour;Neoplasms benign, malignant and unspecified (incl cysts and polyps)
10018395;Glottis carcinoma;Neoplasms benign, malignant and unspecified (incl cysts and polyps)
10018404;Glucagonoma;Neoplasms benign, malignant and unspecified (incl cysts and polyps)
10079838;Good syndrome;Neoplasms benign, malignant and unspecified (incl cysts and polyps)
10078131;Granulosa cell tumour of the testis;Neoplasms benign, malignant and unspecified (incl cysts and polyps)
10084377;Grey zone lymphoma;Neoplasms benign, malignant and unspecified (incl cysts and polyps)
10085759;Growing teratoma syndrome;Neoplasms benign, malignant and unspecified (incl cysts and polyps)
10018758;Growth hormone-producing pituitary tumour;Neoplasms benign, malignant and unspecified (incl cysts and polyps)
10018813;Haemangioblastoma;Neoplasms benign, malignant and unspecified (incl cysts and polyps)
10018825;Haemangiopericytoma;Neoplasms benign, malignant and unspecified (incl cysts and polyps)
10018826;Haemangiopericytoma of meninges;Neoplasms benign, malignant and unspecified (incl cysts and polyps)
10066476;Haematological malignancy;Neoplasms benign, malignant and unspecified (incl cysts and polyps)
10086698;Haematological neoplasm;Neoplasms benign, malignant and unspecified (incl cysts and polyps)
10061187;Haematopoietic neoplasm;Neoplasms benign, malignant and unspecified (incl cysts and polyps)
10054096;Haemorrhagic tumour necrosis;Neoplasms benign, malignant and unspecified (incl cysts and polyps)
10019053;Hairy cell leukaemia;Neoplasms benign, malignant and unspecified (incl cysts and polyps)
10077403;Hairy cell leukaemia recurrent;Neoplasms benign, malignant and unspecified (incl cysts and polyps)
10067821;Head and neck cancer;Neoplasms benign, malignant and unspecified (incl cysts and polyps)
10071540;Head and neck cancer metastatic;Neoplasms benign, malignant and unspecified (incl cysts and polyps)
10071539;Head and neck cancer stage I;Neoplasms benign, malignant and unspecified (incl cysts and polyps)
10071538;Head and neck cancer stage II;Neoplasms benign, malignant and unspecified (incl cysts and polyps)
10071537;Head and neck cancer stage III;Neoplasms benign, malignant and unspecified (incl cysts and polyps)
10071536;Head and neck cancer stage IV;Neoplasms benign, malignant and unspecified (incl cysts and polyps)
10019350;Heavy chain disease;Neoplasms benign, malignant and unspecified (incl cysts and polyps)
10019629;Hepatic adenoma;Neoplasms benign, malignant and unspecified (incl cysts and polyps)
10067388;Hepatic angiosarcoma;Neoplasms benign, malignant and unspecified (incl cysts and polyps)
10073069;Hepatic cancer;Neoplasms benign, malignant and unspecified (incl cysts and polyps)
10055110;Hepatic cancer metastatic;Neoplasms benign, malignant and unspecified (incl cysts and polyps)
10073070;Hepatic cancer recurrent;Neoplasms benign, malignant and unspecified (incl cysts and polyps)
10059318;Hepatic cancer stage I;Neoplasms benign, malignant and unspecified (incl cysts and polyps)
10059319;Hepatic cancer stage II;Neoplasms benign, malignant and unspecified (incl cysts and polyps)
10059324;Hepatic cancer stage III;Neoplasms benign, malignant and unspecified (incl cysts and polyps)
10059325;Hepatic cancer stage IV;Neoplasms benign, malignant and unspecified (incl cysts and polyps)
10054885;Hepatic haemangioma rupture;Neoplasms benign, malignant and unspecified (incl cysts and polyps)
10019695;Hepatic neoplasm;Neoplasms benign, malignant and unspecified (incl cysts and polyps)
10085864;Hepatic neuroendocrine tumour;Neoplasms benign, malignant and unspecified (incl cysts and polyps)
10086958;Hepatic sarcoma;Neoplasms benign, malignant and unspecified (incl cysts and polyps)
10073073;Hepatobiliary cancer;Neoplasms benign, malignant and unspecified (incl cysts and polyps)
10073074;Hepatobiliary cancer in situ;Neoplasms benign, malignant and unspecified (incl cysts and polyps)
10061203;Hepatobiliary neoplasm;Neoplasms benign, malignant and unspecified (incl cysts and polyps)
10062001;Hepatoblastoma;Neoplasms benign, malignant and unspecified (incl cysts and polyps)
10019823;Hepatoblastoma recurrent;Neoplasms benign, malignant and unspecified (incl cysts and polyps)
10073071;Hepatocellular carcinoma;Neoplasms benign, malignant and unspecified (incl cysts and polyps)
10066957;Hepatosplenic T-cell lymphoma;Neoplasms benign, malignant and unspecified (incl cysts and polyps)
10089162;HER2 low breast cancer;Neoplasms benign, malignant and unspecified (incl cysts and polyps)
10084787;HER2 mutant non-small cell lung cancer;Neoplasms benign, malignant and unspecified (incl cysts and polyps)
10083232;HER2 negative breast cancer;Neoplasms benign, malignant and unspecified (incl cysts and polyps)
10089164;HER2 positive biliary tract cancer;Neoplasms benign, malignant and unspecified (incl cysts and polyps)
10089163;HER2 positive bladder cancer;Neoplasms benign, malignant and unspecified (incl cysts and polyps)
10065430;HER2 positive breast cancer;Neoplasms benign, malignant and unspecified (incl cysts and polyps)
10089165;HER2 positive cervix cancer;Neoplasms benign, malignant and unspecified (incl cysts and polyps)
10089161;HER2 positive colorectal cancer;Neoplasms benign, malignant and unspecified (incl cysts and polyps)
10089167;HER2 positive endometrial cancer;Neoplasms benign, malignant and unspecified (incl cysts and polyps)
10066896;HER2 positive gastric cancer;Neoplasms benign, malignant and unspecified (incl cysts and polyps)
10089166;HER2 positive ovarian cancer;Neoplasms benign, malignant and unspecified (incl cysts and polyps)
10089168;HER2 positive pancreatic carcinoma;Neoplasms benign, malignant and unspecified (incl cysts and polyps)
10085431;HER2 positive salivary gland cancer;Neoplasms benign, malignant and unspecified (incl cysts and polyps)
10073088;Hidradenocarcinoma;Neoplasms benign, malignant and unspecified (incl cysts and polyps)
10020067;High grade B-cell lymphoma Burkitt-like lymphoma;Neoplasms benign, malignant and unspecified (incl cysts and polyps)
10020070;High grade B-cell lymphoma Burkitt-like lymphoma recurrent;Neoplasms benign, malignant and unspecified (incl cysts and polyps)
10020071;High grade B-cell lymphoma Burkitt-like lymphoma refractory;Neoplasms benign, malignant and unspecified (incl cysts and polyps)
10020072;High grade B-cell lymphoma Burkitt-like lymphoma stage I;Neoplasms benign, malignant and unspecified (incl cysts and polyps)
10020073;High grade B-cell lymphoma Burkitt-like lymphoma stage II;Neoplasms benign, malignant and unspecified (incl cysts and polyps)
10020074;High grade B-cell lymphoma Burkitt-like lymphoma stage III;Neoplasms benign, malignant and unspecified (incl cysts and polyps)
10020075;High grade B-cell lymphoma Burkitt-like lymphoma stage IV;Neoplasms benign, malignant and unspecified (incl cysts and polyps)
10089555;High grade B-cell lymphoma recurrent;Neoplasms benign, malignant and unspecified (incl cysts and polyps)
10089557;High grade B-cell lymphoma refractory;Neoplasms benign, malignant and unspecified (incl cysts and polyps)
10080215;High-grade B-cell lymphoma;Neoplasms benign, malignant and unspecified (incl cysts and polyps)
10068785;Histiocytic medullary reticulosis;Neoplasms benign, malignant and unspecified (incl cysts and polyps)
10076876;Histiocytic sarcoma;Neoplasms benign, malignant and unspecified (incl cysts and polyps)
10020117;Histiocytosis;Neoplasms benign, malignant and unspecified (incl cysts and polyps)
10020206;Hodgkin's disease;Neoplasms benign, malignant and unspecified (incl cysts and polyps)
10020208;Hodgkin's disease lymphocyte depletion stage I site unspecified;Neoplasms benign, malignant and unspecified (incl cysts and polyps)
10020209;Hodgkin's disease lymphocyte depletion stage I subdiaphragm;Neoplasms benign, malignant and unspecified (incl cysts and polyps)
10020210;Hodgkin's disease lymphocyte depletion stage I supradiaphragm;Neoplasms benign, malignant and unspecified (incl cysts and polyps)
10020211;Hodgkin's disease lymphocyte depletion stage II site unspecified;Neoplasms benign, malignant and unspecified (incl cysts and polyps)
10020212;Hodgkin's disease lymphocyte depletion stage II subdiaphragm;Neoplasms benign, malignant and unspecified (incl cysts and polyps)
10020213;Hodgkin's disease lymphocyte depletion stage II supradiaphragm;Neoplasms benign, malignant and unspecified (incl cysts and polyps)
10020215;Hodgkin's disease lymphocyte depletion type recurrent;Neoplasms benign, malignant and unspecified (incl cysts and polyps)
10020216;Hodgkin's disease lymphocyte depletion type refractory;Neoplasms benign, malignant and unspecified (incl cysts and polyps)
10020217;Hodgkin's disease lymphocyte depletion type stage III;Neoplasms benign, malignant and unspecified (incl cysts and polyps)
10020218;Hodgkin's disease lymphocyte depletion type stage IV;Neoplasms benign, malignant and unspecified (incl cysts and polyps)
10020219;Hodgkin's disease lymphocyte depletion type stage unspecified;Neoplasms benign, malignant and unspecified (incl cysts and polyps)
10020220;Hodgkin's disease lymphocyte predominance stage I site unspec;Neoplasms benign, malignant and unspecified (incl cysts and polyps)
10020221;Hodgkin's disease lymphocyte predominance stage I subdiaphragm;Neoplasms benign, malignant and unspecified (incl cysts and polyps)
10020222;Hodgkin's disease lymphocyte predominance stage I supradiaphragm;Neoplasms benign, malignant and unspecified (incl cysts and polyps)
10020223;Hodgkin's disease lymphocyte predominance stage II site unspec;Neoplasms benign, malignant and unspecified (incl cysts and polyps)
10020224;Hodgkin's disease lymphocyte predominance stage II subdiaphragm;Neoplasms benign, malignant and unspecified (incl cysts and polyps)
10020225;Hodgkin's disease lymphocyte predominance stage II supradiaphragm;Neoplasms benign, malignant and unspecified (incl cysts and polyps)
10020227;Hodgkin's disease lymphocyte predominance type recurrent;Neoplasms benign, malignant and unspecified (incl cysts and polyps)
10020228;Hodgkin's disease lymphocyte predominance type refractory;Neoplasms benign, malignant and unspecified (incl cysts and polyps)
10020229;Hodgkin's disease lymphocyte predominance type stage III;Neoplasms benign, malignant and unspecified (incl cysts and polyps)
10020230;Hodgkin's disease lymphocyte predominance type stage IV;Neoplasms benign, malignant and unspecified (incl cysts and polyps)
10020231;Hodgkin's disease lymphocyte predominance type stage unspecified;Neoplasms benign, malignant and unspecified (incl cysts and polyps)
10020233;Hodgkin's disease mixed cellularity recurrent;Neoplasms benign, malignant and unspecified (incl cysts and polyps)
10020234;Hodgkin's disease mixed cellularity refractory;Neoplasms benign, malignant and unspecified (incl cysts and polyps)
10020235;Hodgkin's disease mixed cellularity stage I site unspecified;Neoplasms benign, malignant and unspecified (incl cysts and polyps)
10020236;Hodgkin's disease mixed cellularity stage I subdiaphragmatic;Neoplasms benign, malignant and unspecified (incl cysts and polyps)
10020237;Hodgkin's disease mixed cellularity stage I supradiaphragmatic;Neoplasms benign, malignant and unspecified (incl cysts and polyps)
10020238;Hodgkin's disease mixed cellularity stage II subdiaphragmatic;Neoplasms benign, malignant and unspecified (incl cysts and polyps)
10020239;Hodgkin's disease mixed cellularity stage II supradiaphragmatic;Neoplasms benign, malignant and unspecified (incl cysts and polyps)
10020240;Hodgkin's disease mixed cellularity stage III;Neoplasms benign, malignant and unspecified (incl cysts and polyps)
10020241;Hodgkin's disease mixed cellularity stage IV;Neoplasms benign, malignant and unspecified (incl cysts and polyps)
10020242;Hodgkin's disease mixed cellularity stage unspecified;Neoplasms benign, malignant and unspecified (incl cysts and polyps)
10020244;Hodgkin's disease nodular sclerosis;Neoplasms benign, malignant and unspecified (incl cysts and polyps)
10020245;Hodgkin's disease nodular sclerosis recurrent;Neoplasms benign, malignant and unspecified (incl cysts and polyps)
10020246;Hodgkin's disease nodular sclerosis refractory;Neoplasms benign, malignant and unspecified (incl cysts and polyps)
10073535;Hodgkin's disease nodular sclerosis stage I;Neoplasms benign, malignant and unspecified (incl cysts and polyps)
10073534;Hodgkin's disease nodular sclerosis stage II;Neoplasms benign, malignant and unspecified (incl cysts and polyps)
10020252;Hodgkin's disease nodular sclerosis stage III;Neoplasms benign, malignant and unspecified (incl cysts and polyps)
10020253;Hodgkin's disease nodular sclerosis stage IV;Neoplasms benign, malignant and unspecified (incl cysts and polyps)
10020266;Hodgkin's disease recurrent;Neoplasms benign, malignant and unspecified (incl cysts and polyps)
10020267;Hodgkin's disease refractory;Neoplasms benign, malignant and unspecified (incl cysts and polyps)
10020268;Hodgkin's disease stage I;Neoplasms benign, malignant and unspecified (incl cysts and polyps)
10020269;Hodgkin's disease stage II;Neoplasms benign, malignant and unspecified (incl cysts and polyps)
10020270;Hodgkin's disease stage III;Neoplasms benign, malignant and unspecified (incl cysts and polyps)
10061597;Hodgkin's disease stage IV;Neoplasms benign, malignant and unspecified (incl cysts and polyps)
10020271;Hodgkin's disease unclassifiable;Neoplasms benign, malignant and unspecified (incl cysts and polyps)
10084789;Homologous recombination deficiency positive advanced ovarian cancer;Neoplasms benign, malignant and unspecified (incl cysts and polyps)
10085561;Hormone receptor negative HER2 positive breast cancer;Neoplasms benign, malignant and unspecified (incl cysts and polyps)
10083234;Hormone receptor positive breast cancer;Neoplasms benign, malignant and unspecified (incl cysts and polyps)
10085481;Hormone receptor positive HER2 negative breast cancer;Neoplasms benign, malignant and unspecified (incl cysts and polyps)
10076935;Hormone refractory breast cancer;Neoplasms benign, malignant and unspecified (incl cysts and polyps)
10071119;Hormone-dependent prostate cancer;Neoplasms benign, malignant and unspecified (incl cysts and polyps)
10062904;Hormone-refractory prostate cancer;Neoplasms benign, malignant and unspecified (incl cysts and polyps)
10020391;Hormone-secreting ovarian tumour;Neoplasms benign, malignant and unspecified (incl cysts and polyps)
10066136;Huerthle cell carcinoma;Neoplasms benign, malignant and unspecified (incl cysts and polyps)
10050249;Hygroma colli;Neoplasms benign, malignant and unspecified (incl cysts and polyps)
10021042;Hypopharyngeal cancer;Neoplasms benign, malignant and unspecified (incl cysts and polyps)
10021044;Hypopharyngeal cancer recurrent;Neoplasms benign, malignant and unspecified (incl cysts and polyps)
10021045;Hypopharyngeal cancer stage 0;Neoplasms benign, malignant and unspecified (incl cysts and polyps)
10021046;Hypopharyngeal cancer stage I;Neoplasms benign, malignant and unspecified (incl cysts and polyps)
10021047;Hypopharyngeal cancer stage II;Neoplasms benign, malignant and unspecified (incl cysts and polyps)
10021048;Hypopharyngeal cancer stage III;Neoplasms benign, malignant and unspecified (incl cysts and polyps)
10021049;Hypopharyngeal cancer stage IV;Neoplasms benign, malignant and unspecified (incl cysts and polyps)
10090840;Iatrogenic Kaposi sarcoma;Neoplasms benign, malignant and unspecified (incl cysts and polyps)
10072796;Immune reconstitution inflammatory syndrome associated Kaposi's sarcoma;Neoplasms benign, malignant and unspecified (incl cysts and polyps)
10053574;Immunoblastic lymphoma;Neoplasms benign, malignant and unspecified (incl cysts and polyps)
10056452;Indolent systemic mastocytosis;Neoplasms benign, malignant and unspecified (incl cysts and polyps)
10087104;Infected metastasis;Neoplasms benign, malignant and unspecified (incl cysts and polyps)
10021977;Inflammatory carcinoma of breast recurrent;Neoplasms benign, malignant and unspecified (incl cysts and polyps)
10021978;Inflammatory carcinoma of breast stage III;Neoplasms benign, malignant and unspecified (incl cysts and polyps)
10021979;Inflammatory carcinoma of breast stage IV;Neoplasms benign, malignant and unspecified (incl cysts and polyps)
10021980;Inflammatory carcinoma of the breast;Neoplasms benign, malignant and unspecified (incl cysts and polyps)
10073142;Inflammatory malignant fibrous histiocytoma;Neoplasms benign, malignant and unspecified (incl cysts and polyps)
10067917;Inflammatory myofibroblastic tumour;Neoplasms benign, malignant and unspecified (incl cysts and polyps)
10022498;Insulinoma;Neoplasms benign, malignant and unspecified (incl cysts and polyps)
10090084;Interleukin gene positive cancer;Neoplasms benign, malignant and unspecified (incl cysts and polyps)
10051925;Intestinal adenocarcinoma;Neoplasms benign, malignant and unspecified (incl cysts and polyps)
10080311;Intestinal metastasis;Neoplasms benign, malignant and unspecified (incl cysts and polyps)
10022706;Intestinal T-cell lymphoma recurrent;Neoplasms benign, malignant and unspecified (incl cysts and polyps)
10022707;Intestinal T-cell lymphoma refractory;Neoplasms benign, malignant and unspecified (incl cysts and polyps)
10022708;Intestinal T-cell lymphoma stage I;Neoplasms benign, malignant and unspecified (incl cysts and polyps)
10022709;Intestinal T-cell lymphoma stage II;Neoplasms benign, malignant and unspecified (incl cysts and polyps)
10022710;Intestinal T-cell lymphoma stage III;Neoplasms benign, malignant and unspecified (incl cysts and polyps)
10022711;Intestinal T-cell lymphoma stage IV;Neoplasms benign, malignant and unspecified (incl cysts and polyps)
10022728;Intra-abdominal haemangioma;Neoplasms benign, malignant and unspecified (incl cysts and polyps)
10086456;Intracholecystic papillary neoplasm;Neoplasms benign, malignant and unspecified (incl cysts and polyps)
10073751;Intracranial germ cell tumour;Neoplasms benign, malignant and unspecified (incl cysts and polyps)
10022759;Intracranial haemangioma;Neoplasms benign, malignant and unspecified (incl cysts and polyps)
10022770;Intracranial meningioma malignant;Neoplasms benign, malignant and unspecified (incl cysts and polyps)
10073540;Intraductal papillary breast neoplasm;Neoplasms benign, malignant and unspecified (incl cysts and polyps)
10070999;Intraductal papillary mucinous neoplasm;Neoplasms benign, malignant and unspecified (incl cysts and polyps)
10073365;Intraductal papillary-mucinous carcinoma of pancreas;Neoplasms benign, malignant and unspecified (incl cysts and polyps)
10073094;Intraductal proliferative breast lesion;Neoplasms benign, malignant and unspecified (incl cysts and polyps)
10082365;Intraosseous meningioma;Neoplasms benign, malignant and unspecified (incl cysts and polyps)
10072808;Intratumoural aneurysm;Neoplasms benign, malignant and unspecified (incl cysts and polyps)
10084177;Intratumoural haematoma;Neoplasms benign, malignant and unspecified (incl cysts and polyps)
10075713;Invasive breast carcinoma;Neoplasms benign, malignant and unspecified (incl cysts and polyps)
10073095;Invasive ductal breast carcinoma;Neoplasms benign, malignant and unspecified (incl cysts and polyps)
10073096;Invasive lobular breast carcinoma;Neoplasms benign, malignant and unspecified (incl cysts and polyps)
10073098;Invasive papillary breast carcinoma;Neoplasms benign, malignant and unspecified (incl cysts and polyps)
10073086;Iris melanoma;Neoplasms benign, malignant and unspecified (incl cysts and polyps)
10073678;Juvenile angiofibroma;Neoplasms benign, malignant and unspecified (incl cysts and polyps)
10023249;Juvenile chronic myelomonocytic leukaemia;Neoplasms benign, malignant and unspecified (incl cysts and polyps)
10087551;Kaposiform haemangioendothelioma;Neoplasms benign, malignant and unspecified (incl cysts and polyps)
10023284;Kaposi's sarcoma;Neoplasms benign, malignant and unspecified (incl cysts and polyps)
10023286;Kaposi's sarcoma AIDS related;Neoplasms benign, malignant and unspecified (incl cysts and polyps)
10023288;Kaposi's sarcoma classical type;Neoplasms benign, malignant and unspecified (incl cysts and polyps)
10073324;Keratinising squamous cell carcinoma of nasopharynx;Neoplasms benign, malignant and unspecified (incl cysts and polyps)
10069698;Langerhans' cell histiocytosis;Neoplasms benign, malignant and unspecified (incl cysts and polyps)
10078782;Langerhans cell sarcoma;Neoplasms benign, malignant and unspecified (incl cysts and polyps)
10023774;Large cell lung cancer;Neoplasms benign, malignant and unspecified (incl cysts and polyps)
10069730;Large cell lung cancer metastatic;Neoplasms benign, malignant and unspecified (incl cysts and polyps)
10023775;Large cell lung cancer recurrent;Neoplasms benign, malignant and unspecified (incl cysts and polyps)
10023776;Large cell lung cancer stage 0;Neoplasms benign, malignant and unspecified (incl cysts and polyps)
10023777;Large cell lung cancer stage I;Neoplasms benign, malignant and unspecified (incl cysts and polyps)
10023778;Large cell lung cancer stage II;Neoplasms benign, malignant and unspecified (incl cysts and polyps)
10023779;Large cell lung cancer stage III;Neoplasms benign, malignant and unspecified (incl cysts and polyps)
10023780;Large cell lung cancer stage IV;Neoplasms benign, malignant and unspecified (incl cysts and polyps)
10023791;Large granular lymphocytosis;Neoplasms benign, malignant and unspecified (incl cysts and polyps)
10088403;Laryngeal angioma;Neoplasms benign, malignant and unspecified (incl cysts and polyps)
10023825;Laryngeal cancer;Neoplasms benign, malignant and unspecified (incl cysts and polyps)
10070902;Laryngeal cancer metastatic;Neoplasms benign, malignant and unspecified (incl cysts and polyps)
10023828;Laryngeal cancer recurrent;Neoplasms benign, malignant and unspecified (incl cysts and polyps)
10023829;Laryngeal cancer stage 0;Neoplasms benign, malignant and unspecified (incl cysts and polyps)
10023830;Laryngeal cancer stage I;Neoplasms benign, malignant and unspecified (incl cysts and polyps)
10023831;Laryngeal cancer stage II;Neoplasms benign, malignant and unspecified (incl cysts and polyps)
10023832;Laryngeal cancer stage III;Neoplasms benign, malignant and unspecified (incl cysts and polyps)
10023833;Laryngeal cancer stage IV;Neoplasms benign, malignant and unspecified (incl cysts and polyps)
10023856;Laryngeal squamous cell carcinoma;Neoplasms benign, malignant and unspecified (incl cysts and polyps)
10024189;Leiomyosarcoma;Neoplasms benign, malignant and unspecified (incl cysts and polyps)
10024191;Leiomyosarcoma metastatic;Neoplasms benign, malignant and unspecified (incl cysts and polyps)
10024194;Leiomyosarcoma recurrent;Neoplasms benign, malignant and unspecified (incl cysts and polyps)
10024218;Lentigo maligna;Neoplasms benign, malignant and unspecified (incl cysts and polyps)
10024220;Lentigo maligna recurrent;Neoplasms benign, malignant and unspecified (incl cysts and polyps)
10024221;Lentigo maligna stage I;Neoplasms benign, malignant and unspecified (incl cysts and polyps)
10024222;Lentigo maligna stage II;Neoplasms benign, malignant and unspecified (incl cysts and polyps)
10024223;Lentigo maligna stage III;Neoplasms benign, malignant and unspecified (incl cysts and polyps)
10024224;Lentigo maligna stage IV;Neoplasms benign, malignant and unspecified (incl cysts and polyps)
10078282;Leptomeningeal myelomatosis;Neoplasms benign, malignant and unspecified (incl cysts and polyps)
10024288;Leukaemia;Neoplasms benign, malignant and unspecified (incl cysts and polyps)
10024293;Leukaemia basophilic;Neoplasms benign, malignant and unspecified (incl cysts and polyps)
10053180;Leukaemia cutis;Neoplasms benign, malignant and unspecified (incl cysts and polyps)
10024299;Leukaemia granulocytic;Neoplasms benign, malignant and unspecified (incl cysts and polyps)
10024305;Leukaemia monocytic;Neoplasms benign, malignant and unspecified (incl cysts and polyps)
10062489;Leukaemia recurrent;Neoplasms benign, malignant and unspecified (incl cysts and polyps)
10077563;Leukaemic cardiac infiltration;Neoplasms benign, malignant and unspecified (incl cysts and polyps)
10069360;Leukaemic infiltration;Neoplasms benign, malignant and unspecified (incl cysts and polyps)
10067117;Leukaemic infiltration extramedullary;Neoplasms benign, malignant and unspecified (incl cysts and polyps)
10067431;Leukaemic infiltration gingiva;Neoplasms benign, malignant and unspecified (incl cysts and polyps)
10058671;Leukaemic infiltration hepatic;Neoplasms benign, malignant and unspecified (incl cysts and polyps)
10075853;Leukaemic infiltration ovary;Neoplasms benign, malignant and unspecified (incl cysts and polyps)
10052368;Leukaemic infiltration pulmonary;Neoplasms benign, malignant and unspecified (incl cysts and polyps)
10069359;Leukaemic infiltration renal;Neoplasms benign, malignant and unspecified (incl cysts and polyps)
10024325;Leukaemic lymphoma;Neoplasms benign, malignant and unspecified (incl cysts and polyps)
10059239;Leukaemic retinopathy;Neoplasms benign, malignant and unspecified (incl cysts and polyps)
10024407;Leydig cell tumour of the testis;Neoplasms benign, malignant and unspecified (incl cysts and polyps)
10024459;Light chain disease;Neoplasms benign, malignant and unspecified (incl cysts and polyps)
10085443;Lineage switch leukaemia;Neoplasms benign, malignant and unspecified (incl cysts and polyps)
10024520;Linitis plastica;Neoplasms benign, malignant and unspecified (incl cysts and polyps)
10061523;Lip and/or oral cavity cancer;Neoplasms benign, malignant and unspecified (incl cysts and polyps)
10024535;Lip and/or oral cavity cancer recurrent;Neoplasms benign, malignant and unspecified (incl cysts and polyps)
10024536;Lip and/or oral cavity cancer stage 0;Neoplasms benign, malignant and unspecified (incl cysts and polyps)
10024537;Lip and/or oral cavity cancer stage I;Neoplasms benign, malignant and unspecified (incl cysts and polyps)
10024538;Lip and/or oral cavity cancer stage II;Neoplasms benign, malignant and unspecified (incl cysts and polyps)
10024539;Lip and/or oral cavity cancer stage III;Neoplasms benign, malignant and unspecified (incl cysts and polyps)
10024540;Lip and/or oral cavity cancer stage IV;Neoplasms benign, malignant and unspecified (incl cysts and polyps)
10024557;Lip neoplasm malignant stage unspecified;Neoplasms benign, malignant and unspecified (incl cysts and polyps)
10064055;Lip squamous cell carcinoma;Neoplasms benign, malignant and unspecified (incl cysts and polyps)
10024627;Liposarcoma;Neoplasms benign, malignant and unspecified (incl cysts and polyps)
10024629;Liposarcoma metastatic;Neoplasms benign, malignant and unspecified (incl cysts and polyps)
10024632;Liposarcoma recurrent;Neoplasms benign, malignant and unspecified (incl cysts and polyps)
10050842;Liver carcinoma ruptured;Neoplasms benign, malignant and unspecified (incl cysts and polyps)
10073099;Lobular breast carcinoma in situ;Neoplasms benign, malignant and unspecified (incl cysts and polyps)
10090297;Localised melanoma;Neoplasms benign, malignant and unspecified (incl cysts and polyps)
10025031;Lung adenocarcinoma;Neoplasms benign, malignant and unspecified (incl cysts and polyps)
10025033;Lung adenocarcinoma recurrent;Neoplasms benign, malignant and unspecified (incl cysts and polyps)
10025034;Lung adenocarcinoma stage 0;Neoplasms benign, malignant and unspecified (incl cysts and polyps)
10025035;Lung adenocarcinoma stage I;Neoplasms benign, malignant and unspecified (incl cysts and polyps)
10025036;Lung adenocarcinoma stage II;Neoplasms benign, malignant and unspecified (incl cysts and polyps)
10025037;Lung adenocarcinoma stage III;Neoplasms benign, malignant and unspecified (incl cysts and polyps)
10025038;Lung adenocarcinoma stage IV;Neoplasms benign, malignant and unspecified (incl cysts and polyps)
10050017;Lung cancer metastatic;Neoplasms benign, malignant and unspecified (incl cysts and polyps)
10025065;Lung carcinoma cell type unspecified recurrent;Neoplasms benign, malignant and unspecified (incl cysts and polyps)
10025066;Lung carcinoma cell type unspecified stage 0;Neoplasms benign, malignant and unspecified (incl cysts and polyps)
10025067;Lung carcinoma cell type unspecified stage I;Neoplasms benign, malignant and unspecified (incl cysts and polyps)
10025068;Lung carcinoma cell type unspecified stage II;Neoplasms benign, malignant and unspecified (incl cysts and polyps)
10025069;Lung carcinoma cell type unspecified stage III;Neoplasms benign, malignant and unspecified (incl cysts and polyps)
10025070;Lung carcinoma cell type unspecified stage IV;Neoplasms benign, malignant and unspecified (incl cysts and polyps)
10062041;Lung infiltration malignant;Neoplasms benign, malignant and unspecified (incl cysts and polyps)
10058467;Lung neoplasm malignant;Neoplasms benign, malignant and unspecified (incl cysts and polyps)
10071533;Lung squamous cell carcinoma metastatic;Neoplasms benign, malignant and unspecified (incl cysts and polyps)
10025120;Lung squamous cell carcinoma recurrent;Neoplasms benign, malignant and unspecified (incl cysts and polyps)
10025121;Lung squamous cell carcinoma stage 0;Neoplasms benign, malignant and unspecified (incl cysts and polyps)
10025122;Lung squamous cell carcinoma stage I;Neoplasms benign, malignant and unspecified (incl cysts and polyps)
10025123;Lung squamous cell carcinoma stage II;Neoplasms benign, malignant and unspecified (incl cysts and polyps)
10025124;Lung squamous cell carcinoma stage III;Neoplasms benign, malignant and unspecified (incl cysts and polyps)
10025125;Lung squamous cell carcinoma stage IV;Neoplasms benign, malignant and unspecified (incl cysts and polyps)
10025223;Lymphangiosarcoma;Neoplasms benign, malignant and unspecified (incl cysts and polyps)
10053132;Lymphangiosis carcinomatosa;Neoplasms benign, malignant and unspecified (incl cysts and polyps)
10025270;Lymphocytic leukaemia;Neoplasms benign, malignant and unspecified (incl cysts and polyps)
10052178;Lymphocytic lymphoma;Neoplasms benign, malignant and unspecified (incl cysts and polyps)
10025310;Lymphoma;Neoplasms benign, malignant and unspecified (incl cysts and polyps)
10025312;Lymphoma AIDS related;Neoplasms benign, malignant and unspecified (incl cysts and polyps)
10064344;Lymphoma transformation;Neoplasms benign, malignant and unspecified (incl cysts and polyps)
10025342;Lymphoplasmacytoid lymphoma/immunocytoma;Neoplasms benign, malignant and unspecified (incl cysts and polyps)
10025345;Lymphoplasmacytoid lymphoma/immunocytoma recurrent;Neoplasms benign, malignant and unspecified (incl cysts and polyps)
10025346;Lymphoplasmacytoid lymphoma/immunocytoma refractory;Neoplasms benign, malignant and unspecified (incl cysts and polyps)
10025347;Lymphoplasmacytoid lymphoma/immunocytoma stage I;Neoplasms benign, malignant and unspecified (incl cysts and polyps)
10025348;Lymphoplasmacytoid lymphoma/immunocytoma stage II;Neoplasms benign, malignant and unspecified (incl cysts and polyps)
10025349;Lymphoplasmacytoid lymphoma/immunocytoma stage III;Neoplasms benign, malignant and unspecified (incl cysts and polyps)
10025350;Lymphoplasmacytoid lymphoma/immunocytoma stage IV;Neoplasms benign, malignant and unspecified (incl cysts and polyps)
10061232;Lymphoproliferative disorder;Neoplasms benign, malignant and unspecified (incl cysts and polyps)
10083007;Maffucci syndrome;Neoplasms benign, malignant and unspecified (incl cysts and polyps)
10061237;Malignant anorectal neoplasm;Neoplasms benign, malignant and unspecified (incl cysts and polyps)
10072448;Malignant blue naevus;Neoplasms benign, malignant and unspecified (incl cysts and polyps)
10086686;Malignant central nervous system neoplasm;Neoplasms benign, malignant and unspecified (incl cysts and polyps)
10074340;Malignant connective tissue neoplasm;Neoplasms benign, malignant and unspecified (incl cysts and polyps)
10061238;Malignant cranial nerve neoplasm;Neoplasms benign, malignant and unspecified (incl cysts and polyps)
10025552;Malignant fibrous histiocytoma;Neoplasms benign, malignant and unspecified (incl cysts and polyps)
10025554;Malignant fibrous histiocytoma metastatic;Neoplasms benign, malignant and unspecified (incl cysts and polyps)
10025557;Malignant fibrous histiocytoma of bone;Neoplasms benign, malignant and unspecified (incl cysts and polyps)
10025561;Malignant fibrous histiocytoma recurrent;Neoplasms benign, malignant and unspecified (incl cysts and polyps)
10086077;Malignant gastric ulcer;Neoplasms benign, malignant and unspecified (incl cysts and polyps)
10074419;Malignant genitourinary tract neoplasm;Neoplasms benign, malignant and unspecified (incl cysts and polyps)
10073141;Malignant giant cell fibrous histiocytoma;Neoplasms benign, malignant and unspecified (incl cysts and polyps)
10065443;Malignant glioma;Neoplasms benign, malignant and unspecified (incl cysts and polyps)
10025566;Malignant haemangiopericytoma;Neoplasms benign, malignant and unspecified (incl cysts and polyps)
10025567;Malignant haemangiopericytoma metastatic;Neoplasms benign, malignant and unspecified (incl cysts and polyps)
10025570;Malignant haemangiopericytoma recurrent;Neoplasms benign, malignant and unspecified (incl cysts and polyps)
10025581;Malignant histiocytosis;Neoplasms benign, malignant and unspecified (incl cysts and polyps)
10025598;Malignant hydatidiform mole;Neoplasms benign, malignant and unspecified (incl cysts and polyps)
10078145;Malignant joint neoplasm;Neoplasms benign, malignant and unspecified (incl cysts and polyps)
10061240;Malignant lymphoid neoplasm;Neoplasms benign, malignant and unspecified (incl cysts and polyps)
10025635;Malignant lymphoma unclassifiable high grade;Neoplasms benign, malignant and unspecified (incl cysts and polyps)
10025636;Malignant lymphoma unclassifiable low grade;Neoplasms benign, malignant and unspecified (incl cysts and polyps)
10025638;Malignant mast cell neoplasm;Neoplasms benign, malignant and unspecified (incl cysts and polyps)
10061241;Malignant mediastinal neoplasm;Neoplasms benign, malignant and unspecified (incl cysts and polyps)
10025650;Malignant melanoma;Neoplasms benign, malignant and unspecified (incl cysts and polyps)
10063706;Malignant melanoma of eyelid;Neoplasms benign, malignant and unspecified (incl cysts and polyps)
10025654;Malignant melanoma of sites other than skin;Neoplasms benign, malignant and unspecified (incl cysts and polyps)
10025668;Malignant melanoma stage I;Neoplasms benign, malignant and unspecified (incl cysts and polyps)
10025669;Malignant melanoma stage II;Neoplasms benign, malignant and unspecified (incl cysts and polyps)
10025670;Malignant melanoma stage III;Neoplasms benign, malignant and unspecified (incl cysts and polyps)
10025671;Malignant melanoma stage IV;Neoplasms benign, malignant and unspecified (incl cysts and polyps)
10077758;Malignant meningioma metastatic;Neoplasms benign, malignant and unspecified (incl cysts and polyps)
10061526;Malignant mesenchymoma;Neoplasms benign, malignant and unspecified (incl cysts and polyps)
10025674;Malignant mesenchymoma metastatic;Neoplasms benign, malignant and unspecified (incl cysts and polyps)
10025677;Malignant mesenchymoma recurrent;Neoplasms benign, malignant and unspecified (incl cysts and polyps)
10067369;Malignant mesenteric neoplasm;Neoplasms benign, malignant and unspecified (incl cysts and polyps)
10061267;Malignant middle ear neoplasm;Neoplasms benign, malignant and unspecified (incl cysts and polyps)
10062050;Malignant muscle neoplasm;Neoplasms benign, malignant and unspecified (incl cysts and polyps)
10025697;Malignant neoplasm of ampulla of Vater;Neoplasms benign, malignant and unspecified (incl cysts and polyps)
10025839;Malignant neoplasm of choroid;Neoplasms benign, malignant and unspecified (incl cysts and polyps)
10025861;Malignant neoplasm of conjunctiva;Neoplasms benign, malignant and unspecified (incl cysts and polyps)
10025871;Malignant neoplasm of cornea;Neoplasms benign, malignant and unspecified (incl cysts and polyps)
10025910;Malignant neoplasm of eye;Neoplasms benign, malignant and unspecified (incl cysts and polyps)
10063693;Malignant neoplasm of eyelid;Neoplasms benign, malignant and unspecified (incl cysts and polyps)
10025997;Malignant neoplasm of islets of Langerhans;Neoplasms benign, malignant and unspecified (incl cysts and polyps)
10026030;Malignant neoplasm of lacrimal duct;Neoplasms benign, malignant and unspecified (incl cysts and polyps)
10026031;Malignant neoplasm of lacrimal gland;Neoplasms benign, malignant and unspecified (incl cysts and polyps)
10026183;Malignant neoplasm of orbit;Neoplasms benign, malignant and unspecified (incl cysts and polyps)
10026326;Malignant neoplasm of paraurethral glands;Neoplasms benign, malignant and unspecified (incl cysts and polyps)
10026350;Malignant neoplasm of placenta;Neoplasms benign, malignant and unspecified (incl cysts and polyps)
10026351;Malignant neoplasm of pleura;Neoplasms benign, malignant and unspecified (incl cysts and polyps)
10072432;Malignant neoplasm of pleura metastatic;Neoplasms benign, malignant and unspecified (incl cysts and polyps)
10026426;Malignant neoplasm of renal pelvis;Neoplasms benign, malignant and unspecified (incl cysts and polyps)
10026432;Malignant neoplasm of retina;Neoplasms benign, malignant and unspecified (incl cysts and polyps)
10068124;Malignant neoplasm of seminal vesicle;Neoplasms benign, malignant and unspecified (incl cysts and polyps)
10026470;Malignant neoplasm of spermatic cord;Neoplasms benign, malignant and unspecified (incl cysts and polyps)
10026472;Malignant neoplasm of spinal cord;Neoplasms benign, malignant and unspecified (incl cysts and polyps)
10026532;Malignant neoplasm of thorax;Neoplasms benign, malignant and unspecified (incl cysts and polyps)
10026533;Malignant neoplasm of thymus;Neoplasms benign, malignant and unspecified (incl cysts and polyps)
10073059;Malignant neoplasm of unknown primary site;Neoplasms benign, malignant and unspecified (incl cysts and polyps)
10026616;Malignant neoplasm of uterine adnexa;Neoplasms benign, malignant and unspecified (incl cysts and polyps)
10087842;Malignant neoplasm oligoprogression;Neoplasms benign, malignant and unspecified (incl cysts and polyps)
10077303;Malignant neoplasm papilla of Vater;Neoplasms benign, malignant and unspecified (incl cysts and polyps)
10051398;Malignant neoplasm progression;Neoplasms benign, malignant and unspecified (incl cysts and polyps)
10061268;Malignant nervous system neoplasm;Neoplasms benign, malignant and unspecified (incl cysts and polyps)
10062051;Malignant nipple neoplasm;Neoplasms benign, malignant and unspecified (incl cysts and polyps)
10053129;Malignant nipple neoplasm female;Neoplasms benign, malignant and unspecified (incl cysts and polyps)
10053128;Malignant nipple neoplasm male;Neoplasms benign, malignant and unspecified (incl cysts and polyps)
10026659;Malignant oligodendroglioma;Neoplasms benign, malignant and unspecified (incl cysts and polyps)
10090056;Malignant ossifying fibromyxoid tumour;Neoplasms benign, malignant and unspecified (incl cysts and polyps)
10026662;Malignant ovarian cyst;Neoplasms benign, malignant and unspecified (incl cysts and polyps)
10026663;Malignant palate neoplasm;Neoplasms benign, malignant and unspecified (incl cysts and polyps)
10054946;Malignant pericardial neoplasm;Neoplasms benign, malignant and unspecified (incl cysts and polyps)
10061269;Malignant peritoneal neoplasm;Neoplasms benign, malignant and unspecified (incl cysts and polyps)
10026672;Malignant pituitary tumour;Neoplasms benign, malignant and unspecified (incl cysts and polyps)
10078695;Malignant polyp;Neoplasms benign, malignant and unspecified (incl cysts and polyps)
10061270;Malignant respiratory tract neoplasm;Neoplasms benign, malignant and unspecified (incl cysts and polyps)
10026702;Malignant splenic neoplasm;Neoplasms benign, malignant and unspecified (incl cysts and polyps)
10073087;Malignant sweat gland neoplasm;Neoplasms benign, malignant and unspecified (incl cysts and polyps)
10064912;Malignant transformation;Neoplasms benign, malignant and unspecified (incl cysts and polyps)
10086715;Malignant unclassifiable lymphoma;Neoplasms benign, malignant and unspecified (incl cysts and polyps)
10061272;Malignant urinary tract neoplasm;Neoplasms benign, malignant and unspecified (incl cysts and polyps)
10086817;Malignant urinary tract neoplasm metastatic;Neoplasms benign, malignant and unspecified (incl cysts and polyps)
10061275;Mantle cell lymphoma;Neoplasms benign, malignant and unspecified (incl cysts and polyps)
10026800;Mantle cell lymphoma recurrent;Neoplasms benign, malignant and unspecified (incl cysts and polyps)
10026801;Mantle cell lymphoma refractory;Neoplasms benign, malignant and unspecified (incl cysts and polyps)
10026802;Mantle cell lymphoma stage I;Neoplasms benign, malignant and unspecified (incl cysts and polyps)
10026803;Mantle cell lymphoma stage II;Neoplasms benign, malignant and unspecified (incl cysts and polyps)
10026804;Mantle cell lymphoma stage III;Neoplasms benign, malignant and unspecified (incl cysts and polyps)
10026805;Mantle cell lymphoma stage IV;Neoplasms benign, malignant and unspecified (incl cysts and polyps)
10076596;Marginal zone lymphoma;Neoplasms benign, malignant and unspecified (incl cysts and polyps)
10077533;Marginal zone lymphoma recurrent;Neoplasms benign, malignant and unspecified (incl cysts and polyps)
10077534;Marginal zone lymphoma refractory;Neoplasms benign, malignant and unspecified (incl cysts and polyps)
10077529;Marginal zone lymphoma stage I;Neoplasms benign, malignant and unspecified (incl cysts and polyps)
10077530;Marginal zone lymphoma stage II;Neoplasms benign, malignant and unspecified (incl cysts and polyps)
10077531;Marginal zone lymphoma stage III;Neoplasms benign, malignant and unspecified (incl cysts and polyps)
10077532;Marginal zone lymphoma stage IV;Neoplasms benign, malignant and unspecified (incl cysts and polyps)
10076248;Marjolin's ulcer;Neoplasms benign, malignant and unspecified (incl cysts and polyps)
10056450;Mastocytic leukaemia;Neoplasms benign, malignant and unspecified (incl cysts and polyps)
10079877;Maternal cancer in pregnancy;Neoplasms benign, malignant and unspecified (incl cysts and polyps)
10026956;Maxillofacial sinus neoplasm;Neoplasms benign, malignant and unspecified (incl cysts and polyps)
10085796;Meckel's cave tumour;Neoplasms benign, malignant and unspecified (incl cysts and polyps)
10027095;Medullary carcinoma of breast;Neoplasms benign, malignant and unspecified (incl cysts and polyps)
10027105;Medullary thyroid cancer;Neoplasms benign, malignant and unspecified (incl cysts and polyps)
10027107;Medulloblastoma;Neoplasms benign, malignant and unspecified (incl cysts and polyps)
10066594;Medulloblastoma recurrent;Neoplasms benign, malignant and unspecified (incl cysts and polyps)
10091063;Melanocytic tumour of uncertain malignant potential;Neoplasms benign, malignant and unspecified (incl cysts and polyps)
10066600;Melanoma recurrent;Neoplasms benign, malignant and unspecified (incl cysts and polyps)
10061282;Meningeal neoplasm;Neoplasms benign, malignant and unspecified (incl cysts and polyps)
10027191;Meningioma;Neoplasms benign, malignant and unspecified (incl cysts and polyps)
10027192;Meningioma benign;Neoplasms benign, malignant and unspecified (incl cysts and polyps)
10027193;Meningioma malignant;Neoplasms benign, malignant and unspecified (incl cysts and polyps)
10027406;Mesothelioma;Neoplasms benign, malignant and unspecified (incl cysts and polyps)
10027407;Mesothelioma malignant;Neoplasms benign, malignant and unspecified (incl cysts and polyps)
10027411;Mesothelioma malignant recurrent;Neoplasms benign, malignant and unspecified (incl cysts and polyps)
10073100;Metaplastic breast carcinoma;Neoplasms benign, malignant and unspecified (incl cysts and polyps)
10027450;Metastases to abdominal cavity;Neoplasms benign, malignant and unspecified (incl cysts and polyps)
10051664;Metastases to abdominal wall;Neoplasms benign, malignant and unspecified (incl cysts and polyps)
10027451;Metastases to adrenals;Neoplasms benign, malignant and unspecified (incl cysts and polyps)
10062195;Metastases to biliary tract;Neoplasms benign, malignant and unspecified (incl cysts and polyps)
10049722;Metastases to bladder;Neoplasms benign, malignant and unspecified (incl cysts and polyps)
10027452;Metastases to bone;Neoplasms benign, malignant and unspecified (incl cysts and polyps)
10051662;Metastases to bone marrow;Neoplasms benign, malignant and unspecified (incl cysts and polyps)
10027454;Metastases to breast;Neoplasms benign, malignant and unspecified (incl cysts and polyps)
10059282;Metastases to central nervous system;Neoplasms benign, malignant and unspecified (incl cysts and polyps)
10051663;Metastases to chest wall;Neoplasms benign, malignant and unspecified (incl cysts and polyps)
10051665;Metastases to diaphragm;Neoplasms benign, malignant and unspecified (incl cysts and polyps)
10051666;Metastases to Eustachian tube;Neoplasms benign, malignant and unspecified (incl cysts and polyps)
10049724;Metastases to eye;Neoplasms benign, malignant and unspecified (incl cysts and polyps)
10049727;Metastases to fallopian tube;Neoplasms benign, malignant and unspecified (incl cysts and polyps)
10051667;Metastases to gallbladder;Neoplasms benign, malignant and unspecified (incl cysts and polyps)
10062196;Metastases to gastrointestinal tract;Neoplasms benign, malignant and unspecified (incl cysts and polyps)
10049717;Metastases to heart;Neoplasms benign, malignant and unspecified (incl cysts and polyps)
10027455;Metastases to kidney;Neoplasms benign, malignant and unspecified (incl cysts and polyps)
10051668;Metastases to larynx;Neoplasms benign, malignant and unspecified (incl cysts and polyps)
10027457;Metastases to liver;Neoplasms benign, malignant and unspecified (incl cysts and polyps)
10027458;Metastases to lung;Neoplasms benign, malignant and unspecified (incl cysts and polyps)
10027459;Metastases to lymph nodes;Neoplasms benign, malignant and unspecified (incl cysts and polyps)
10051696;Metastases to meninges;Neoplasms benign, malignant and unspecified (incl cysts and polyps)
10051669;Metastases to mouth;Neoplasms benign, malignant and unspecified (incl cysts and polyps)
10049730;Metastases to muscle;Neoplasms benign, malignant and unspecified (incl cysts and polyps)
10051670;Metastases to nasal sinuses;Neoplasms benign, malignant and unspecified (incl cysts and polyps)
10027460;Metastases to neck;Neoplasms benign, malignant and unspecified (incl cysts and polyps)
10061287;Metastases to nervous system;Neoplasms benign, malignant and unspecified (incl cysts and polyps)
10051671;Metastases to oesophagus;Neoplasms benign, malignant and unspecified (incl cysts and polyps)
10027462;Metastases to ovary;Neoplasms benign, malignant and unspecified (incl cysts and polyps)
10049721;Metastases to pancreas;Neoplasms benign, malignant and unspecified (incl cysts and polyps)
10070913;Metastases to pelvis;Neoplasms benign, malignant and unspecified (incl cysts and polyps)
10051672;Metastases to penis;Neoplasms benign, malignant and unspecified (incl cysts and polyps)
10051673;Metastases to perineum;Neoplasms benign, malignant and unspecified (incl cysts and polyps)
10051674;Metastases to peripheral nervous system;Neoplasms benign, malignant and unspecified (incl cysts and polyps)
10058307;Metastases to peripheral vascular system;Neoplasms benign, malignant and unspecified (incl cysts and polyps)
10051676;Metastases to peritoneum;Neoplasms benign, malignant and unspecified (incl cysts and polyps)
10051677;Metastases to pharynx;Neoplasms benign, malignant and unspecified (incl cysts and polyps)
10049728;Metastases to pituitary gland;Neoplasms benign, malignant and unspecified (incl cysts and polyps)
10049725;Metastases to placenta;Neoplasms benign, malignant and unspecified (incl cysts and polyps)
10027463;Metastases to pleura;Neoplasms benign, malignant and unspecified (incl cysts and polyps)
10051678;Metastases to prostate;Neoplasms benign, malignant and unspecified (incl cysts and polyps)
10051679;Metastases to rectum;Neoplasms benign, malignant and unspecified (incl cysts and polyps)
10061288;Metastases to reproductive organ;Neoplasms benign, malignant and unspecified (incl cysts and polyps)
10051680;Metastases to retroperitoneum;Neoplasms benign, malignant and unspecified (incl cysts and polyps)
10051681;Metastases to salivary gland;Neoplasms benign, malignant and unspecified (incl cysts and polyps)
10027465;Metastases to skin;Neoplasms benign, malignant and unspecified (incl cysts and polyps)
10062197;Metastases to soft tissue;Neoplasms benign, malignant and unspecified (incl cysts and polyps)
10078267;Metastases to spinal cord;Neoplasms benign, malignant and unspecified (incl cysts and polyps)
10027468;Metastases to spine;Neoplasms benign, malignant and unspecified (incl cysts and polyps)
10051682;Metastases to spleen;Neoplasms benign, malignant and unspecified (incl cysts and polyps)
10049718;Metastases to stomach;Neoplasms benign, malignant and unspecified (incl cysts and polyps)
10051683;Metastases to testicle;Neoplasms benign, malignant and unspecified (incl cysts and polyps)
10027469;Metastases to the mediastinum;Neoplasms benign, malignant and unspecified (incl cysts and polyps)
10061600;Metastases to the respiratory system;Neoplasms benign, malignant and unspecified (incl cysts and polyps)
10051684;Metastases to thorax;Neoplasms benign, malignant and unspecified (incl cysts and polyps)
10049723;Metastases to thyroid;Neoplasms benign, malignant and unspecified (incl cysts and polyps)
10077476;Metastases to tonsils;Neoplasms benign, malignant and unspecified (incl cysts and polyps)
10051685;Metastases to trachea;Neoplasms benign, malignant and unspecified (incl cysts and polyps)
10056251;Metastases to urinary tract;Neoplasms benign, malignant and unspecified (incl cysts and polyps)
10049726;Metastases to uterus;Neoplasms benign, malignant and unspecified (incl cysts and polyps)
10075555;Metastases to vagina;Neoplasms benign, malignant and unspecified (incl cysts and polyps)
10062194;Metastasis;Neoplasms benign, malignant and unspecified (incl cysts and polyps)
10058306;Metastatic bronchial carcinoma;Neoplasms benign, malignant and unspecified (incl cysts and polyps)
10068115;Metastatic carcinoid tumour;Neoplasms benign, malignant and unspecified (incl cysts and polyps)
10057352;Metastatic carcinoma of the bladder;Neoplasms benign, malignant and unspecified (incl cysts and polyps)
10071532;Metastatic choriocarcinoma;Neoplasms benign, malignant and unspecified (incl cysts and polyps)
10063916;Metastatic gastric cancer;Neoplasms benign, malignant and unspecified (incl cysts and polyps)
10063157;Metastatic glioma;Neoplasms benign, malignant and unspecified (incl cysts and polyps)
10075245;Metastatic glucagonoma;Neoplasms benign, malignant and unspecified (incl cysts and polyps)
10071541;Metastatic lymphoma;Neoplasms benign, malignant and unspecified (incl cysts and polyps)
10027480;Metastatic malignant melanoma;Neoplasms benign, malignant and unspecified (incl cysts and polyps)
10087767;Metastatic mesothelioma;Neoplasms benign, malignant and unspecified (incl cysts and polyps)
10061289;Metastatic neoplasm;Neoplasms benign, malignant and unspecified (incl cysts and polyps)
10077703;Metastatic nervous system neoplasm;Neoplasms benign, malignant and unspecified (incl cysts and polyps)
10068117;Metastatic ocular melanoma;Neoplasms benign, malignant and unspecified (incl cysts and polyps)
10050513;Metastatic renal cell carcinoma;Neoplasms benign, malignant and unspecified (incl cysts and polyps)
10066882;Metastatic salivary gland cancer;Neoplasms benign, malignant and unspecified (incl cysts and polyps)
10063569;Metastatic squamous cell carcinoma;Neoplasms benign, malignant and unspecified (incl cysts and polyps)
10068116;Metastatic uterine cancer;Neoplasms benign, malignant and unspecified (incl cysts and polyps)
10079618;Microsatellite instability cancer;Neoplasms benign, malignant and unspecified (incl cysts and polyps)
10076748;Mixed adenoneuroendocrine carcinoma;Neoplasms benign, malignant and unspecified (incl cysts and polyps)
10027761;Mixed hepatocellular cholangiocarcinoma;Neoplasms benign, malignant and unspecified (incl cysts and polyps)
10073136;Mixed-type liposarcoma;Neoplasms benign, malignant and unspecified (incl cysts and polyps)
10073361;Mucinous adenocarcinoma of appendix;Neoplasms benign, malignant and unspecified (incl cysts and polyps)
10073101;Mucinous breast carcinoma;Neoplasms benign, malignant and unspecified (incl cysts and polyps)
10054914;Mucinous cystadenocarcinoma ovary;Neoplasms benign, malignant and unspecified (incl cysts and polyps)
10028076;Mucinous endometrial carcinoma;Neoplasms benign, malignant and unspecified (incl cysts and polyps)
10057269;Mucoepidermoid carcinoma;Neoplasms benign, malignant and unspecified (incl cysts and polyps)
10073371;Mucoepidermoid carcinoma of salivary gland;Neoplasms benign, malignant and unspecified (incl cysts and polyps)
10066057;Mueller's mixed tumour;Neoplasms benign, malignant and unspecified (incl cysts and polyps)
10070595;Multicentric reticulohistiocytosis;Neoplasms benign, malignant and unspecified (incl cysts and polyps)
10077675;Musculoskeletal cancer;Neoplasms benign, malignant and unspecified (incl cysts and polyps)
10051141;Myeloblastoma;Neoplasms benign, malignant and unspecified (incl cysts and polyps)
10028533;Myelodysplastic syndrome;Neoplasms benign, malignant and unspecified (incl cysts and polyps)
10067387;Myelodysplastic syndrome transformation;Neoplasms benign, malignant and unspecified (incl cysts and polyps)
10028535;Myelodysplastic syndrome unclassifiable;Neoplasms benign, malignant and unspecified (incl cysts and polyps)
10088023;Myelodysplastic syndrome with excess blasts;Neoplasms benign, malignant and unspecified (incl cysts and polyps)
10088022;Myelodysplastic syndrome with multilineage dysplasia;Neoplasms benign, malignant and unspecified (incl cysts and polyps)
10088024;Myelodysplastic syndrome with ringed sideroblasts;Neoplasms benign, malignant and unspecified (incl cysts and polyps)
10088025;Myelodysplastic syndrome with single lineage dysplasia;Neoplasms benign, malignant and unspecified (incl cysts and polyps)
10090858;Myelodysplastic syndrome/myeloproliferative neoplasm overlap syndrome;Neoplasms benign, malignant and unspecified (incl cysts and polyps)
10028537;Myelofibrosis;Neoplasms benign, malignant and unspecified (incl cysts and polyps)
10028549;Myeloid leukaemia;Neoplasms benign, malignant and unspecified (incl cysts and polyps)
10028561;Myeloid metaplasia;Neoplasms benign, malignant and unspecified (incl cysts and polyps)
10077465;Myeloproliferative neoplasm;Neoplasms benign, malignant and unspecified (incl cysts and polyps)
10091222;Myoepithelial carcinoma of salivary gland;Neoplasms benign, malignant and unspecified (incl cysts and polyps)
10066948;Myxofibrosarcoma;Neoplasms benign, malignant and unspecified (incl cysts and polyps)
10073137;Myxoid liposarcoma;Neoplasms benign, malignant and unspecified (incl cysts and polyps)
10079054;Naevoid melanoma;Neoplasms benign, malignant and unspecified (incl cysts and polyps)
10028729;Nasal cavity cancer;Neoplasms benign, malignant and unspecified (incl cysts and polyps)
10028767;Nasal sinus cancer;Neoplasms benign, malignant and unspecified (incl cysts and polyps)
10061306;Nasopharyngeal cancer;Neoplasms benign, malignant and unspecified (incl cysts and polyps)
10079104;Nasopharyngeal cancer metastatic;Neoplasms benign, malignant and unspecified (incl cysts and polyps)
10028787;Nasopharyngeal cancer recurrent;Neoplasms benign, malignant and unspecified (incl cysts and polyps)
10028788;Nasopharyngeal cancer stage 0;Neoplasms benign, malignant and unspecified (incl cysts and polyps)
10028789;Nasopharyngeal cancer stage I;Neoplasms benign, malignant and unspecified (incl cysts and polyps)
10028790;Nasopharyngeal cancer stage II;Neoplasms benign, malignant and unspecified (incl cysts and polyps)
10028791;Nasopharyngeal cancer stage III;Neoplasms benign, malignant and unspecified (incl cysts and polyps)
10028792;Nasopharyngeal cancer stage IV;Neoplasms benign, malignant and unspecified (incl cysts and polyps)
10083253;Nasopharyngeal tumour;Neoplasms benign, malignant and unspecified (incl cysts and polyps)
10028811;Natural killer-cell leukaemia;Neoplasms benign, malignant and unspecified (incl cysts and polyps)
10058975;Natural killer-cell lymphoblastic lymphoma;Neoplasms benign, malignant and unspecified (incl cysts and polyps)
10049793;Neonatal neuroblastoma;Neoplasms benign, malignant and unspecified (incl cysts and polyps)
10028997;Neoplasm malignant;Neoplasms benign, malignant and unspecified (incl cysts and polyps)
10029145;Nephroblastoma;Neoplasms benign, malignant and unspecified (incl cysts and polyps)
10029260;Neuroblastoma;Neoplasms benign, malignant and unspecified (incl cysts and polyps)
10066595;Neuroblastoma recurrent;Neoplasms benign, malignant and unspecified (incl cysts and polyps)
10073103;Neuroendocrine breast tumour;Neoplasms benign, malignant and unspecified (incl cysts and polyps)
10087499;Neuroendocrine cancer of the prostate metastatic;Neoplasms benign, malignant and unspecified (incl cysts and polyps)
10057270;Neuroendocrine carcinoma;Neoplasms benign, malignant and unspecified (incl cysts and polyps)
10071542;Neuroendocrine carcinoma metastatic;Neoplasms benign, malignant and unspecified (incl cysts and polyps)
10082915;Neuroendocrine carcinoma of prostate;Neoplasms benign, malignant and unspecified (incl cysts and polyps)
10078341;Neuroendocrine carcinoma of the bladder;Neoplasms benign, malignant and unspecified (incl cysts and polyps)
10086769;Neuroendocrine carcinoma of the cervix;Neoplasms benign, malignant and unspecified (incl cysts and polyps)
10086585;Neuroendocrine carcinoma of the oesophagus;Neoplasms benign, malignant and unspecified (incl cysts and polyps)
10029266;Neuroendocrine carcinoma of the skin;Neoplasms benign, malignant and unspecified (incl cysts and polyps)
10078174;Neuroendocrine tumour of the lung;Neoplasms benign, malignant and unspecified (incl cysts and polyps)
10078175;Neuroendocrine tumour of the lung metastatic;Neoplasms benign, malignant and unspecified (incl cysts and polyps)
10085767;Neuroendocrine tumour of the rectum;Neoplasms benign, malignant and unspecified (incl cysts and polyps)
10091079;Neuroendocrine tumour of the thymus;Neoplasms benign, malignant and unspecified (incl cysts and polyps)
10061527;Neurofibrosarcoma;Neoplasms benign, malignant and unspecified (incl cysts and polyps)
10029274;Neurofibrosarcoma metastatic;Neoplasms benign, malignant and unspecified (incl cysts and polyps)
10029277;Neurofibrosarcoma recurrent;Neoplasms benign, malignant and unspecified (incl cysts and polyps)
10029341;Neurotensinoma;Neoplasms benign, malignant and unspecified (incl cysts and polyps)
10029460;Nodal marginal zone B-cell lymphoma;Neoplasms benign, malignant and unspecified (incl cysts and polyps)
10029463;Nodal marginal zone B-cell lymphoma recurrent;Neoplasms benign, malignant and unspecified (incl cysts and polyps)
10029464;Nodal marginal zone B-cell lymphoma refractory;Neoplasms benign, malignant and unspecified (incl cysts and polyps)
10029465;Nodal marginal zone B-cell lymphoma stage I;Neoplasms benign, malignant and unspecified (incl cysts and polyps)
10029466;Nodal marginal zone B-cell lymphoma stage II;Neoplasms benign, malignant and unspecified (incl cysts and polyps)
10029467;Nodal marginal zone B-cell lymphoma stage III;Neoplasms benign, malignant and unspecified (incl cysts and polyps)
10029468;Nodal marginal zone B-cell lymphoma stage IV;Neoplasms benign, malignant and unspecified (incl cysts and polyps)
10080201;Nodular lymphocyte predominant Hodgkin lymphoma;Neoplasms benign, malignant and unspecified (incl cysts and polyps)
10029488;Nodular melanoma;Neoplasms benign, malignant and unspecified (incl cysts and polyps)
10090987;Non-clear cell renal cell carcinoma;Neoplasms benign, malignant and unspecified (incl cysts and polyps)
10065871;Nongerminomatous germ cell tumour of the CNS;Neoplasms benign, malignant and unspecified (incl cysts and polyps)
10029547;Non-Hodgkin's lymphoma;Neoplasms benign, malignant and unspecified (incl cysts and polyps)
10071535;Non-Hodgkin's lymphoma metastatic;Neoplasms benign, malignant and unspecified (incl cysts and polyps)
10029600;Non-Hodgkin's lymphoma recurrent;Neoplasms benign, malignant and unspecified (incl cysts and polyps)
10029601;Non-Hodgkin's lymphoma refractory;Neoplasms benign, malignant and unspecified (incl cysts and polyps)
10029602;Non-Hodgkin's lymphoma stage I;Neoplasms benign, malignant and unspecified (incl cysts and polyps)
10029603;Non-Hodgkin's lymphoma stage II;Neoplasms benign, malignant and unspecified (incl cysts and polyps)
10029604;Non-Hodgkin's lymphoma stage III;Neoplasms benign, malignant and unspecified (incl cysts and polyps)
10029605;Non-Hodgkin's lymphoma stage IV;Neoplasms benign, malignant and unspecified (incl cysts and polyps)
10061871;Non-Hodgkin's lymphoma transformed recurrent;Neoplasms benign, malignant and unspecified (incl cysts and polyps)
10063908;Non-Hodgkin's lymphoma unspecified histology aggressive;Neoplasms benign, malignant and unspecified (incl cysts and polyps)
10029609;Non-Hodgkin's lymphoma unspecified histology aggressive recurrent;Neoplasms benign, malignant and unspecified (incl cysts and polyps)
10029610;Non-Hodgkin's lymphoma unspecified histology aggressive refractory;Neoplasms benign, malignant and unspecified (incl cysts and polyps)
10029611;Non-Hodgkin's lymphoma unspecified histology aggressive stage I;Neoplasms benign, malignant and unspecified (incl cysts and polyps)
10029612;Non-Hodgkin's lymphoma unspecified histology aggressive stage II;Neoplasms benign, malignant and unspecified (incl cysts and polyps)
10029613;Non-Hodgkin's lymphoma unspecified histology aggressive stage III;Neoplasms benign, malignant and unspecified (incl cysts and polyps)
10029614;Non-Hodgkin's lymphoma unspecified histology aggressive stage IV;Neoplasms benign, malignant and unspecified (incl cysts and polyps)
10065856;Non-Hodgkin's lymphoma unspecified histology indolent;Neoplasms benign, malignant and unspecified (incl cysts and polyps)
10029622;Non-Hodgkin's lymphoma unspecified histology indolent stage I;Neoplasms benign, malignant and unspecified (incl cysts and polyps)
10029623;Non-Hodgkin's lymphoma unspecified histology indolent stage II;Neoplasms benign, malignant and unspecified (incl cysts and polyps)
10029624;Non-Hodgkin's lymphoma unspecified histology indolent stage III;Neoplasms benign, malignant and unspecified (incl cysts and polyps)
10029625;Non-Hodgkin's lymphoma unspecified histology indolent stage IV;Neoplasms benign, malignant and unspecified (incl cysts and polyps)
10073325;Nonkeratinising carcinoma of nasopharynx;Neoplasms benign, malignant and unspecified (incl cysts and polyps)
10061872;Non-renal cell carcinoma of kidney;Neoplasms benign, malignant and unspecified (incl cysts and polyps)
10029556;Non-secretory adenoma of pituitary;Neoplasms benign, malignant and unspecified (incl cysts and polyps)
10061873;Non-small cell lung cancer;Neoplasms benign, malignant and unspecified (incl cysts and polyps)
10059515;Non-small cell lung cancer metastatic;Neoplasms benign, malignant and unspecified (incl cysts and polyps)
10029515;Non-small cell lung cancer recurrent;Neoplasms benign, malignant and unspecified (incl cysts and polyps)
10029516;Non-small cell lung cancer stage 0;Neoplasms benign, malignant and unspecified (incl cysts and polyps)
10029517;Non-small cell lung cancer stage I;Neoplasms benign, malignant and unspecified (incl cysts and polyps)
10029518;Non-small cell lung cancer stage II;Neoplasms benign, malignant and unspecified (incl cysts and polyps)
10029519;Non-small cell lung cancer stage III;Neoplasms benign, malignant and unspecified (incl cysts and polyps)
10029520;Non-small cell lung cancer stage IIIA;Neoplasms benign, malignant and unspecified (incl cysts and polyps)
10029521;Non-small cell lung cancer stage IIIB;Neoplasms benign, malignant and unspecified (incl cysts and polyps)
10029522;Non-small cell lung cancer stage IV;Neoplasms benign, malignant and unspecified (incl cysts and polyps)
10088795;NTRK gene fusion cancer;Neoplasms benign, malignant and unspecified (incl cysts and polyps)
10078295;NUT midline carcinoma;Neoplasms benign, malignant and unspecified (incl cysts and polyps)
10055099;Ocular cancer metastatic;Neoplasms benign, malignant and unspecified (incl cysts and polyps)
10057416;Ocular haemangiopericytoma;Neoplasms benign, malignant and unspecified (incl cysts and polyps)
10075324;Ocular lymphoma;Neoplasms benign, malignant and unspecified (incl cysts and polyps)
10086693;Ocular melanoma;Neoplasms benign, malignant and unspecified (incl cysts and polyps)
10082449;Ocular surface squamous neoplasia;Neoplasms benign, malignant and unspecified (incl cysts and polyps)
10030137;Oesophageal adenocarcinoma;Neoplasms benign, malignant and unspecified (incl cysts and polyps)
10030140;Oesophageal adenocarcinoma recurrent;Neoplasms benign, malignant and unspecified (incl cysts and polyps)
10030141;Oesophageal adenocarcinoma stage 0;Neoplasms benign, malignant and unspecified (incl cysts and polyps)
10030142;Oesophageal adenocarcinoma stage I;Neoplasms benign, malignant and unspecified (incl cysts and polyps)
10030143;Oesophageal adenocarcinoma stage II;Neoplasms benign, malignant and unspecified (incl cysts and polyps)
10030144;Oesophageal adenocarcinoma stage III;Neoplasms benign, malignant and unspecified (incl cysts and polyps)
10030145;Oesophageal adenocarcinoma stage IV;Neoplasms benign, malignant and unspecified (incl cysts and polyps)
10082968;Oesophageal adenosquamous carcinoma;Neoplasms benign, malignant and unspecified (incl cysts and polyps)
10055102;Oesophageal cancer metastatic;Neoplasms benign, malignant and unspecified (incl cysts and polyps)
10030155;Oesophageal carcinoma;Neoplasms benign, malignant and unspecified (incl cysts and polyps)
10030159;Oesophageal carcinoma recurrent;Neoplasms benign, malignant and unspecified (incl cysts and polyps)
10030162;Oesophageal carcinoma stage 0;Neoplasms benign, malignant and unspecified (incl cysts and polyps)
10061534;Oesophageal squamous cell carcinoma;Neoplasms benign, malignant and unspecified (incl cysts and polyps)
10058527;Oesophageal squamous cell carcinoma metastatic;Neoplasms benign, malignant and unspecified (incl cysts and polyps)
10030187;Oesophageal squamous cell carcinoma recurrent;Neoplasms benign, malignant and unspecified (incl cysts and polyps)
10030188;Oesophageal squamous cell carcinoma stage 0;Neoplasms benign, malignant and unspecified (incl cysts and polyps)
10030189;Oesophageal squamous cell carcinoma stage I;Neoplasms benign, malignant and unspecified (incl cysts and polyps)
10030190;Oesophageal squamous cell carcinoma stage II;Neoplasms benign, malignant and unspecified (incl cysts and polyps)
10030191;Oesophageal squamous cell carcinoma stage III;Neoplasms benign, malignant and unspecified (incl cysts and polyps)
10030192;Oesophageal squamous cell carcinoma stage IV;Neoplasms benign, malignant and unspecified (incl cysts and polyps)
10090334;Olfactory groove meningioma;Neoplasms benign, malignant and unspecified (incl cysts and polyps)
10073131;Oligoastrocytoma;Neoplasms benign, malignant and unspecified (incl cysts and polyps)
10030286;Oligodendroglioma;Neoplasms benign, malignant and unspecified (incl cysts and polyps)
10030287;Oligodendroglioma benign;Neoplasms benign, malignant and unspecified (incl cysts and polyps)
10073338;Optic glioma;Neoplasms benign, malignant and unspecified (incl cysts and polyps)
10053645;Optic nerve neoplasm;Neoplasms benign, malignant and unspecified (incl cysts and polyps)
10089684;Optic nerve sheath meningioma;Neoplasms benign, malignant and unspecified (incl cysts and polyps)
10055098;Oral cavity cancer metastatic;Neoplasms benign, malignant and unspecified (incl cysts and polyps)
10031096;Oropharyngeal cancer;Neoplasms benign, malignant and unspecified (incl cysts and polyps)
10031098;Oropharyngeal cancer recurrent;Neoplasms benign, malignant and unspecified (incl cysts and polyps)
10031099;Oropharyngeal cancer stage 0;Neoplasms benign, malignant and unspecified (incl cysts and polyps)
10031100;Oropharyngeal cancer stage I;Neoplasms benign, malignant and unspecified (incl cysts and polyps)
10031101;Oropharyngeal cancer stage II;Neoplasms benign, malignant and unspecified (incl cysts and polyps)
10031102;Oropharyngeal cancer stage III;Neoplasms benign, malignant and unspecified (incl cysts and polyps)
10064099;Oropharyngeal cancer stage IV;Neoplasms benign, malignant and unspecified (incl cysts and polyps)
10031104;Oropharyngeal lymphoepithelioma;Neoplasms benign, malignant and unspecified (incl cysts and polyps)
10031112;Oropharyngeal squamous cell carcinoma;Neoplasms benign, malignant and unspecified (incl cysts and polyps)
10031291;Osteosarcoma;Neoplasms benign, malignant and unspecified (incl cysts and polyps)
10031294;Osteosarcoma metastatic;Neoplasms benign, malignant and unspecified (incl cysts and polyps)
10031296;Osteosarcoma recurrent;Neoplasms benign, malignant and unspecified (incl cysts and polyps)
10055100;Otic cancer metastatic;Neoplasms benign, malignant and unspecified (incl cysts and polyps)
10033128;Ovarian cancer;Neoplasms benign, malignant and unspecified (incl cysts and polyps)
10057529;Ovarian cancer metastatic;Neoplasms benign, malignant and unspecified (incl cysts and polyps)
10066697;Ovarian cancer recurrent;Neoplasms benign, malignant and unspecified (incl cysts and polyps)
10070905;Ovarian cancer stage I;Neoplasms benign, malignant and unspecified (incl cysts and polyps)
10070906;Ovarian cancer stage II;Neoplasms benign, malignant and unspecified (incl cysts and polyps)
10070907;Ovarian cancer stage III;Neoplasms benign, malignant and unspecified (incl cysts and polyps)
10070908;Ovarian cancer stage IV;Neoplasms benign, malignant and unspecified (incl cysts and polyps)
10073268;Ovarian clear cell carcinoma;Neoplasms benign, malignant and unspecified (incl cysts and polyps)
10033144;Ovarian dysgerminoma stage I;Neoplasms benign, malignant and unspecified (incl cysts and polyps)
10033148;Ovarian dysgerminoma stage II;Neoplasms benign, malignant and unspecified (incl cysts and polyps)
10033152;Ovarian dysgerminoma stage III;Neoplasms benign, malignant and unspecified (incl cysts and polyps)
10033156;Ovarian dysgerminoma stage IV;Neoplasms benign, malignant and unspecified (incl cysts and polyps)
10052759;Ovarian dysgerminoma stage unspecified;Neoplasms benign, malignant and unspecified (incl cysts and polyps)
10056266;Ovarian embryonal carcinoma;Neoplasms benign, malignant and unspecified (incl cysts and polyps)
10073269;Ovarian endometrioid carcinoma;Neoplasms benign, malignant and unspecified (incl cysts and polyps)
10061328;Ovarian epithelial cancer;Neoplasms benign, malignant and unspecified (incl cysts and polyps)
10033158;Ovarian epithelial cancer metastatic;Neoplasms benign, malignant and unspecified (incl cysts and polyps)
10033160;Ovarian epithelial cancer recurrent;Neoplasms benign, malignant and unspecified (incl cysts and polyps)
10033161;Ovarian epithelial cancer stage I;Neoplasms benign, malignant and unspecified (incl cysts and polyps)
10033162;Ovarian epithelial cancer stage II;Neoplasms benign, malignant and unspecified (incl cysts and polyps)
10033163;Ovarian epithelial cancer stage III;Neoplasms benign, malignant and unspecified (incl cysts and polyps)
10033164;Ovarian epithelial cancer stage IV;Neoplasms benign, malignant and unspecified (incl cysts and polyps)
10061893;Ovarian germ cell cancer;Neoplasms benign, malignant and unspecified (incl cysts and polyps)
10061894;Ovarian germ cell cancer stage I;Neoplasms benign, malignant and unspecified (incl cysts and polyps)
10061895;Ovarian germ cell cancer stage II;Neoplasms benign, malignant and unspecified (incl cysts and polyps)
10061896;Ovarian germ cell cancer stage III;Neoplasms benign, malignant and unspecified (incl cysts and polyps)
10061897;Ovarian germ cell cancer stage IV;Neoplasms benign, malignant and unspecified (incl cysts and polyps)
10073262;Ovarian germ cell choriocarcinoma;Neoplasms benign, malignant and unspecified (incl cysts and polyps)
10033183;Ovarian germ cell choriocarcinoma stage I;Neoplasms benign, malignant and unspecified (incl cysts and polyps)
10033187;Ovarian germ cell choriocarcinoma stage II;Neoplasms benign, malignant and unspecified (incl cysts and polyps)
10033191;Ovarian germ cell choriocarcinoma stage III;Neoplasms benign, malignant and unspecified (incl cysts and polyps)
10033195;Ovarian germ cell choriocarcinoma stage IV;Neoplasms benign, malignant and unspecified (incl cysts and polyps)
10033196;Ovarian germ cell embryonal carcinoma stage I;Neoplasms benign, malignant and unspecified (incl cysts and polyps)
10033200;Ovarian germ cell embryonal carcinoma stage II;Neoplasms benign, malignant and unspecified (incl cysts and polyps)
10033204;Ovarian germ cell embryonal carcinoma stage III;Neoplasms benign, malignant and unspecified (incl cysts and polyps)
10033208;Ovarian germ cell embryonal carcinoma stage IV;Neoplasms benign, malignant and unspecified (incl cysts and polyps)
10073263;Ovarian germ cell endodermal sinus tumour;Neoplasms benign, malignant and unspecified (incl cysts and polyps)
10033218;Ovarian germ cell endodermal sinus tumour stage I;Neoplasms benign, malignant and unspecified (incl cysts and polyps)
10033219;Ovarian germ cell endodermal sinus tumour stage II;Neoplasms benign, malignant and unspecified (incl cysts and polyps)
10033220;Ovarian germ cell endodermal sinus tumour stage III;Neoplasms benign, malignant and unspecified (incl cysts and polyps)
10033221;Ovarian germ cell endodermal sinus tumour stage IV;Neoplasms benign, malignant and unspecified (incl cysts and polyps)
10073264;Ovarian germ cell polyembryoma;Neoplasms benign, malignant and unspecified (incl cysts and polyps)
10033223;Ovarian germ cell polyembryoma stage I;Neoplasms benign, malignant and unspecified (incl cysts and polyps)
10033227;Ovarian germ cell polyembryoma stage II;Neoplasms benign, malignant and unspecified (incl cysts and polyps)
10033231;Ovarian germ cell polyembryoma stage III;Neoplasms benign, malignant and unspecified (incl cysts and polyps)
10033235;Ovarian germ cell polyembryoma stage IV;Neoplasms benign, malignant and unspecified (incl cysts and polyps)
10073265;Ovarian germ cell teratoma;Neoplasms benign, malignant and unspecified (incl cysts and polyps)
10033237;Ovarian germ cell teratoma stage I;Neoplasms benign, malignant and unspecified (incl cysts and polyps)
10033241;Ovarian germ cell teratoma stage II;Neoplasms benign, malignant and unspecified (incl cysts and polyps)
10033245;Ovarian germ cell teratoma stage III;Neoplasms benign, malignant and unspecified (incl cysts and polyps)
10033249;Ovarian germ cell teratoma stage IV;Neoplasms benign, malignant and unspecified (incl cysts and polyps)
10075812;Ovarian germ cell tumour;Neoplasms benign, malignant and unspecified (incl cysts and polyps)
10073259;Ovarian germ cell tumour mixed;Neoplasms benign, malignant and unspecified (incl cysts and polyps)
10073260;Ovarian granulosa cell tumour;Neoplasms benign, malignant and unspecified (incl cysts and polyps)
10033268;Ovarian low malignant potential tumour;Neoplasms benign, malignant and unspecified (incl cysts and polyps)
10082079;Ovarian melanoma;Neoplasms benign, malignant and unspecified (incl cysts and polyps)
10061535;Ovarian neoplasm;Neoplasms benign, malignant and unspecified (incl cysts and polyps)
10073270;Ovarian Sertoli-Leydig cell tumour;Neoplasms benign, malignant and unspecified (incl cysts and polyps)
10065858;Ovarian stromal cancer;Neoplasms benign, malignant and unspecified (incl cysts and polyps)
10033364;Paget's disease of nipple;Neoplasms benign, malignant and unspecified (incl cysts and polyps)
10033365;Paget's disease of penis;Neoplasms benign, malignant and unspecified (incl cysts and polyps)
10033369;Paget's disease of the vulva;Neoplasms benign, malignant and unspecified (incl cysts and polyps)
10033572;Pancoast's tumour;Neoplasms benign, malignant and unspecified (incl cysts and polyps)
10033609;Pancreatic carcinoma;Neoplasms benign, malignant and unspecified (incl cysts and polyps)
10033610;Pancreatic carcinoma metastatic;Neoplasms benign, malignant and unspecified (incl cysts and polyps)
10033613;Pancreatic carcinoma recurrent;Neoplasms benign, malignant and unspecified (incl cysts and polyps)
10059320;Pancreatic carcinoma stage 0;Neoplasms benign, malignant and unspecified (incl cysts and polyps)
10059321;Pancreatic carcinoma stage I;Neoplasms benign, malignant and unspecified (incl cysts and polyps)
10059322;Pancreatic carcinoma stage II;Neoplasms benign, malignant and unspecified (incl cysts and polyps)
10059323;Pancreatic carcinoma stage III;Neoplasms benign, malignant and unspecified (incl cysts and polyps)
10059326;Pancreatic carcinoma stage IV;Neoplasms benign, malignant and unspecified (incl cysts and polyps)
10087099;Pancreatic haemangioma;Neoplasms benign, malignant and unspecified (incl cysts and polyps)
10067517;Pancreatic neuroendocrine tumour;Neoplasms benign, malignant and unspecified (incl cysts and polyps)
10068909;Pancreatic neuroendocrine tumour metastatic;Neoplasms benign, malignant and unspecified (incl cysts and polyps)
10055006;Pancreatic sarcoma;Neoplasms benign, malignant and unspecified (incl cysts and polyps)
10090088;Pancreaticobiliary carcinoma;Neoplasms benign, malignant and unspecified (incl cysts and polyps)
10073367;Pancreatoblastoma;Neoplasms benign, malignant and unspecified (incl cysts and polyps)
10078493;Papillary renal cell carcinoma;Neoplasms benign, malignant and unspecified (incl cysts and polyps)
10033700;Papillary serous endometrial carcinoma;Neoplasms benign, malignant and unspecified (incl cysts and polyps)
10033701;Papillary thyroid cancer;Neoplasms benign, malignant and unspecified (incl cysts and polyps)
10033702;Papillary tumour of renal pelvis;Neoplasms benign, malignant and unspecified (incl cysts and polyps)
10061332;Paraganglion neoplasm;Neoplasms benign, malignant and unspecified (incl cysts and polyps)
10033791;Paraganglion neoplasm malignant;Neoplasms benign, malignant and unspecified (incl cysts and polyps)
10061909;Paranasal sinus and nasal cavity malignant neoplasm;Neoplasms benign, malignant and unspecified (incl cysts and polyps)
10033855;Paranasal sinus and nasal cavity malignant neoplasm recurrent;Neoplasms benign, malignant and unspecified (incl cysts and polyps)
10033856;Paranasal sinus and nasal cavity malignant neoplasm stage 0;Neoplasms benign, malignant and unspecified (incl cysts and polyps)
10033857;Paranasal sinus and nasal cavity malignant neoplasm stage I;Neoplasms benign, malignant and unspecified (incl cysts and polyps)
10033858;Paranasal sinus and nasal cavity malignant neoplasm stage II;Neoplasms benign, malignant and unspecified (incl cysts and polyps)
10033859;Paranasal sinus and nasal cavity malignant neoplasm stage III;Neoplasms benign, malignant and unspecified (incl cysts and polyps)
10033860;Paranasal sinus and nasal cavity malignant neoplasm stage IV;Neoplasms benign, malignant and unspecified (incl cysts and polyps)
10059420;Paraneoplastic syndrome;Neoplasms benign, malignant and unspecified (incl cysts and polyps)
10033963;Parathyroid tumour;Neoplasms benign, malignant and unspecified (incl cysts and polyps)
10033964;Parathyroid tumour benign;Neoplasms benign, malignant and unspecified (incl cysts and polyps)
10033965;Parathyroid tumour malignant;Neoplasms benign, malignant and unspecified (incl cysts and polyps)
10089210;PD-L1 positive cancer;Neoplasms benign, malignant and unspecified (incl cysts and polyps)
10089208;PD-L2 positive cancer;Neoplasms benign, malignant and unspecified (incl cysts and polyps)
10034299;Penile cancer;Neoplasms benign, malignant and unspecified (incl cysts and polyps)
10059631;Penile squamous cell carcinoma;Neoplasms benign, malignant and unspecified (incl cysts and polyps)
10034329;Penis carcinoma metastatic;Neoplasms benign, malignant and unspecified (incl cysts and polyps)
10034331;Penis carcinoma recurrent;Neoplasms benign, malignant and unspecified (incl cysts and polyps)
10034332;Penis carcinoma stage I;Neoplasms benign, malignant and unspecified (incl cysts and polyps)
10034333;Penis carcinoma stage II;Neoplasms benign, malignant and unspecified (incl cysts and polyps)
10034334;Penis carcinoma stage III;Neoplasms benign, malignant and unspecified (incl cysts and polyps)
10034335;Penis carcinoma stage IV;Neoplasms benign, malignant and unspecified (incl cysts and polyps)
10073066;Pericardial mesothelioma malignant;Neoplasms benign, malignant and unspecified (incl cysts and polyps)
10034480;Pericardial mesothelioma malignant recurrent;Neoplasms benign, malignant and unspecified (incl cysts and polyps)
10054945;Pericardial neoplasm;Neoplasms benign, malignant and unspecified (incl cysts and polyps)
10062069;Peripheral nervous system neoplasm;Neoplasms benign, malignant and unspecified (incl cysts and polyps)
10061342;Peripheral neuroepithelioma of bone;Neoplasms benign, malignant and unspecified (incl cysts and polyps)
10034603;Peripheral neuroepithelioma of bone metastatic;Neoplasms benign, malignant and unspecified (incl cysts and polyps)
10034605;Peripheral neuroepithelioma of bone recurrent;Neoplasms benign, malignant and unspecified (incl cysts and polyps)
10057646;Peripheral neuroepithelioma of soft tissue;Neoplasms benign, malignant and unspecified (incl cysts and polyps)
10073107;Peripheral primitive neuroectodermal bone tumour;Neoplasms benign, malignant and unspecified (incl cysts and polyps)
10073144;Peripheral primitive neuroectodermal tumour of soft tissue;Neoplasms benign, malignant and unspecified (incl cysts and polyps)
10034623;Peripheral T-cell lymphoma unspecified;Neoplasms benign, malignant and unspecified (incl cysts and polyps)
10034625;Peripheral T-cell lymphoma unspecified recurrent;Neoplasms benign, malignant and unspecified (incl cysts and polyps)
10034626;Peripheral T-cell lymphoma unspecified refractory;Neoplasms benign, malignant and unspecified (incl cysts and polyps)
10034627;Peripheral T-cell lymphoma unspecified stage I;Neoplasms benign, malignant and unspecified (incl cysts and polyps)
10034628;Peripheral T-cell lymphoma unspecified stage II;Neoplasms benign, malignant and unspecified (incl cysts and polyps)
10034629;Peripheral T-cell lymphoma unspecified stage III;Neoplasms benign, malignant and unspecified (incl cysts and polyps)
10034630;Peripheral T-cell lymphoma unspecified stage IV;Neoplasms benign, malignant and unspecified (incl cysts and polyps)
10068974;Peritoneal carcinoma metastatic;Neoplasms benign, malignant and unspecified (incl cysts and polyps)
10056558;Peritoneal mesothelioma malignant;Neoplasms benign, malignant and unspecified (incl cysts and polyps)
10034671;Peritoneal mesothelioma malignant recurrent;Neoplasms benign, malignant and unspecified (incl cysts and polyps)
10051949;Peritoneal sarcoma;Neoplasms benign, malignant and unspecified (incl cysts and polyps)
10072360;Peritumoural oedema;Neoplasms benign, malignant and unspecified (incl cysts and polyps)
10085067;Perivascular epithelioid cell tumour;Neoplasms benign, malignant and unspecified (incl cysts and polyps)
10034800;Phaeochromocytoma;Neoplasms benign, malignant and unspecified (incl cysts and polyps)
10068778;Phaeochromocytoma crisis;Neoplasms benign, malignant and unspecified (incl cysts and polyps)
10051710;Phaeochromocytoma malignant;Neoplasms benign, malignant and unspecified (incl cysts and polyps)
10034811;Pharyngeal cancer;Neoplasms benign, malignant and unspecified (incl cysts and polyps)
10055104;Pharyngeal cancer metastatic;Neoplasms benign, malignant and unspecified (incl cysts and polyps)
10034813;Pharyngeal cancer recurrent;Neoplasms benign, malignant and unspecified (incl cysts and polyps)
10034814;Pharyngeal cancer stage 0;Neoplasms benign, malignant and unspecified (incl cysts and polyps)
10034815;Pharyngeal cancer stage I;Neoplasms benign, malignant and unspecified (incl cysts and polyps)
10034816;Pharyngeal cancer stage II;Neoplasms benign, malignant and unspecified (incl cysts and polyps)
10034817;Pharyngeal cancer stage III;Neoplasms benign, malignant and unspecified (incl cysts and polyps)
10034818;Pharyngeal cancer stage IV;Neoplasms benign, malignant and unspecified (incl cysts and polyps)
10080017;Philadelphia positive acute lymphocytic leukaemia;Neoplasms benign, malignant and unspecified (incl cysts and polyps)
10082180;Philadelphia positive chronic myeloid leukaemia;Neoplasms benign, malignant and unspecified (incl cysts and polyps)
10079470;Phosphaturic mesenchymal tumour;Neoplasms benign, malignant and unspecified (incl cysts and polyps)
10085871;Pigmented epithelioid melanocytoma;Neoplasms benign, malignant and unspecified (incl cysts and polyps)
10075614;Pilomatrix carcinoma;Neoplasms benign, malignant and unspecified (incl cysts and polyps)
10035052;Pineal germinoma;Neoplasms benign, malignant and unspecified (incl cysts and polyps)
10061537;Pineal parenchymal neoplasm malignant;Neoplasms benign, malignant and unspecified (incl cysts and polyps)
10050487;Pinealoblastoma;Neoplasms benign, malignant and unspecified (incl cysts and polyps)
10035057;Pinealoma;Neoplasms benign, malignant and unspecified (incl cysts and polyps)
10035059;Pineocytoma;Neoplasms benign, malignant and unspecified (incl cysts and polyps)
10089140;Pituicytoma;Neoplasms benign, malignant and unspecified (incl cysts and polyps)
10055106;Pituitary cancer metastatic;Neoplasms benign, malignant and unspecified (incl cysts and polyps)
10057838;Pituitary neoplasm malignant recurrent;Neoplasms benign, malignant and unspecified (incl cysts and polyps)
10035104;Pituitary tumour;Neoplasms benign, malignant and unspecified (incl cysts and polyps)
10057316;Pituitary tumour recurrent;Neoplasms benign, malignant and unspecified (incl cysts and polyps)
10056718;Placental chorioangioma;Neoplasms benign, malignant and unspecified (incl cysts and polyps)
10035222;Plasma cell leukaemia;Neoplasms benign, malignant and unspecified (incl cysts and polyps)
10035226;Plasma cell myeloma;Neoplasms benign, malignant and unspecified (incl cysts and polyps)
10073133;Plasma cell myeloma recurrent;Neoplasms benign, malignant and unspecified (incl cysts and polyps)
10081847;Plasma cell myeloma refractory;Neoplasms benign, malignant and unspecified (incl cysts and polyps)
10065039;Plasmablastic lymphoma;Neoplasms benign, malignant and unspecified (incl cysts and polyps)
10035484;Plasmacytoma;Neoplasms benign, malignant and unspecified (incl cysts and polyps)
10082419;Pleomorphic leiomyosarcoma;Neoplasms benign, malignant and unspecified (incl cysts and polyps)
10073138;Pleomorphic liposarcoma;Neoplasms benign, malignant and unspecified (incl cysts and polyps)
10035603;Pleural mesothelioma;Neoplasms benign, malignant and unspecified (incl cysts and polyps)
10059518;Pleural mesothelioma malignant;Neoplasms benign, malignant and unspecified (incl cysts and polyps)
10035607;Pleural mesothelioma malignant recurrent;Neoplasms benign, malignant and unspecified (incl cysts and polyps)
10051950;Pleural sarcoma;Neoplasms benign, malignant and unspecified (incl cysts and polyps)
10080682;Pleuropulmonary blastoma;Neoplasms benign, malignant and unspecified (incl cysts and polyps)
10053869;POEMS syndrome;Neoplasms benign, malignant and unspecified (incl cysts and polyps)
10036057;Polycythaemia vera;Neoplasms benign, malignant and unspecified (incl cysts and polyps)
10076603;Poorly differentiated thyroid carcinoma;Neoplasms benign, malignant and unspecified (incl cysts and polyps)
10063609;Porocarcinoma;Neoplasms benign, malignant and unspecified (incl cysts and polyps)
10051358;Post transplant lymphoproliferative disorder;Neoplasms benign, malignant and unspecified (incl cysts and polyps)
10036334;Postcricoid cancer;Neoplasms benign, malignant and unspecified (incl cysts and polyps)
10036523;Precursor B-lymphoblastic lymphoma;Neoplasms benign, malignant and unspecified (incl cysts and polyps)
10060910;Precursor B-lymphoblastic lymphoma recurrent;Neoplasms benign, malignant and unspecified (incl cysts and polyps)
10060911;Precursor B-lymphoblastic lymphoma refractory;Neoplasms benign, malignant and unspecified (incl cysts and polyps)
10036532;Precursor B-lymphoblastic lymphoma stage I;Neoplasms benign, malignant and unspecified (incl cysts and polyps)
10036533;Precursor B-lymphoblastic lymphoma stage II;Neoplasms benign, malignant and unspecified (incl cysts and polyps)
10036534;Precursor B-lymphoblastic lymphoma stage III;Neoplasms benign, malignant and unspecified (incl cysts and polyps)
10036535;Precursor B-lymphoblastic lymphoma stage IV;Neoplasms benign, malignant and unspecified (incl cysts and polyps)
10082373;Precursor T-lymphoblastic leukaemia acute;Neoplasms benign, malignant and unspecified (incl cysts and polyps)
10036543;Precursor T-lymphoblastic lymphoma/leukaemia;Neoplasms benign, malignant and unspecified (incl cysts and polyps)
10036546;Precursor T-lymphoblastic lymphoma/leukaemia recurrent;Neoplasms benign, malignant and unspecified (incl cysts and polyps)
10036547;Precursor T-lymphoblastic lymphoma/leukaemia refractory;Neoplasms benign, malignant and unspecified (incl cysts and polyps)
10036548;Precursor T-lymphoblastic lymphoma/leukaemia stage I;Neoplasms benign, malignant and unspecified (incl cysts and polyps)
10036549;Precursor T-lymphoblastic lymphoma/leukaemia stage II;Neoplasms benign, malignant and unspecified (incl cysts and polyps)
10036550;Precursor T-lymphoblastic lymphoma/leukaemia stage III;Neoplasms benign, malignant and unspecified (incl cysts and polyps)
10036551;Precursor T-lymphoblastic lymphoma/leukaemia stage IV;Neoplasms benign, malignant and unspecified (incl cysts and polyps)
10081036;Primary breast lymphoma;Neoplasms benign, malignant and unspecified (incl cysts and polyps)
10075993;Primary cardiac lymphoma;Neoplasms benign, malignant and unspecified (incl cysts and polyps)
10087324;Primary cutaneous adenoid cystic carcinoma;Neoplasms benign, malignant and unspecified (incl cysts and polyps)
10065857;Primary effusion lymphoma;Neoplasms benign, malignant and unspecified (incl cysts and polyps)
10078972;Primary gastrointestinal follicular lymphoma;Neoplasms benign, malignant and unspecified (incl cysts and polyps)
10036710;Primary mediastinal large B-cell lymphoma;Neoplasms benign, malignant and unspecified (incl cysts and polyps)
10036713;Primary mediastinal large B-cell lymphoma recurrent;Neoplasms benign, malignant and unspecified (incl cysts and polyps)
10036714;Primary mediastinal large B-cell lymphoma refractory;Neoplasms benign, malignant and unspecified (incl cysts and polyps)
10036715;Primary mediastinal large B-cell lymphoma stage I;Neoplasms benign, malignant and unspecified (incl cysts and polyps)
10036716;Primary mediastinal large B-cell lymphoma stage II;Neoplasms benign, malignant and unspecified (incl cysts and polyps)
10036717;Primary mediastinal large B-cell lymphoma stage III;Neoplasms benign, malignant and unspecified (incl cysts and polyps)
10036718;Primary mediastinal large B-cell lymphoma stage IV;Neoplasms benign, malignant and unspecified (incl cysts and polyps)
10077161;Primary myelofibrosis;Neoplasms benign, malignant and unspecified (incl cysts and polyps)
10080717;Primary pulmonary melanoma;Neoplasms benign, malignant and unspecified (incl cysts and polyps)
10057846;Primitive neuroectodermal tumour;Neoplasms benign, malignant and unspecified (incl cysts and polyps)
10068910;Primitive neuroectodermal tumour metastatic;Neoplasms benign, malignant and unspecified (incl cysts and polyps)
10036831;Prolactin-producing pituitary tumour;Neoplasms benign, malignant and unspecified (incl cysts and polyps)
10036888;Prolymphocytic leukaemia;Neoplasms benign, malignant and unspecified (incl cysts and polyps)
10060862;Prostate cancer;Neoplasms benign, malignant and unspecified (incl cysts and polyps)
10036909;Prostate cancer metastatic;Neoplasms benign, malignant and unspecified (incl cysts and polyps)
10036911;Prostate cancer recurrent;Neoplasms benign, malignant and unspecified (incl cysts and polyps)
10036912;Prostate cancer stage 0;Neoplasms benign, malignant and unspecified (incl cysts and polyps)
10036917;Prostate cancer stage I;Neoplasms benign, malignant and unspecified (incl cysts and polyps)
10036918;Prostate cancer stage II;Neoplasms benign, malignant and unspecified (incl cysts and polyps)
10036919;Prostate cancer stage III;Neoplasms benign, malignant and unspecified (incl cysts and polyps)
10036920;Prostate cancer stage IV;Neoplasms benign, malignant and unspecified (incl cysts and polyps)
10088511;Prostate sarcoma;Neoplasms benign, malignant and unspecified (incl cysts and polyps)
10090106;Prostatic urothelial carcinoma;Neoplasms benign, malignant and unspecified (incl cysts and polyps)
10088517;Pseudo Richter's syndrome;Neoplasms benign, malignant and unspecified (incl cysts and polyps)
10037138;Pseudomyxoma peritonei;Neoplasms benign, malignant and unspecified (incl cysts and polyps)
10037732;Queyrat erythroplasia;Neoplasms benign, malignant and unspecified (incl cysts and polyps)
10038019;Rectal adenocarcinoma;Neoplasms benign, malignant and unspecified (incl cysts and polyps)
10038038;Rectal cancer;Neoplasms benign, malignant and unspecified (incl cysts and polyps)
10055097;Rectal cancer metastatic;Neoplasms benign, malignant and unspecified (incl cysts and polyps)
10038046;Rectal cancer recurrent;Neoplasms benign, malignant and unspecified (incl cysts and polyps)
10038047;Rectal cancer stage 0;Neoplasms benign, malignant and unspecified (incl cysts and polyps)
10038048;Rectal cancer stage I;Neoplasms benign, malignant and unspecified (incl cysts and polyps)
10038049;Rectal cancer stage II;Neoplasms benign, malignant and unspecified (incl cysts and polyps)
10038050;Rectal cancer stage III;Neoplasms benign, malignant and unspecified (incl cysts and polyps)
10038051;Rectal cancer stage IV;Neoplasms benign, malignant and unspecified (incl cysts and polyps)
10038086;Rectosigmoid cancer;Neoplasms benign, malignant and unspecified (incl cysts and polyps)
10069728;Rectosigmoid cancer metastatic;Neoplasms benign, malignant and unspecified (incl cysts and polyps)
10038094;Rectosigmoid cancer recurrent;Neoplasms benign, malignant and unspecified (incl cysts and polyps)
10038095;Rectosigmoid cancer stage 0;Neoplasms benign, malignant and unspecified (incl cysts and polyps)
10038096;Rectosigmoid cancer stage I;Neoplasms benign, malignant and unspecified (incl cysts and polyps)
10038097;Rectosigmoid cancer stage II;Neoplasms benign, malignant and unspecified (incl cysts and polyps)
10038098;Rectosigmoid cancer stage III;Neoplasms benign, malignant and unspecified (incl cysts and polyps)
10038099;Rectosigmoid cancer stage IV;Neoplasms benign, malignant and unspecified (incl cysts and polyps)
10038111;Recurrent cancer;Neoplasms benign, malignant and unspecified (incl cysts and polyps)
10078934;Recurrent N-ras mutation-positive colorectal carcinoma;Neoplasms benign, malignant and unspecified (incl cysts and polyps)
10070308;Refractory cancer;Neoplasms benign, malignant and unspecified (incl cysts and polyps)
10051948;Renal adenoma;Neoplasms benign, malignant and unspecified (incl cysts and polyps)
10038389;Renal cancer;Neoplasms benign, malignant and unspecified (incl cysts and polyps)
10050018;Renal cancer metastatic;Neoplasms benign, malignant and unspecified (incl cysts and polyps)
10038390;Renal cancer recurrent;Neoplasms benign, malignant and unspecified (incl cysts and polyps)
10038391;Renal cancer stage I;Neoplasms benign, malignant and unspecified (incl cysts and polyps)
10038392;Renal cancer stage II;Neoplasms benign, malignant and unspecified (incl cysts and polyps)
10038393;Renal cancer stage III;Neoplasms benign, malignant and unspecified (incl cysts and polyps)
10038394;Renal cancer stage IV;Neoplasms benign, malignant and unspecified (incl cysts and polyps)
10067946;Renal cell carcinoma;Neoplasms benign, malignant and unspecified (incl cysts and polyps)
10038410;Renal cell carcinoma recurrent;Neoplasms benign, malignant and unspecified (incl cysts and polyps)
10038411;Renal cell carcinoma stage I;Neoplasms benign, malignant and unspecified (incl cysts and polyps)
10038412;Renal cell carcinoma stage II;Neoplasms benign, malignant and unspecified (incl cysts and polyps)
10038413;Renal cell carcinoma stage III;Neoplasms benign, malignant and unspecified (incl cysts and polyps)
10038414;Renal cell carcinoma stage IV;Neoplasms benign, malignant and unspecified (incl cysts and polyps)
10083207;Renal hamartoma;Neoplasms benign, malignant and unspecified (incl cysts and polyps)
10038724;Respiratory tract carcinoma in situ;Neoplasms benign, malignant and unspecified (incl cysts and polyps)
10089322;RET gene fusion cancer;Neoplasms benign, malignant and unspecified (incl cysts and polyps)
10038878;Retinal melanoma;Neoplasms benign, malignant and unspecified (incl cysts and polyps)
10038916;Retinoblastoma;Neoplasms benign, malignant and unspecified (incl cysts and polyps)
10038956;Retro-orbital neoplasm;Neoplasms benign, malignant and unspecified (incl cysts and polyps)
10038977;Retroperitoneal cancer;Neoplasms benign, malignant and unspecified (incl cysts and polyps)
10056664;Retroperitoneal neoplasm;Neoplasms benign, malignant and unspecified (incl cysts and polyps)
10062485;Retroperitoneal neoplasm metastatic;Neoplasms benign, malignant and unspecified (incl cysts and polyps)
10073334;Rhabdoid tumour;Neoplasms benign, malignant and unspecified (incl cysts and polyps)
10039019;Rhabdoid tumour of the kidney;Neoplasms benign, malignant and unspecified (incl cysts and polyps)
10039022;Rhabdomyosarcoma;Neoplasms benign, malignant and unspecified (incl cysts and polyps)
10039027;Rhabdomyosarcoma recurrent;Neoplasms benign, malignant and unspecified (incl cysts and polyps)
10058728;Richter's syndrome;Neoplasms benign, malignant and unspecified (incl cysts and polyps)
10073139;Round cell liposarcoma;Neoplasms benign, malignant and unspecified (incl cysts and polyps)
10061934;Salivary gland cancer;Neoplasms benign, malignant and unspecified (incl cysts and polyps)
10039398;Salivary gland cancer recurrent;Neoplasms benign, malignant and unspecified (incl cysts and polyps)
10039399;Salivary gland cancer stage 0;Neoplasms benign, malignant and unspecified (incl cysts and polyps)
10039400;Salivary gland cancer stage I;Neoplasms benign, malignant and unspecified (incl cysts and polyps)
10039401;Salivary gland cancer stage II;Neoplasms benign, malignant and unspecified (incl cysts and polyps)
10039402;Salivary gland cancer stage III;Neoplasms benign, malignant and unspecified (incl cysts and polyps)
10039403;Salivary gland cancer stage IV;Neoplasms benign, malignant and unspecified (incl cysts and polyps)
10039491;Sarcoma;Neoplasms benign, malignant and unspecified (incl cysts and polyps)
10068595;Sarcoma metastatic;Neoplasms benign, malignant and unspecified (incl cysts and polyps)
10039495;Sarcoma of skin;Neoplasms benign, malignant and unspecified (incl cysts and polyps)
10039497;Sarcoma uterus;Neoplasms benign, malignant and unspecified (incl cysts and polyps)
10080324;Sarcomatoid carcinoma;Neoplasms benign, malignant and unspecified (incl cysts and polyps)
10081400;Sarcomatoid carcinoma of the lung;Neoplasms benign, malignant and unspecified (incl cysts and polyps)
10073065;Sarcomatoid mesothelioma;Neoplasms benign, malignant and unspecified (incl cysts and polyps)
10039500;Sarcomatosis;Neoplasms benign, malignant and unspecified (incl cysts and polyps)
10088768;Sclerosing epithelioid fibrosarcoma;Neoplasms benign, malignant and unspecified (incl cysts and polyps)
10039744;Scrotal cancer;Neoplasms benign, malignant and unspecified (incl cysts and polyps)
10068784;Sebaceous carcinoma;Neoplasms benign, malignant and unspecified (incl cysts and polyps)
10039801;Second primary malignancy;Neoplasms benign, malignant and unspecified (incl cysts and polyps)
10039893;Secretory adenoma of pituitary;Neoplasms benign, malignant and unspecified (incl cysts and polyps)
10088985;Secretory breast carcinoma;Neoplasms benign, malignant and unspecified (incl cysts and polyps)
10039956;Seminoma;Neoplasms benign, malignant and unspecified (incl cysts and polyps)
10054913;Serous cystadenocarcinoma ovary;Neoplasms benign, malignant and unspecified (incl cysts and polyps)
10073117;Sertoli cell testicular tumour;Neoplasms benign, malignant and unspecified (incl cysts and polyps)
10057266;Signet-ring cell carcinoma;Neoplasms benign, malignant and unspecified (incl cysts and polyps)
10055105;Sinus cancer metastatic;Neoplasms benign, malignant and unspecified (incl cysts and polyps)
10072891;Skin angiosarcoma;Neoplasms benign, malignant and unspecified (incl cysts and polyps)
10040808;Skin cancer;Neoplasms benign, malignant and unspecified (incl cysts and polyps)
10055115;Skin cancer metastatic;Neoplasms benign, malignant and unspecified (incl cysts and polyps)
10077314;Skin squamous cell carcinoma metastatic;Neoplasms benign, malignant and unspecified (incl cysts and polyps)
10081136;Skin squamous cell carcinoma recurrent;Neoplasms benign, malignant and unspecified (incl cysts and polyps)
10086987;Skull base tumour;Neoplasms benign, malignant and unspecified (incl cysts and polyps)
10041056;Small cell carcinoma;Neoplasms benign, malignant and unspecified (incl cysts and polyps)
10041057;Small cell carcinoma of the cervix;Neoplasms benign, malignant and unspecified (incl cysts and polyps)
10041067;Small cell lung cancer;Neoplasms benign, malignant and unspecified (incl cysts and polyps)
10041068;Small cell lung cancer extensive stage;Neoplasms benign, malignant and unspecified (incl cysts and polyps)
10041069;Small cell lung cancer limited stage;Neoplasms benign, malignant and unspecified (incl cysts and polyps)
10059514;Small cell lung cancer metastatic;Neoplasms benign, malignant and unspecified (incl cysts and polyps)
10041070;Small cell lung cancer recurrent;Neoplasms benign, malignant and unspecified (incl cysts and polyps)
10073373;Small intestine adenocarcinoma;Neoplasms benign, malignant and unspecified (incl cysts and polyps)
10054184;Small intestine carcinoma;Neoplasms benign, malignant and unspecified (incl cysts and polyps)
10041121;Small intestine carcinoma metastatic;Neoplasms benign, malignant and unspecified (incl cysts and polyps)
10041124;Small intestine carcinoma recurrent;Neoplasms benign, malignant and unspecified (incl cysts and polyps)
10059368;Small intestine carcinoma stage 0;Neoplasms benign, malignant and unspecified (incl cysts and polyps)
10059369;Small intestine carcinoma stage I;Neoplasms benign, malignant and unspecified (incl cysts and polyps)
10059370;Small intestine carcinoma stage II;Neoplasms benign, malignant and unspecified (incl cysts and polyps)
10059371;Small intestine carcinoma stage III;Neoplasms benign, malignant and unspecified (incl cysts and polyps)
10059372;Small intestine carcinoma stage IV;Neoplasms benign, malignant and unspecified (incl cysts and polyps)
10041127;Small intestine leiomyosarcoma;Neoplasms benign, malignant and unspecified (incl cysts and polyps)
10085940;Small intestine neuroendocrine tumour;Neoplasms benign, malignant and unspecified (incl cysts and polyps)
10089905;Smouldering systemic mastocytosis;Neoplasms benign, malignant and unspecified (incl cysts and polyps)
10075333;Soft tissue sarcoma;Neoplasms benign, malignant and unspecified (incl cysts and polyps)
10069345;Solid pseudopapillary tumour of the pancreas;Neoplasms benign, malignant and unspecified (incl cysts and polyps)
10041329;Somatostatinoma;Neoplasms benign, malignant and unspecified (incl cysts and polyps)
10073118;Spermatocytic seminoma;Neoplasms benign, malignant and unspecified (incl cysts and polyps)
10064898;Spinal cord lipoma;Neoplasms benign, malignant and unspecified (incl cysts and polyps)
10062261;Spinal cord neoplasm;Neoplasms benign, malignant and unspecified (incl cysts and polyps)
10041579;Spinal meningioma benign;Neoplasms benign, malignant and unspecified (incl cysts and polyps)
10041580;Spinal meningioma malignant;Neoplasms benign, malignant and unspecified (incl cysts and polyps)
10089205;Spinal nerve sheath tumour;Neoplasms benign, malignant and unspecified (incl cysts and polyps)
10049067;Spindle cell sarcoma;Neoplasms benign, malignant and unspecified (incl cysts and polyps)
10062113;Splenic marginal zone lymphoma;Neoplasms benign, malignant and unspecified (incl cysts and polyps)
10041652;Splenic marginal zone lymphoma recurrent;Neoplasms benign, malignant and unspecified (incl cysts and polyps)
10041653;Splenic marginal zone lymphoma refractory;Neoplasms benign, malignant and unspecified (incl cysts and polyps)
10041654;Splenic marginal zone lymphoma stage I;Neoplasms benign, malignant and unspecified (incl cysts and polyps)
10041655;Splenic marginal zone lymphoma stage II;Neoplasms benign, malignant and unspecified (incl cysts and polyps)
10041656;Splenic marginal zone lymphoma stage III;Neoplasms benign, malignant and unspecified (incl cysts and polyps)
10041657;Splenic marginal zone lymphoma stage IV;Neoplasms benign, malignant and unspecified (incl cysts and polyps)
10053190;Splenic neoplasm malignancy unspecified;Neoplasms benign, malignant and unspecified (incl cysts and polyps)
10079307;Squamous cell breast carcinoma;Neoplasms benign, malignant and unspecified (incl cysts and polyps)
10041823;Squamous cell carcinoma;Neoplasms benign, malignant and unspecified (incl cysts and polyps)
10060121;Squamous cell carcinoma of head and neck;Neoplasms benign, malignant and unspecified (incl cysts and polyps)
10041826;Squamous cell carcinoma of lung;Neoplasms benign, malignant and unspecified (incl cysts and polyps)
10066471;Squamous cell carcinoma of pharynx;Neoplasms benign, malignant and unspecified (incl cysts and polyps)
10041834;Squamous cell carcinoma of skin;Neoplasms benign, malignant and unspecified (incl cysts and polyps)
10041848;Squamous cell carcinoma of the cervix;Neoplasms benign, malignant and unspecified (incl cysts and polyps)
10041849;Squamous cell carcinoma of the hypopharynx;Neoplasms benign, malignant and unspecified (incl cysts and polyps)
10041857;Squamous cell carcinoma of the oral cavity;Neoplasms benign, malignant and unspecified (incl cysts and polyps)
10082230;Squamous cell carcinoma of the parotid gland;Neoplasms benign, malignant and unspecified (incl cysts and polyps)
10041865;Squamous cell carcinoma of the tongue;Neoplasms benign, malignant and unspecified (incl cysts and polyps)
10041866;Squamous cell carcinoma of the vagina;Neoplasms benign, malignant and unspecified (incl cysts and polyps)
10041875;Squamous cell carcinoma of the vulva;Neoplasms benign, malignant and unspecified (incl cysts and polyps)
10041883;Squamous endometrial carcinoma;Neoplasms benign, malignant and unspecified (incl cysts and polyps)
10059498;Stewart-Treves syndrome;Neoplasms benign, malignant and unspecified (incl cysts and polyps)
10042549;Superficial spreading melanoma stage I;Neoplasms benign, malignant and unspecified (incl cysts and polyps)
10042550;Superficial spreading melanoma stage II;Neoplasms benign, malignant and unspecified (incl cysts and polyps)
10042551;Superficial spreading melanoma stage III;Neoplasms benign, malignant and unspecified (incl cysts and polyps)
10042552;Superficial spreading melanoma stage IV;Neoplasms benign, malignant and unspecified (incl cysts and polyps)
10042553;Superficial spreading melanoma stage unspecified;Neoplasms benign, malignant and unspecified (incl cysts and polyps)
10042658;Sweat gland tumour;Neoplasms benign, malignant and unspecified (incl cysts and polyps)
10042863;Synovial sarcoma;Neoplasms benign, malignant and unspecified (incl cysts and polyps)
10042864;Synovial sarcoma metastatic;Neoplasms benign, malignant and unspecified (incl cysts and polyps)
10042867;Synovial sarcoma recurrent;Neoplasms benign, malignant and unspecified (incl cysts and polyps)
10042949;Systemic mastocytosis;Neoplasms benign, malignant and unspecified (incl cysts and polyps)
10042970;T-cell chronic lymphocytic leukaemia;Neoplasms benign, malignant and unspecified (incl cysts and polyps)
10042971;T-cell lymphoma;Neoplasms benign, malignant and unspecified (incl cysts and polyps)
10042979;T-cell lymphoma recurrent;Neoplasms benign, malignant and unspecified (incl cysts and polyps)
10042980;T-cell lymphoma refractory;Neoplasms benign, malignant and unspecified (incl cysts and polyps)
10042981;T-cell lymphoma stage I;Neoplasms benign, malignant and unspecified (incl cysts and polyps)
10042982;T-cell lymphoma stage II;Neoplasms benign, malignant and unspecified (incl cysts and polyps)
10042983;T-cell lymphoma stage III;Neoplasms benign, malignant and unspecified (incl cysts and polyps)
10042984;T-cell lymphoma stage IV;Neoplasms benign, malignant and unspecified (incl cysts and polyps)
10086716;T-cell lymphoma unclassifiable;Neoplasms benign, malignant and unspecified (incl cysts and polyps)
10042985;T-cell prolymphocytic leukaemia;Neoplasms benign, malignant and unspecified (incl cysts and polyps)
10042987;T-cell type acute leukaemia;Neoplasms benign, malignant and unspecified (incl cysts and polyps)
10042989;T-cell unclassifiable lymphoma high grade;Neoplasms benign, malignant and unspecified (incl cysts and polyps)
10042990;T-cell unclassifiable lymphoma low grade;Neoplasms benign, malignant and unspecified (incl cysts and polyps)
10075076;TEMPI syndrome;Neoplasms benign, malignant and unspecified (incl cysts and polyps)
10055103;Testicular cancer metastatic;Neoplasms benign, malignant and unspecified (incl cysts and polyps)
10062122;Testicular choriocarcinoma;Neoplasms benign, malignant and unspecified (incl cysts and polyps)
10069812;Testicular choriocarcinoma recurrent;Neoplasms benign, malignant and unspecified (incl cysts and polyps)
10043303;Testicular choriocarcinoma stage I;Neoplasms benign, malignant and unspecified (incl cysts and polyps)
10043304;Testicular choriocarcinoma stage II;Neoplasms benign, malignant and unspecified (incl cysts and polyps)
10043305;Testicular choriocarcinoma stage III;Neoplasms benign, malignant and unspecified (incl cysts and polyps)
10062123;Testicular embryonal carcinoma;Neoplasms benign, malignant and unspecified (incl cysts and polyps)
10043309;Testicular embryonal carcinoma stage I;Neoplasms benign, malignant and unspecified (incl cysts and polyps)
10043310;Testicular embryonal carcinoma stage II;Neoplasms benign, malignant and unspecified (incl cysts and polyps)
10043311;Testicular embryonal carcinoma stage III;Neoplasms benign, malignant and unspecified (incl cysts and polyps)
10061378;Testicular germ cell cancer;Neoplasms benign, malignant and unspecified (incl cysts and polyps)
10068694;Testicular germ cell cancer metastatic;Neoplasms benign, malignant and unspecified (incl cysts and polyps)
10075811;Testicular germ cell tumour;Neoplasms benign, malignant and unspecified (incl cysts and polyps)
10073119;Testicular germ cell tumour mixed;Neoplasms benign, malignant and unspecified (incl cysts and polyps)
10043331;Testicular germ cell tumour mixed stage I;Neoplasms benign, malignant and unspecified (incl cysts and polyps)
10043332;Testicular germ cell tumour mixed stage II;Neoplasms benign, malignant and unspecified (incl cysts and polyps)
10043333;Testicular germ cell tumour mixed stage III;Neoplasms benign, malignant and unspecified (incl cysts and polyps)
10057340;Testicular leiomyosarcoma;Neoplasms benign, malignant and unspecified (incl cysts and polyps)
10073120;Testicular malignant teratoma;Neoplasms benign, malignant and unspecified (incl cysts and polyps)
10043339;Testicular malignant teratoma stage I;Neoplasms benign, malignant and unspecified (incl cysts and polyps)
10043340;Testicular malignant teratoma stage II;Neoplasms benign, malignant and unspecified (incl cysts and polyps)
10043341;Testicular malignant teratoma stage III;Neoplasms benign, malignant and unspecified (incl cysts and polyps)
10062124;Testicular seminoma (pure);Neoplasms benign, malignant and unspecified (incl cysts and polyps)
10043350;Testicular seminoma (pure) stage I;Neoplasms benign, malignant and unspecified (incl cysts and polyps)
10043351;Testicular seminoma (pure) stage II;Neoplasms benign, malignant and unspecified (incl cysts and polyps)
10043352;Testicular seminoma (pure) stage III;Neoplasms benign, malignant and unspecified (incl cysts and polyps)
10073121;Testicular yolk sac tumour;Neoplasms benign, malignant and unspecified (incl cysts and polyps)
10043357;Testicular yolk sac tumour stage I;Neoplasms benign, malignant and unspecified (incl cysts and polyps)
10043358;Testicular yolk sac tumour stage II;Neoplasms benign, malignant and unspecified (incl cysts and polyps)
10043359;Testicular yolk sac tumour stage III;Neoplasms benign, malignant and unspecified (incl cysts and polyps)
10057644;Testis cancer;Neoplasms benign, malignant and unspecified (incl cysts and polyps)
10069813;Testis cancer recurrent;Neoplasms benign, malignant and unspecified (incl cysts and polyps)
10043515;Throat cancer;Neoplasms benign, malignant and unspecified (incl cysts and polyps)
10055108;Thymic cancer metastatic;Neoplasms benign, malignant and unspecified (incl cysts and polyps)
10087220;Thymic carcinoma;Neoplasms benign, malignant and unspecified (incl cysts and polyps)
10043670;Thymoma;Neoplasms benign, malignant and unspecified (incl cysts and polyps)
10085199;Thymoma benign;Neoplasms benign, malignant and unspecified (incl cysts and polyps)
10061031;Thymoma malignant;Neoplasms benign, malignant and unspecified (incl cysts and polyps)
10043674;Thymoma malignant recurrent;Neoplasms benign, malignant and unspecified (incl cysts and polyps)
10072613;Thyroid B-cell lymphoma;Neoplasms benign, malignant and unspecified (incl cysts and polyps)
10066474;Thyroid cancer;Neoplasms benign, malignant and unspecified (incl cysts and polyps)
10055107;Thyroid cancer metastatic;Neoplasms benign, malignant and unspecified (incl cysts and polyps)
10072162;Thyroid cancer recurrent;Neoplasms benign, malignant and unspecified (incl cysts and polyps)
10070567;Thyroid cancer stage 0;Neoplasms benign, malignant and unspecified (incl cysts and polyps)
10071027;Thyroid cancer stage I;Neoplasms benign, malignant and unspecified (incl cysts and polyps)
10071028;Thyroid cancer stage II;Neoplasms benign, malignant and unspecified (incl cysts and polyps)
10071029;Thyroid cancer stage III;Neoplasms benign, malignant and unspecified (incl cysts and polyps)
10071030;Thyroid cancer stage IV;Neoplasms benign, malignant and unspecified (incl cysts and polyps)
10043772;Thyroid stimulating hormone-producing pituitary tumour;Neoplasms benign, malignant and unspecified (incl cysts and polyps)
10055109;Tongue cancer metastatic;Neoplasms benign, malignant and unspecified (incl cysts and polyps)
10071251;Tongue cancer recurrent;Neoplasms benign, malignant and unspecified (incl cysts and polyps)
10058429;Tongue carcinoma stage 0;Neoplasms benign, malignant and unspecified (incl cysts and polyps)
10058430;Tongue carcinoma stage I;Neoplasms benign, malignant and unspecified (incl cysts and polyps)
10058431;Tongue carcinoma stage II;Neoplasms benign, malignant and unspecified (incl cysts and polyps)
10058432;Tongue carcinoma stage III;Neoplasms benign, malignant and unspecified (incl cysts and polyps)
10058433;Tongue carcinoma stage IV;Neoplasms benign, malignant and unspecified (incl cysts and polyps)
10043966;Tongue neoplasm malignant stage unspecified;Neoplasms benign, malignant and unspecified (incl cysts and polyps)
10044002;Tonsil cancer;Neoplasms benign, malignant and unspecified (incl cysts and polyps)
10072792;Tonsil cancer metastatic;Neoplasms benign, malignant and unspecified (incl cysts and polyps)
10044285;Tracheal cancer;Neoplasms benign, malignant and unspecified (incl cysts and polyps)
10081189;Transdifferentiation of neoplasm;Neoplasms benign, malignant and unspecified (incl cysts and polyps)
10079107;Transformation to acute myeloid leukaemia;Neoplasms benign, malignant and unspecified (incl cysts and polyps)
10044406;Transitional cell cancer of renal pelvis and ureter metastatic;Neoplasms benign, malignant and unspecified (incl cysts and polyps)
10044407;Transitional cell cancer of the renal pelvis and ureter;Neoplasms benign, malignant and unspecified (incl cysts and polyps)
10044408;Transitional cell cancer of the renal pelvis and ureter localised;Neoplasms benign, malignant and unspecified (incl cysts and polyps)
10044410;Transitional cell cancer of the renal pelvis and ureter recurrent;Neoplasms benign, malignant and unspecified (incl cysts and polyps)
10044411;Transitional cell cancer of the renal pelvis and ureter regional;Neoplasms benign, malignant and unspecified (incl cysts and polyps)
10044412;Transitional cell carcinoma;Neoplasms benign, malignant and unspecified (incl cysts and polyps)
10071080;Transitional cell carcinoma metastatic;Neoplasms benign, malignant and unspecified (incl cysts and polyps)
10077051;Transitional cell carcinoma recurrent;Neoplasms benign, malignant and unspecified (incl cysts and polyps)
10044426;Transitional cell carcinoma urethra;Neoplasms benign, malignant and unspecified (incl cysts and polyps)
10080660;Trichoblastic carcinoma;Neoplasms benign, malignant and unspecified (incl cysts and polyps)
10080200;Triple hit lymphoma;Neoplasms benign, malignant and unspecified (incl cysts and polyps)
10075566;Triple negative breast cancer;Neoplasms benign, malignant and unspecified (incl cysts and polyps)
10083233;Triple positive breast cancer;Neoplasms benign, malignant and unspecified (incl cysts and polyps)
10073104;Tubular breast carcinoma;Neoplasms benign, malignant and unspecified (incl cysts and polyps)
10076969;Tumour budding;Neoplasms benign, malignant and unspecified (incl cysts and polyps)
10080086;Tumour cavitation;Neoplasms benign, malignant and unspecified (incl cysts and polyps)
10068268;Tumour compression;Neoplasms benign, malignant and unspecified (incl cysts and polyps)
10045168;Tumour embolism;Neoplasms benign, malignant and unspecified (incl cysts and polyps)
10072830;Tumour fistulisation;Neoplasms benign, malignant and unspecified (incl cysts and polyps)
10045169;Tumour flare;Neoplasms benign, malignant and unspecified (incl cysts and polyps)
10049750;Tumour haemorrhage;Neoplasms benign, malignant and unspecified (incl cysts and polyps)
10081037;Tumour hyperprogression;Neoplasms benign, malignant and unspecified (incl cysts and polyps)
10064390;Tumour invasion;Neoplasms benign, malignant and unspecified (incl cysts and polyps)
10054094;Tumour necrosis;Neoplasms benign, malignant and unspecified (incl cysts and polyps)
10077313;Tumour obstruction;Neoplasms benign, malignant and unspecified (incl cysts and polyps)
10064938;Tumour perforation;Neoplasms benign, malignant and unspecified (incl cysts and polyps)
10077472;Tumour pseudoprogression;Neoplasms benign, malignant and unspecified (incl cysts and polyps)
10070627;Tumour rupture;Neoplasms benign, malignant and unspecified (incl cysts and polyps)
10068067;Tumour thrombosis;Neoplasms benign, malignant and unspecified (incl cysts and polyps)
10050283;Tumour ulceration;Neoplasms benign, malignant and unspecified (incl cysts and polyps)
10075629;Ulcerated haemangioma;Neoplasms benign, malignant and unspecified (incl cysts and polyps)
10073362;Undifferentiated carcinoma of colon;Neoplasms benign, malignant and unspecified (incl cysts and polyps)
10073328;Undifferentiated nasopharyngeal carcinoma;Neoplasms benign, malignant and unspecified (incl cysts and polyps)
10045515;Undifferentiated sarcoma;Neoplasms benign, malignant and unspecified (incl cysts and polyps)
10046392;Ureteric cancer;Neoplasms benign, malignant and unspecified (incl cysts and polyps)
10046393;Ureteric cancer local;Neoplasms benign, malignant and unspecified (incl cysts and polyps)
10046394;Ureteric cancer metastatic;Neoplasms benign, malignant and unspecified (incl cysts and polyps)
10046396;Ureteric cancer recurrent;Neoplasms benign, malignant and unspecified (incl cysts and polyps)
10046397;Ureteric cancer regional;Neoplasms benign, malignant and unspecified (incl cysts and polyps)
10046431;Urethral cancer;Neoplasms benign, malignant and unspecified (incl cysts and polyps)
10046433;Urethral cancer metastatic;Neoplasms benign, malignant and unspecified (incl cysts and polyps)
10046435;Urethral cancer recurrent;Neoplasms benign, malignant and unspecified (incl cysts and polyps)
10072793;Urethral melanoma metastatic;Neoplasms benign, malignant and unspecified (incl cysts and polyps)
10051690;Urinary bladder sarcoma;Neoplasms benign, malignant and unspecified (incl cysts and polyps)
10061396;Urinary tract carcinoma in situ;Neoplasms benign, malignant and unspecified (incl cysts and polyps)
10046766;Uterine cancer;Neoplasms benign, malignant and unspecified (incl cysts and polyps)
10046770;Uterine carcinoma in situ;Neoplasms benign, malignant and unspecified (incl cysts and polyps)
10088190;Uterine cervix lymphoma;Neoplasms benign, malignant and unspecified (incl cysts and polyps)
10088050;Uterine leiomyoma necrosis;Neoplasms benign, malignant and unspecified (incl cysts and polyps)
10089234;Uterine leiomyoma rupture;Neoplasms benign, malignant and unspecified (incl cysts and polyps)
10046799;Uterine leiomyosarcoma;Neoplasms benign, malignant and unspecified (incl cysts and polyps)
10074467;Uterine myoma expulsion;Neoplasms benign, malignant and unspecified (incl cysts and polyps)
10081431;Uveal melanoma;Neoplasms benign, malignant and unspecified (incl cysts and polyps)
10065349;Vaginal adenocarcinoma;Neoplasms benign, malignant and unspecified (incl cysts and polyps)
10046885;Vaginal cancer;Neoplasms benign, malignant and unspecified (incl cysts and polyps)
10046887;Vaginal cancer metastatic;Neoplasms benign, malignant and unspecified (incl cysts and polyps)
10046889;Vaginal cancer recurrent;Neoplasms benign, malignant and unspecified (incl cysts and polyps)
10046890;Vaginal cancer stage 0;Neoplasms benign, malignant and unspecified (incl cysts and polyps)
10046891;Vaginal cancer stage I;Neoplasms benign, malignant and unspecified (incl cysts and polyps)
10046892;Vaginal cancer stage II;Neoplasms benign, malignant and unspecified (incl cysts and polyps)
10046893;Vaginal cancer stage III;Neoplasms benign, malignant and unspecified (incl cysts and polyps)
10046894;Vaginal cancer stage IVA;Neoplasms benign, malignant and unspecified (incl cysts and polyps)
10046895;Vaginal cancer stage IVB;Neoplasms benign, malignant and unspecified (incl cysts and polyps)
10090663;Vasoproliferative retinal tumour;Neoplasms benign, malignant and unspecified (incl cysts and polyps)
10047430;Vipoma;Neoplasms benign, malignant and unspecified (incl cysts and polyps)
10047741;Vulval cancer;Neoplasms benign, malignant and unspecified (incl cysts and polyps)
10047742;Vulval cancer metastatic;Neoplasms benign, malignant and unspecified (incl cysts and polyps)
10047744;Vulval cancer recurrent;Neoplasms benign, malignant and unspecified (incl cysts and polyps)
10047745;Vulval cancer stage 0;Neoplasms benign, malignant and unspecified (incl cysts and polyps)
10047746;Vulval cancer stage I;Neoplasms benign, malignant and unspecified (incl cysts and polyps)
10047747;Vulval cancer stage II;Neoplasms benign, malignant and unspecified (incl cysts and polyps)
10047748;Vulval cancer stage III;Neoplasms benign, malignant and unspecified (incl cysts and polyps)
10047749;Vulval cancer stage IV;Neoplasms benign, malignant and unspecified (incl cysts and polyps)
10063536;Vulvar adenocarcinoma;Neoplasms benign, malignant and unspecified (incl cysts and polyps)
10082639;Vulvar basal cell carcinoma;Neoplasms benign, malignant and unspecified (incl cysts and polyps)
10047801;Waldenstrom's macroglobulinaemia;Neoplasms benign, malignant and unspecified (incl cysts and polyps)
10047804;Waldenstrom's macroglobulinaemia recurrent;Neoplasms benign, malignant and unspecified (incl cysts and polyps)
10047805;Waldenstrom's macroglobulinaemia refractory;Neoplasms benign, malignant and unspecified (incl cysts and polyps)
10047806;Waldenstrom's macroglobulinaemia stage I;Neoplasms benign, malignant and unspecified (incl cysts and polyps)
10047807;Waldenstrom's macroglobulinaemia stage II;Neoplasms benign, malignant and unspecified (incl cysts and polyps)
10047808;Waldenstrom's macroglobulinaemia stage III;Neoplasms benign, malignant and unspecified (incl cysts and polyps)
10047809;Waldenstrom's macroglobulinaemia stage IV;Neoplasms benign, malignant and unspecified (incl cysts and polyps)
10048251;Yolk sac tumour site unspecified;Neoplasms benign, malignant and unspecified (incl cysts and polyps)
10084737;Acquired cerebral palsy;Nervous system disorders
10052075;Acquired epileptic aphasia;Nervous system disorders
10080860;Acquired hepatocerebral degeneration;Nervous system disorders
10000709;Acute disseminated encephalomyelitis;Nervous system disorders
10076948;Acute encephalitis with refractory, repetitive partial seizures;Nervous system disorders
10082097;Acute flaccid myelitis;Nervous system disorders
10058994;Acute haemorrhagic leukoencephalitis;Nervous system disorders
10076658;Acute motor axonal neuropathy;Nervous system disorders
10076657;Acute motor-sensory axonal neuropathy;Nervous system disorders
10086130;Acute necrotising myelitis;Nervous system disorders
10066699;Acute polyneuropathy;Nervous system disorders
10066224;Acute post asthmatic amyotrophy;Nervous system disorders
10001541;Akinesia;Nervous system disorders
10001596;Alcohol induced persisting dementia;Nervous system disorders
10083665;Alcoholic coma;Nervous system disorders
10085656;Alcoholic encephalopathy;Nervous system disorders
10088216;Alcoholic myelopathy;Nervous system disorders
10056347;Alcoholic seizure;Nervous system disorders
10001854;Altered state of consciousness;Nervous system disorders
10072601;Amyloid related imaging abnormality-microhaemorrhages and haemosiderin deposits;Nervous system disorders
10072260;Amyloid related imaging abnormality-oedema/effusion;Nervous system disorders
10002026;Amyotrophic lateral sclerosis;Nervous system disorders
10079036;Angiopathic neuropathy;Nervous system disorders
10002703;Anterior spinal artery syndrome;Nervous system disorders
10002711;Anterograde amnesia;Nervous system disorders
10002757;Anticholinergic syndrome;Nervous system disorders
10078324;Anti-myelin-associated glycoprotein associated polyneuropathy;Nervous system disorders
10002941;Apallic syndrome;Nervous system disorders
10067575;Aqueductal stenosis;Nervous system disorders
10003074;Arachnoiditis;Nervous system disorders
10087798;Ascending flaccid paralysis;Nervous system disorders
10084527;Aseptic cavernous sinus thrombosis;Nervous system disorders
10003547;Asterixis;Nervous system disorders
10091145;Atypical parkinsonism;Nervous system disorders
10087875;Autoimmune cerebellar ataxia;Nervous system disorders
10075688;Autoimmune demyelinating disease;Nervous system disorders
10075691;Autoimmune encephalopathy;Nervous system disorders
10070439;Autoimmune neuropathy;Nervous system disorders
10090212;Autoimmune nodopathy;Nervous system disorders
10068196;Autonomic dysreflexia;Nervous system disorders
10056339;Autonomic failure syndrome;Nervous system disorders
10061666;Autonomic neuropathy;Nervous system disorders
10049612;Autonomic seizure;Nervous system disorders
10084153;Axonal and demyelinating polyneuropathy;Nervous system disorders
10077031;Basal ganglia haematoma;Nervous system disorders
10067057;Basal ganglia haemorrhage;Nervous system disorders
10069020;Basal ganglia infarction;Nervous system disorders
10071043;Basal ganglia stroke;Nervous system disorders
10004153;Basal ganglion degeneration;Nervous system disorders
10077607;Basilar artery aneurysm;Nervous system disorders
10048963;Basilar artery occlusion;Nervous system disorders
10075736;Basilar artery perforation;Nervous system disorders
10004163;Basilar artery stenosis;Nervous system disorders
10063093;Basilar artery thrombosis;Nervous system disorders
10004223;Bell's palsy;Nervous system disorders
10085451;Benedikt's syndrome;Nervous system disorders
10076985;Bickerstaff's encephalitis;Nervous system disorders
10057361;Blood brain barrier defect;Nervous system disorders
10091182;Bobble-head doll syndrome;Nervous system disorders
10006112;Brain compression;Nervous system disorders
10082220;Brain dislocation syndrome;Nervous system disorders
10006127;Brain hypoxia;Nervous system disorders
10067967;Brain injury;Nervous system disorders
10048962;Brain oedema;Nervous system disorders
10074422;Brain stem embolism;Nervous system disorders
10073230;Brain stem haematoma;Nervous system disorders
10006145;Brain stem haemorrhage;Nervous system disorders
10006147;Brain stem infarction;Nervous system disorders
10006148;Brain stem ischaemia;Nervous system disorders
10068644;Brain stem stroke;Nervous system disorders
10063292;Brain stem syndrome;Nervous system disorders
10062573;Brain stem thrombosis;Nervous system disorders
10089006;Brainstem compression;Nervous system disorders
10006491;Brown-Sequard syndrome;Nervous system disorders
10006542;Bulbar palsy;Nervous system disorders
10088816;CANOMAD syndrome;Nervous system disorders
10067744;Capsular warning syndrome;Nervous system disorders
10066001;Cardiac autonomic neuropathy;Nervous system disorders
10051328;Carotid aneurysm rupture;Nervous system disorders
10007684;Carotid arterial embolus;Nervous system disorders
10067116;Carotid arteriosclerosis;Nervous system disorders
10007686;Carotid artery aneurysm;Nervous system disorders
10061744;Carotid artery disease;Nervous system disorders
10050403;Carotid artery dissection;Nervous system disorders
10048964;Carotid artery occlusion;Nervous system disorders
10075728;Carotid artery perforation;Nervous system disorders
10007687;Carotid artery stenosis;Nervous system disorders
10007688;Carotid artery thrombosis;Nervous system disorders
10088005;Carotid blowout syndrome;Nervous system disorders
10050202;Carotid sinus syndrome;Nervous system disorders
10007737;Cataplexy;Nervous system disorders
10007821;Cauda equina syndrome;Nervous system disorders
10079769;Cavernous sinus syndrome;Nervous system disorders
10007830;Cavernous sinus thrombosis;Nervous system disorders
10072043;Central nervous system haemorrhage;Nervous system disorders
10080100;Central nervous system immune reconstitution inflammatory response;Nervous system disorders
10051288;Central nervous system inflammation;Nervous system disorders
10076328;Central nervous system lupus;Nervous system disorders
10065784;Central nervous system necrosis;Nervous system disorders
10081778;Central nervous system vasculitis;Nervous system disorders
10007982;Central-alveolar hypoventilation;Nervous system disorders
10053633;Cerebellar artery occlusion;Nervous system disorders
10008023;Cerebellar artery thrombosis;Nervous system disorders
10008027;Cerebellar atrophy;Nervous system disorders
10068768;Cerebellar cognitive affective syndrome;Nervous system disorders
10067167;Cerebellar embolism;Nervous system disorders
10061038;Cerebellar haematoma;Nervous system disorders
10008030;Cerebellar haemorrhage;Nervous system disorders
10008034;Cerebellar infarction;Nervous system disorders
10068621;Cerebellar ischaemia;Nervous system disorders
10079062;Cerebellar stroke;Nervous system disorders
10008072;Cerebellar syndrome;Nervous system disorders
10068044;Cerebral amyloid angiopathy;Nervous system disorders
10075394;Cerebral aneurysm perforation;Nervous system disorders
10065559;Cerebral arteriosclerosis;Nervous system disorders
10008087;Cerebral arteritis;Nervous system disorders
10008088;Cerebral artery embolism;Nervous system disorders
10008089;Cerebral artery occlusion;Nervous system disorders
10075734;Cerebral artery perforation;Nervous system disorders
10063648;Cerebral artery stenosis;Nervous system disorders
10008092;Cerebral artery thrombosis;Nervous system disorders
10008096;Cerebral atrophy;Nervous system disorders
10008097;Cerebral circulatory failure;Nervous system disorders
10082099;Cerebral cyst haemorrhage;Nervous system disorders
10070813;Cerebral gas embolism;Nervous system disorders
10053942;Cerebral haematoma;Nervous system disorders
10008111;Cerebral haemorrhage;Nervous system disorders
10050157;Cerebral haemorrhage foetal;Nervous system disorders
10008112;Cerebral haemorrhage neonatal;Nervous system disorders
10065384;Cerebral hypoperfusion;Nervous system disorders
10008118;Cerebral infarction;Nervous system disorders
10008119;Cerebral infarction foetal;Nervous system disorders
10008120;Cerebral ischaemia;Nervous system disorders
10067086;Cerebral mass effect;Nervous system disorders
10078311;Cerebral microembolism;Nervous system disorders
10067277;Cerebral microhaemorrhage;Nervous system disorders
10083668;Cerebral microinfarction;Nervous system disorders
10075401;Cerebral reperfusion injury;Nervous system disorders
10070878;Cerebral small vessel ischaemic disease;Nervous system disorders
10008132;Cerebral thrombosis;Nervous system disorders
10076895;Cerebral vascular occlusion;Nervous system disorders
10059109;Cerebral vasoconstriction;Nervous system disorders
10083037;Cerebral venous sinus thrombosis;Nervous system disorders
10008138;Cerebral venous thrombosis;Nervous system disorders
10075249;Cerebral ventricular rupture;Nervous system disorders
10008164;Cerebrospinal fluid leakage;Nervous system disorders
10065532;Cerebrospinal fluid retention;Nervous system disorders
10052173;Cerebrospinal thrombotic tamponade;Nervous system disorders
10008190;Cerebrovascular accident;Nervous system disorders
10058842;Cerebrovascular insufficiency;Nervous system disorders
10084087;Cerebrovascular pseudoaneurysm;Nervous system disorders
10061751;Cerebrovascular stenosis;Nervous system disorders
10008252;Cervical cord compression;Nervous system disorders
10067785;Cervical plexus lesion;Nervous system disorders
10057276;Cervical spinal cord paralysis;Nervous system disorders
10089004;CHANTER syndrome;Nervous system disorders
10054749;Charcot-Bouchard microaneurysms;Nervous system disorders
10008674;Cholinergic syndrome;Nervous system disorders
10057645;Chronic inflammatory demyelinating polyradiculoneuropathy;Nervous system disorders
10075197;Chronic lymphocytic inflammation with pontine perivascular enhancement responsive to steroids;Nervous system disorders
10085447;Claude's syndrome;Nervous system disorders
10071068;Clinically isolated syndrome;Nervous system disorders
10053398;Clonic convulsion;Nervous system disorders
10086535;Collet-Sicard syndrome;Nervous system disorders
10074613;Colloid brain cyst;Nervous system disorders
10010071;Coma;Nervous system disorders
10049037;Coma acidotic;Nervous system disorders
10010075;Coma hepatic;Nervous system disorders
10059497;Coma neonatal;Nervous system disorders
10010082;Coma uraemic;Nervous system disorders
10010252;Concentric sclerosis;Nervous system disorders
10050093;Consciousness fluctuating;Nervous system disorders
10052391;Convulsion in childhood;Nervous system disorders
10010920;Convulsions local;Nervous system disorders
10090349;Cortical hand stroke;Nervous system disorders
10051990;Cortical laminar necrosis;Nervous system disorders
10078208;Corticobasal degeneration;Nervous system disorders
10011314;Cranial nerve palsies multiple;Nervous system disorders
10061908;Cranial nerve paralysis;Nervous system disorders
10077374;Craniocervical syndrome;Nervous system disorders
10078827;CSWS syndrome;Nervous system disorders
10087305;Cytotoxic lesions of corpus callosum;Nervous system disorders
10067276;Cytotoxic oedema;Nervous system disorders
10073346;Decerebrate posture;Nervous system disorders
10073345;Decorticate posture;Nervous system disorders
10078388;Delayed ischaemic neurological deficit;Nervous system disorders
10076456;Delayed myelination;Nervous system disorders
10075539;Delayed visual maturation;Nervous system disorders
10012267;Dementia;Nervous system disorders
10012271;Dementia Alzheimer's type;Nervous system disorders
10012293;Dementia of the Alzheimer's type, uncomplicated;Nervous system disorders
10012294;Dementia of the Alzheimer's type, with delirium;Nervous system disorders
10012295;Dementia of the Alzheimer's type, with delusions;Nervous system disorders
10012296;Dementia of the Alzheimer's type, with depressed mood;Nervous system disorders
10067889;Dementia with Lewy bodies;Nervous system disorders
10061811;Demyelinating polyneuropathy;Nervous system disorders
10012305;Demyelination;Nervous system disorders
10012373;Depressed level of consciousness;Nervous system disorders
10012650;Diabetic coma;Nervous system disorders
10067018;Diabetic encephalopathy;Nervous system disorders
10012668;Diabetic hyperglycaemic coma;Nervous system disorders
10012669;Diabetic hyperosmolar coma;Nervous system disorders
10012672;Diabetic ketoacidotic hyperglycaemic coma;Nervous system disorders
10013033;Diplegia;Nervous system disorders
10091153;Dorsal root ganglionopathy;Nervous system disorders
10013643;Drop attacks;Nervous system disorders
10013752;Drug withdrawal convulsions;Nervous system disorders
10074462;Dural arteriovenous fistula;Nervous system disorders
10013896;Dysdiadochokinesis;Nervous system disorders
10071302;Dyskinesia hyperpyrexia syndrome;Nervous system disorders
10013936;Dysmetria;Nervous system disorders
10013983;Dystonia;Nervous system disorders
10084072;Embolic cerebellar infarction;Nervous system disorders
10060839;Embolic cerebral infarction;Nervous system disorders
10014498;Embolic stroke;Nervous system disorders
10014566;Emprosthotonus;Nervous system disorders
10056387;Encephalitis allergic;Nervous system disorders
10072378;Encephalitis autoimmune;Nervous system disorders
10014589;Encephalitis haemorrhagic;Nervous system disorders
10049020;Encephalitis periaxialis diffusa;Nervous system disorders
10014602;Encephalitis post immunisation;Nervous system disorders
10014603;Encephalitis post varicella;Nervous system disorders
10014607;Encephalitis toxic;Nervous system disorders
10051818;Encephalomalacia;Nervous system disorders
10014625;Encephalopathy;Nervous system disorders
10014627;Encephalopathy allergic;Nervous system disorders
10014633;Encephalopathy neonatal;Nervous system disorders
10015034;Epilepsia partialis continua;Nervous system disorders
10015037;Epilepsy;Nervous system disorders
10077380;Epileptic encephalopathy;Nervous system disorders
10076670;External hydrocephalus;Nervous system disorders
10080347;Extraischaemic cerebral haematoma;Nervous system disorders
10016062;Facial paralysis;Nervous system disorders
10084187;Faciobrachial dystonic seizure;Nervous system disorders
10087422;Febrile status epilepticus;Nervous system disorders
10079424;Focal dyscognitive seizures;Nervous system disorders
10053601;Foetal cerebrovascular disorder;Nervous system disorders
10083275;Foix-Chavany-Marie syndrome;Nervous system disorders
10082594;Foville syndrome;Nervous system disorders
10077258;Froin's syndrome;Nervous system disorders
10049424;Frontal lobe epilepsy;Nervous system disorders
10068968;Frontotemporal dementia;Nervous system disorders
10076032;Garcin syndrome;Nervous system disorders
10082918;Gelastic seizure;Nervous system disorders
10083376;Generalised onset non-motor seizure;Nervous system disorders
10018100;Generalised tonic-clonic seizure;Nervous system disorders
10061185;Glossopharyngeal nerve disorder;Nervous system disorders
10051270;Glossopharyngeal nerve paralysis;Nervous system disorders
10069118;Gross motor delay;Nervous system disorders
10018767;Guillain-Barre syndrome;Nervous system disorders
10018985;Haemorrhage intracranial;Nervous system disorders
10085944;Haemorrhagic cerebellar infarction;Nervous system disorders
10019005;Haemorrhagic cerebral infarction;Nervous system disorders
10019016;Haemorrhagic stroke;Nervous system disorders
10055677;Haemorrhagic transformation stroke;Nervous system disorders
10069432;Hashimoto's encephalopathy;Nervous system disorders
10077170;Hemianaesthesia;Nervous system disorders
10019452;Hemianopia;Nervous system disorders
10019455;Hemianopia heteronymous;Nervous system disorders
10019456;Hemianopia homonymous;Nervous system disorders
10077171;Hemiasomatognosia;Nervous system disorders
10081999;Hemiataxia;Nervous system disorders
10089248;Hemiclonic seizure;Nervous system disorders
10085010;Hemiconvulsion-hemiplegia-epilepsy syndrome;Nervous system disorders
10083174;Hemidysaesthesia;Nervous system disorders
10080713;Hemihyperaesthesia;Nervous system disorders
10077193;Hemihypoaesthesia;Nervous system disorders
10078746;Hemiparaesthesia;Nervous system disorders
10019465;Hemiparesis;Nervous system disorders
10019468;Hemiplegia;Nervous system disorders
10019660;Hepatic encephalopathy;Nervous system disorders
10063629;Hippocampal sclerosis;Nervous system disorders
10020392;Horner's syndrome;Nervous system disorders
10020508;Hydrocephalus;Nervous system disorders
10020523;Hydromyelia;Nervous system disorders
10067327;Hyperammonaemic encephalopathy;Nervous system disorders
10072597;Hypercapnic coma;Nervous system disorders
10071394;Hyperglycaemic seizure;Nervous system disorders
10071286;Hyperglycaemic unconsciousness;Nervous system disorders
10020803;Hypertensive encephalopathy;Nervous system disorders
10058025;Hypertensive hydrocephalus;Nervous system disorders
10080033;Hypertrophic olivary degeneration;Nervous system disorders
10072456;Hypocalcaemic seizure;Nervous system disorders
10069450;Hypoglossal nerve paralysis;Nervous system disorders
10021000;Hypoglycaemic coma;Nervous system disorders
10021002;Hypoglycaemic encephalopathy;Nervous system disorders
10048803;Hypoglycaemic seizure;Nervous system disorders
10065981;Hypoglycaemic unconsciousness;Nervous system disorders
10021022;Hypokinesia neonatal;Nervous system disorders
10075865;Hyponatraemic coma;Nervous system disorders
10066151;Hyponatraemic encephalopathy;Nervous system disorders
10073183;Hyponatraemic seizure;Nervous system disorders
10070511;Hypoxic-ischaemic encephalopathy;Nervous system disorders
10088979;Ictal bradycardia syndrome;Nervous system disorders
10088103;Ictal central apnoea;Nervous system disorders
10087967;Ictal epileptic headache;Nervous system disorders
10071081;Idiopathic generalised epilepsy;Nervous system disorders
10078904;Idiopathic intracranial hypertension;Nervous system disorders
10076552;Idiopathic partial epilepsy;Nervous system disorders
10021283;IIIrd nerve paralysis;Nervous system disorders
10054202;IIIrd nerve paresis;Nervous system disorders
10083347;Immune effector cell-associated neurotoxicity syndrome;Nervous system disorders
10083074;Immune-mediated encephalitis;Nervous system disorders
10084701;Immune-mediated encephalopathy;Nervous system disorders
10087480;Immune-mediated myasthenia gravis;Nervous system disorders
10088960;Immune-mediated myelitis;Nervous system disorders
10085546;Immune-mediated neurological disorder;Nervous system disorders
10078963;Immune-mediated neuropathy;Nervous system disorders
10088362;Immune-mediated optic neuritis;Nervous system disorders
10082187;Infant sedation;Nervous system disorders
10021750;Infantile spasms;Nervous system disorders
10067989;Intellectual disability;Nervous system disorders
10083408;Internal capsule infarction;Nervous system disorders
10022758;Intracranial aneurysm;Nervous system disorders
10073565;Intracranial artery dissection;Nervous system disorders
10059491;Intracranial haematoma;Nervous system disorders
10086946;Intracranial haemorrhage neonatal;Nervous system disorders
10022773;Intracranial pressure increased;Nervous system disorders
10022775;Intracranial tumour haemorrhage;Nervous system disorders
10022840;Intraventricular haemorrhage;Nervous system disorders
10022841;Intraventricular haemorrhage neonatal;Nervous system disorders
10060840;Ischaemic cerebral infarction;Nervous system disorders
10086982;Ischaemic demyelination;Nervous system disorders
10051307;Ischaemic neuropathy;Nervous system disorders
10061256;Ischaemic stroke;Nervous system disorders
10023110;IVth nerve paralysis;Nervous system disorders
10054201;IVth nerve paresis;Nervous system disorders
10084303;Jeavons syndrome;Nervous system disorders
10085031;Juvenile absence epilepsy;Nervous system disorders
10071082;Juvenile myoclonic epilepsy;Nervous system disorders
10023376;Kernicterus;Nervous system disorders
10051078;Lacunar infarction;Nervous system disorders
10076994;Lacunar stroke;Nervous system disorders
10086998;Laryngeal nerve palsy;Nervous system disorders
10024033;Lateral medullary syndrome;Nervous system disorders
10048816;Lennox-Gastaut syndrome;Nervous system disorders
10048999;Leukoencephalomyelitis;Nervous system disorders
10024382;Leukoencephalopathy;Nervous system disorders
10065580;Lewis-Sumner syndrome;Nervous system disorders
10024792;Locked-in syndrome;Nervous system disorders
10024855;Loss of consciousness;Nervous system disorders
10057278;Lumbar spinal cord paralysis;Nervous system disorders
10085063;Lumbosacral radiculoplexus neuropathy;Nervous system disorders
10025130;Lupus encephalitis;Nervous system disorders
10086546;Malignant middle cerebral artery syndrome;Nervous system disorders
10085315;Malignant spinal cord compression;Nervous system disorders
10049642;Man-in-the-barrel syndrome;Nervous system disorders
10067067;Marburg's variant multiple sclerosis;Nervous system disorders
10026828;Marchiafava-Bignami disease;Nervous system disorders
10087065;Medullary compression syndrome;Nervous system disorders
10052593;Meningorrhagia;Nervous system disorders
10027374;Mental impairment;Nervous system disorders
10062190;Metabolic encephalopathy;Nervous system disorders
10086596;Metabolic stroke;Nervous system disorders
10079491;Microvascular cranial nerve palsy;Nervous system disorders
10027580;Middle cerebral artery stroke;Nervous system disorders
10076676;Migraine-triggered seizure;Nervous system disorders
10056237;Migrainous infarction;Nervous system disorders
10067462;Millard-Gubler syndrome;Nervous system disorders
10049567;Miller Fisher syndrome;Nervous system disorders
10075174;Mixed dementia;Nervous system disorders
10027926;Monoplegia;Nervous system disorders
10075006;Morvan syndrome;Nervous system disorders
10028003;Motor neurone disease;Nervous system disorders
10028047;Moyamoya disease;Nervous system disorders
10065579;Multifocal motor neuropathy;Nervous system disorders
10028245;Multiple sclerosis;Nervous system disorders
10070716;Multiple sclerosis pseudo relapse;Nervous system disorders
10048393;Multiple sclerosis relapse;Nervous system disorders
10064060;Multiple system atrophy;Nervous system disorders
10028417;Myasthenia gravis;Nervous system disorders
10062758;Myasthenia gravis crisis;Nervous system disorders
10028419;Myasthenia gravis neonatal;Nervous system disorders
10028424;Myasthenic syndrome;Nervous system disorders
10085806;Myelin oligodendrocyte glycoprotein antibody-associated disease;Nervous system disorders
10028527;Myelitis transverse;Nervous system disorders
10067441;Myelomalacia;Nervous system disorders
10028570;Myelopathy;Nervous system disorders
10090724;Myocarditis-myositis-myasthenia gravis overlap syndrome;Nervous system disorders
10054859;Myoclonic epilepsy;Nervous system disorders
10028713;Narcolepsy;Nervous system disorders
10082068;Neonatal epileptic seizure;Nervous system disorders
10050395;Neonatal oversedation;Nervous system disorders
10082067;Neonatal seizure;Nervous system disorders
10029244;Neuritis cranial;Nervous system disorders
10053643;Neurodegenerative disorder;Nervous system disorders
10054998;Neuroglycopenia;Nervous system disorders
10029282;Neuroleptic malignant syndrome;Nervous system disorders
10062284;Neuromuscular toxicity;Nervous system disorders
10080353;Neuromyelitis optica pseudo relapse;Nervous system disorders
10077875;Neuromyelitis optica spectrum disorder;Nervous system disorders
10029323;Neuromyopathy;Nervous system disorders
10084235;Neuronal intranuclear inclusion disease;Nervous system disorders
10071579;Neuronal neuropathy;Nervous system disorders
10029331;Neuropathy peripheral;Nervous system disorders
10063663;Neuropsychiatric lupus;Nervous system disorders
10078011;Neurosarcoidosis;Nervous system disorders
10029350;Neurotoxicity;Nervous system disorders
10087465;New onset refractory status epilepticus;Nervous system disorders
10071764;Noninfectious myelitis;Nervous system disorders
10074712;Noninfective encephalitis;Nervous system disorders
10074713;Noninfective encephalomyelitis;Nervous system disorders
10029773;Normal pressure hydrocephalus;Nervous system disorders
10066930;Numb chin syndrome;Nervous system disorders
10089230;Occipital lobe epilepsy;Nervous system disorders
10089110;Occipital lobe stroke;Nervous system disorders
10030069;Oculofacial paralysis;Nervous system disorders
10030899;Opisthotonus;Nervous system disorders
10090043;Opsoclonus;Nervous system disorders
10053854;Opsoclonus myoclonus;Nervous system disorders
10030942;Optic neuritis;Nervous system disorders
10084264;Optic perineuritis;Nervous system disorders
10069350;Osmotic demyelination syndrome;Nervous system disorders
10053658;Pachymeningitis;Nervous system disorders
10065249;Pancoast's syndrome;Nervous system disorders
10033799;Paralysis;Nervous system disorders
10033830;Paralysis recurrent laryngeal nerve;Nervous system disorders
10069587;Paraneoplastic encephalomyelitis;Nervous system disorders
10080965;Paraneoplastic myelopathy;Nervous system disorders
10072106;Paraneoplastic neurological syndrome;Nervous system disorders
10033885;Paraparesis;Nervous system disorders
10033892;Paraplegia;Nervous system disorders
10085326;Parietal lobe epilepsy;Nervous system disorders
10089109;Parietal lobe stroke;Nervous system disorders
10048868;Parkinsonian crisis;Nervous system disorders
10071243;Parkinsonism hyperpyrexia syndrome;Nervous system disorders
10061536;Parkinson's disease;Nervous system disorders
10078476;Paroxysmal sympathetic hyperactivity;Nervous system disorders
10061334;Partial seizures;Nervous system disorders
10056209;Partial seizures with secondary generalisation;Nervous system disorders
10087459;PCDH19 gene-related epilepsy;Nervous system disorders
10073945;Perinatal stroke;Nervous system disorders
10054808;Peripheral paralysis;Nervous system disorders
10076706;Periventricular haemorrhage neonatal;Nervous system disorders
10052594;Periventricular leukomalacia;Nervous system disorders
10034759;Petit mal epilepsy;Nervous system disorders
10086294;Photosensitive seizure;Nervous system disorders
10064964;Phrenic nerve paralysis;Nervous system disorders
10036105;Polyneuropathy;Nervous system disorders
10036106;Polyneuropathy alcoholic;Nervous system disorders
10036111;Polyneuropathy idiopathic progressive;Nervous system disorders
10036115;Polyneuropathy in malignant disease;Nervous system disorders
10087869;Polyradiculoneuropathy;Nervous system disorders
10078202;Post cardiac arrest syndrome;Nervous system disorders
10076982;Post stroke epilepsy;Nervous system disorders
10076981;Post stroke seizure;Nervous system disorders
10078207;Posterior cortical atrophy;Nervous system disorders
10071066;Posterior reversible encephalopathy syndrome;Nervous system disorders
10079859;Posthaemorrhagic hydrocephalus;Nervous system disorders
10052469;Postictal paralysis;Nervous system disorders
10072851;Post-injection delirium sedation syndrome;Nervous system disorders
10068191;Postresuscitation encephalopathy;Nervous system disorders
10077033;Precerebral arteriosclerosis;Nervous system disorders
10086097;Precerebral artery aneurysm;Nervous system disorders
10086098;Precerebral artery dissection;Nervous system disorders
10085250;Precerebral artery embolism;Nervous system disorders
10036511;Precerebral artery occlusion;Nervous system disorders
10074717;Precerebral artery thrombosis;Nervous system disorders
10036631;Presenile dementia;Nervous system disorders
10081268;Primary progressive aphasia;Nervous system disorders
10063401;Primary progressive multiple sclerosis;Nervous system disorders
10036800;Progressive bulbar palsy;Nervous system disorders
10053395;Progressive multiple sclerosis;Nervous system disorders
10036808;Progressive muscular atrophy;Nervous system disorders
10067063;Progressive relapsing multiple sclerosis;Nervous system disorders
10036813;Progressive supranuclear palsy;Nervous system disorders
10037114;Pseudobulbar palsy;Nervous system disorders
10085779;Pseudo-occlusion of internal carotid artery;Nervous system disorders
10078090;Pseudostroke;Nervous system disorders
10080662;Psychomotor disadaptation syndrome;Nervous system disorders
10065598;Purpura cerebri;Nervous system disorders
10058940;Putamen haemorrhage;Nervous system disorders
10063636;Pyramidal tract syndrome;Nervous system disorders
10077820;Quadrantanopia;Nervous system disorders
10049680;Quadriparesis;Nervous system disorders
10037714;Quadriplegia;Nervous system disorders
10071141;Rasmussen encephalitis;Nervous system disorders
10068097;Raymond-Cestan syndrome;Nervous system disorders
10080700;Relapsing multiple sclerosis;Nervous system disorders
10063399;Relapsing-remitting multiple sclerosis;Nervous system disorders
10073240;Reversible cerebral vasoconstriction syndrome;Nervous system disorders
10086065;Rheumatoid meningitis;Nervous system disorders
10039330;Ruptured cerebral aneurysm;Nervous system disorders
10074943;Secondary cerebellar degeneration;Nervous system disorders
10063400;Secondary progressive multiple sclerosis;Nervous system disorders
10039906;Seizure;Nervous system disorders
10039907;Seizure anoxic;Nervous system disorders
10071350;Seizure cluster;Nervous system disorders
10071048;Seizure like phenomena;Nervous system disorders
10039966;Senile dementia;Nervous system disorders
10040108;Serotonin syndrome;Nervous system disorders
10087208;Sigmoid sinus thrombosis;Nervous system disorders
10040703;Simple partial seizures;Nervous system disorders
10086468;Sleep related hypermotor epilepsy;Nervous system disorders
10053841;Sneddon's syndrome;Nervous system disorders
10049440;Spinal artery embolism;Nervous system disorders
10071316;Spinal artery thrombosis;Nervous system disorders
10041549;Spinal cord compression;Nervous system disorders
10061367;Spinal cord disorder;Nervous system disorders
10076051;Spinal cord haematoma;Nervous system disorders
10048992;Spinal cord haemorrhage;Nervous system disorders
10064832;Spinal cord herniation;Nervous system disorders
10058571;Spinal cord infarction;Nervous system disorders
10050209;Spinal cord ischaemia;Nervous system disorders
10063036;Spinal cord oedema;Nervous system disorders
10057268;Spinal cord paralysis;Nervous system disorders
10050162;Spinal epidural haematoma;Nervous system disorders
10049236;Spinal epidural haemorrhage;Nervous system disorders
10082031;Spinal stroke;Nervous system disorders
10073564;Spinal subarachnoid haemorrhage;Nervous system disorders
10073563;Spinal subdural haemorrhage;Nervous system disorders
10061369;Spinal vascular disorder;Nervous system disorders
10061551;Spinocerebellar disorder;Nervous system disorders
10073081;Spontaneous cerebrospinal fluid leak syndrome;Nervous system disorders
10090938;Spontaneous subdural haematoma;Nervous system disorders
10077451;Sporadic infantile bilateral striatal necrosis;Nervous system disorders
10088053;Status dystonicus;Nervous system disorders
10041962;Status epilepticus;Nervous system disorders
10072148;Stiff person syndrome;Nervous system disorders
10059613;Stroke in evolution;Nervous system disorders
10042272;Subacute combined cord degeneration;Nervous system disorders
10081726;Subacute inflammatory demyelinating polyneuropathy;Nervous system disorders
10058009;Subacute myelo-opticoneuropathy;Nervous system disorders
10042316;Subarachnoid haemorrhage;Nervous system disorders
10089974;Subcortical stroke;Nervous system disorders
10042365;Subdural haemorrhage neonatal;Nervous system disorders
10048626;Subdural hygroma;Nervous system disorders
10050014;Sudden onset of sleep;Nervous system disorders
10086999;Superior laryngeal nerve palsy;Nervous system disorders
10042567;Superior sagittal sinus thrombosis;Nervous system disorders
10048327;Supranuclear palsy;Nervous system disorders
10042732;Sydenham's chorea;Nervous system disorders
10042772;Syncope;Nervous system disorders
10043118;Tardive dyskinesia;Nervous system disorders
10043209;Temporal lobe epilepsy;Nervous system disorders
10066334;Tethered cord syndrome;Nervous system disorders
10064961;Thalamic infarction;Nervous system disorders
10090985;Thalamic microhaemorrhage;Nervous system disorders
10087626;Thalamic stroke;Nervous system disorders
10058939;Thalamus haemorrhage;Nervous system disorders
10057277;Thoracic spinal cord paralysis;Nervous system disorders
10067347;Thrombotic cerebral infarction;Nervous system disorders
10043647;Thrombotic stroke;Nervous system disorders
10043972;Tongue paralysis;Nervous system disorders
10051171;Tonic clonic movements;Nervous system disorders
10043994;Tonic convulsion;Nervous system disorders
10075125;Tonic posturing;Nervous system disorders
10044221;Toxic encephalopathy;Nervous system disorders
10075528;Toxic leukoencephalopathy;Nervous system disorders
10067722;Toxic neuropathy;Nervous system disorders
10081728;Transient epileptic amnesia;Nervous system disorders
10044390;Transient ischaemic attack;Nervous system disorders
10044457;Transverse sinus thrombosis;Nervous system disorders
10068008;Trigeminal nerve paresis;Nervous system disorders
10049788;Trigeminal palsy;Nervous system disorders
10078556;Tumefactive multiple sclerosis;Nervous system disorders
10045178;Tunnel vision;Nervous system disorders
10045380;Ulnar neuritis;Nervous system disorders
10045476;Uncinate fits;Nervous system disorders
10045555;Unresponsive to stimuli;Nervous system disorders
10046298;Upper motor neurone lesion;Nervous system disorders
10046326;Uraemic encephalopathy;Nervous system disorders
10046328;Uraemic neuropathy;Nervous system disorders
10087111;Useless hand syndrome;Nervous system disorders
10061403;Vagus nerve disorder;Nervous system disorders
10064661;Vagus nerve paralysis;Nervous system disorders
10057678;Vascular dementia;Nervous system disorders
10063661;Vascular encephalopathy;Nervous system disorders
10068100;Vascular parkinsonism;Nervous system disorders
10067275;Vasogenic cerebral oedema;Nervous system disorders
10047319;Vernet's syndrome;Nervous system disorders
10077498;Vertebral artery aneurysm;Nervous system disorders
10084347;Vertebral artery arteriosclerosis;Nervous system disorders
10048965;Vertebral artery occlusion;Nervous system disorders
10075735;Vertebral artery perforation;Nervous system disorders
10047330;Vertebral artery stenosis;Nervous system disorders
10057777;Vertebral artery thrombosis;Nervous system disorders
10087672;Vertebrobasilar artery dissection;Nervous system disorders
10071505;Vertebrobasilar dolichoectasia;Nervous system disorders
10089401;Vertebrobasilar infarction;Nervous system disorders
10082484;Vertebrobasilar stroke;Nervous system disorders
10087824;Vertiginous epilepsy;Nervous system disorders
10077168;Visual agnosia;Nervous system disorders
10070920;Visual cortex atrophy;Nervous system disorders
10047641;VIth nerve paralysis;Nervous system disorders
10085448;Weber's syndrome;Nervous system disorders
10047913;Wernicke-Korsakoff syndrome;Nervous system disorders
10047911;Wernicke's encephalopathy;Nervous system disorders
10048842;XIth nerve paralysis;Nervous system disorders
10084854;Abnormal cord insertion;Pregnancy, puerperium and perinatal conditions
10000154;Abnormal labour affecting foetus;Pregnancy, puerperium and perinatal conditions
10000210;Abortion;Pregnancy, puerperium and perinatal conditions
10061614;Abortion complete;Pregnancy, puerperium and perinatal conditions
10000212;Abortion complete complicated;Pregnancy, puerperium and perinatal conditions
10061615;Abortion complicated;Pregnancy, puerperium and perinatal conditions
10052846;Abortion early;Pregnancy, puerperium and perinatal conditions
10000217;Abortion incomplete;Pregnancy, puerperium and perinatal conditions
10000218;Abortion incomplete complicated;Pregnancy, puerperium and perinatal conditions
10052847;Abortion late;Pregnancy, puerperium and perinatal conditions
10000230;Abortion missed;Pregnancy, puerperium and perinatal conditions
10066266;Abortion of ectopic pregnancy;Pregnancy, puerperium and perinatal conditions
10000234;Abortion spontaneous;Pregnancy, puerperium and perinatal conditions
10061616;Abortion spontaneous complete;Pregnancy, puerperium and perinatal conditions
10000236;Abortion spontaneous complete complicated;Pregnancy, puerperium and perinatal conditions
10000238;Abortion spontaneous complicated;Pregnancy, puerperium and perinatal conditions
10061617;Abortion spontaneous incomplete;Pregnancy, puerperium and perinatal conditions
10000239;Abortion spontaneous incomplete complicated;Pregnancy, puerperium and perinatal conditions
10000242;Abortion threatened;Pregnancy, puerperium and perinatal conditions
10001391;Adrenocortical insufficiency neonatal;Pregnancy, puerperium and perinatal conditions
10052851;Anaesthetic complication neonatal;Pregnancy, puerperium and perinatal conditions
10067010;Anaphylactoid syndrome of pregnancy;Pregnancy, puerperium and perinatal conditions
10004954;Birth trauma;Pregnancy, puerperium and perinatal conditions
10086944;Bone injury due to birth trauma;Pregnancy, puerperium and perinatal conditions
10006346;Breech delivery;Pregnancy, puerperium and perinatal conditions
10008014;Cephalhaematoma;Pregnancy, puerperium and perinatal conditions
10054939;Cervix dystocia;Pregnancy, puerperium and perinatal conditions
10080381;Chorioamniotic separation;Pregnancy, puerperium and perinatal conditions
10014129;Eclampsia;Pregnancy, puerperium and perinatal conditions
10014166;Ectopic pregnancy;Pregnancy, puerperium and perinatal conditions
10073727;Ectopic pregnancy under hormonal contraception;Pregnancy, puerperium and perinatal conditions
10074497;Ectopic pregnancy with contraceptive device;Pregnancy, puerperium and perinatal conditions
10016056;Facial nerve injury due to birth trauma;Pregnancy, puerperium and perinatal conditions
10050347;Foetal acidosis;Pregnancy, puerperium and perinatal conditions
10052088;Foetal cardiac disorder;Pregnancy, puerperium and perinatal conditions
10016852;Foetal damage;Pregnancy, puerperium and perinatal conditions
10055690;Foetal death;Pregnancy, puerperium and perinatal conditions
10061157;Foetal disorder;Pregnancy, puerperium and perinatal conditions
10016855;Foetal distress syndrome;Pregnancy, puerperium and perinatal conditions
10077582;Foetal growth abnormality;Pregnancy, puerperium and perinatal conditions
10070531;Foetal growth restriction;Pregnancy, puerperium and perinatal conditions
10068461;Foetal hypokinesia;Pregnancy, puerperium and perinatal conditions
10085689;Foetal vascular malperfusion;Pregnancy, puerperium and perinatal conditions
10016871;Foetal-maternal haemorrhage;Pregnancy, puerperium and perinatal conditions
10018209;Gestational diabetes;Pregnancy, puerperium and perinatal conditions
10090561;Gestational hyperthyroidism;Pregnancy, puerperium and perinatal conditions
10049469;Gestational trophoblastic detachment;Pregnancy, puerperium and perinatal conditions
10062935;Habitual abortion;Pregnancy, puerperium and perinatal conditions
10061191;Haemorrhage foetal;Pregnancy, puerperium and perinatal conditions
10018981;Haemorrhage in pregnancy;Pregnancy, puerperium and perinatal conditions
10049058;HELLP syndrome;Pregnancy, puerperium and perinatal conditions
10064228;Heterotopic pregnancy;Pregnancy, puerperium and perinatal conditions
10020529;Hydrops foetalis;Pregnancy, puerperium and perinatal conditions
10020614;Hyperemesis gravidarum;Pregnancy, puerperium and perinatal conditions
10086943;Hypoxic ischaemic encephalopathy neonatal;Pregnancy, puerperium and perinatal conditions
10051459;Imminent abortion;Pregnancy, puerperium and perinatal conditions
10022343;Injury to spinal cord secondary to birth trauma;Pregnancy, puerperium and perinatal conditions
10067703;Intrapartum haemorrhage;Pregnancy, puerperium and perinatal conditions
10082976;Lithopedion;Pregnancy, puerperium and perinatal conditions
10024787;Locked twins;Pregnancy, puerperium and perinatal conditions
10086743;Maternal death;Pregnancy, puerperium and perinatal conditions
10026912;Maternal death affecting foetus;Pregnancy, puerperium and perinatal conditions
10051133;Meconium in amniotic fluid;Pregnancy, puerperium and perinatal conditions
10068875;Mirror syndrome;Pregnancy, puerperium and perinatal conditions
10065942;Molar abortion;Pregnancy, puerperium and perinatal conditions
10028976;Neonatal thyrotoxicosis;Pregnancy, puerperium and perinatal conditions
10030289;Oligohydramnios;Pregnancy, puerperium and perinatal conditions
10064270;Omphalorrhexis;Pregnancy, puerperium and perinatal conditions
10056392;Perinatal brain damage;Pregnancy, puerperium and perinatal conditions
10049430;Peripartum cardiomyopathy;Pregnancy, puerperium and perinatal conditions
10072693;Peripartum haemorrhage;Pregnancy, puerperium and perinatal conditions
10062936;Placenta accreta;Pregnancy, puerperium and perinatal conditions
10035119;Placenta praevia;Pregnancy, puerperium and perinatal conditions
10035121;Placenta praevia haemorrhage;Pregnancy, puerperium and perinatal conditions
10054810;Placental dysplasia;Pregnancy, puerperium and perinatal conditions
10035138;Placental insufficiency;Pregnancy, puerperium and perinatal conditions
10035139;Placental necrosis;Pregnancy, puerperium and perinatal conditions
10036079;Polyhydramnios;Pregnancy, puerperium and perinatal conditions
10036244;Post abortion complication;Pregnancy, puerperium and perinatal conditions
10036246;Post abortion haemorrhage;Pregnancy, puerperium and perinatal conditions
10036417;Postpartum haemorrhage;Pregnancy, puerperium and perinatal conditions
10063671;Pregnancy after post coital contraception;Pregnancy, puerperium and perinatal conditions
10067667;Pregnancy on contraceptive;Pregnancy, puerperium and perinatal conditions
10036567;Pregnancy on oral contraceptive;Pregnancy, puerperium and perinatal conditions
10063130;Pregnancy with contraceptive device;Pregnancy, puerperium and perinatal conditions
10067082;Pregnancy with contraceptive patch;Pregnancy, puerperium and perinatal conditions
10063122;Pregnancy with implant contraceptive;Pregnancy, puerperium and perinatal conditions
10053394;Pregnancy with injectable contraceptive;Pregnancy, puerperium and perinatal conditions
10036608;Premature separation of placenta;Pregnancy, puerperium and perinatal conditions
10038773;Retained products of conception;Pregnancy, puerperium and perinatal conditions
10054798;Retroplacental haematoma;Pregnancy, puerperium and perinatal conditions
10048407;Ruptured ectopic pregnancy;Pregnancy, puerperium and perinatal conditions
10086941;Scalp injury due to birth trauma;Pregnancy, puerperium and perinatal conditions
10040613;Shoulder dystocia;Pregnancy, puerperium and perinatal conditions
10042062;Stillbirth;Pregnancy, puerperium and perinatal conditions
10087497;Subaponeurotic cerebrospinal fluid collection of infancy;Pregnancy, puerperium and perinatal conditions
10072596;Subchorionic haematoma;Pregnancy, puerperium and perinatal conditions
10090664;Succenturiate placenta;Pregnancy, puerperium and perinatal conditions
10084825;Superimposed pre-eclampsia;Pregnancy, puerperium and perinatal conditions
10043449;Third stage postpartum haemorrhage;Pregnancy, puerperium and perinatal conditions
10044520;Traumatic delivery;Pregnancy, puerperium and perinatal conditions
10067553;Tubal rupture;Pregnancy, puerperium and perinatal conditions
10064534;Umbilical cord haemorrhage;Pregnancy, puerperium and perinatal conditions
10076714;Umbilical cord occlusion;Pregnancy, puerperium and perinatal conditions
10071652;Umbilical cord thrombosis;Pregnancy, puerperium and perinatal conditions
10045454;Umbilical cord vascular disorder;Pregnancy, puerperium and perinatal conditions
10046763;Uterine atony;Pregnancy, puerperium and perinatal conditions
10046796;Uterine inversion;Pregnancy, puerperium and perinatal conditions
10071398;Vanishing twin syndrome;Pregnancy, puerperium and perinatal conditions
10047036;Vasa praevia;Pregnancy, puerperium and perinatal conditions
10075322;Device inappropriate shock delivery;Product issues
10076364;Device loosening;Product issues
10069864;Device pacing issue;Product issues
10069175;Product contamination microbial;Product issues
10073512;Prosthetic cardiac valve failure;Product issues
10073511;Prosthetic cardiac valve malfunction;Product issues
10062546;Thrombosis in device;Product issues
10001022;Acute psychosis;Psychiatric disorders
10001639;Alcoholism;Psychiatric disorders
10063844;Autism spectrum disorder;Psychiatric disorders
10057667;Bipolar disorder;Psychiatric disorders
10004939;Bipolar I disorder;Psychiatric disorders
10004940;Bipolar II disorder;Psychiatric disorders
10061040;Childhood psychosis;Psychiatric disorders
10010144;Completed suicide;Psychiatric disorders
10012218;Delirium;Psychiatric disorders
10059267;Delirium febrile;Psychiatric disorders
10012225;Delirium tremens;Psychiatric disorders
10012242;Delusion of parasitosis;Psychiatric disorders
10012335;Dependence;Psychiatric disorders
10012397;Depression suicidal;Psychiatric disorders
10090119;Dopamine supersensitivity psychosis;Psychiatric disorders
10013654;Drug abuse;Psychiatric disorders
10013663;Drug dependence;Psychiatric disorders
10013675;Drug dependence, antepartum;Psychiatric disorders
10013676;Drug dependence, postpartum;Psychiatric disorders
10079381;Drug use disorder;Psychiatric disorders
10079382;Drug use disorder, antepartum;Psychiatric disorders
10079383;Drug use disorder, postpartum;Psychiatric disorders
10059232;Epileptic psychosis;Psychiatric disorders
10019063;Hallucination;Psychiatric disorders
10019070;Hallucination, auditory;Psychiatric disorders
10019071;Hallucination, gustatory;Psychiatric disorders
10019072;Hallucination, olfactory;Psychiatric disorders
10062824;Hallucination, synaesthetic;Psychiatric disorders
10019074;Hallucination, tactile;Psychiatric disorders
10019075;Hallucination, visual;Psychiatric disorders
10019079;Hallucinations, mixed;Psychiatric disorders
10020927;Hypnagogic hallucination;Psychiatric disorders
10020928;Hypnopompic hallucination;Psychiatric disorders
10080066;Intensive care unit delirium;Psychiatric disorders
10022524;Intentional self-injury;Psychiatric disorders
10070997;Korsakoff's syndrome;Psychiatric disorders
10057840;Major depression;Psychiatric disorders
10080149;Malignant catatonia;Psychiatric disorders
10068111;Near death experience;Psychiatric disorders
10075295;Neuroleptic-induced deficit syndrome;Psychiatric disorders
10086605;Paediatric acute-onset neuropsychiatric syndrome;Psychiatric disorders
10033361;Paedophilia;Psychiatric disorders
10074835;Parkinson's disease psychosis;Psychiatric disorders
10078366;Perinatal depression;Psychiatric disorders
10070669;Postictal psychosis;Psychiatric disorders
10061921;Psychotic disorder due to a general medical condition;Psychiatric disorders
10079254;Psychotic symptom;Psychiatric disorders
10074833;Rebound psychosis;Psychiatric disorders
10039621;Schizoaffective disorder;Psychiatric disorders
10068889;Schizoaffective disorder bipolar type;Psychiatric disorders
10068890;Schizoaffective disorder depressive type;Psychiatric disorders
10039626;Schizophrenia;Psychiatric disorders
10085233;Self-destructive behaviour;Psychiatric disorders
10062684;Somatic hallucination;Psychiatric disorders
10066169;Substance abuse;Psychiatric disorders
10076595;Substance dependence;Psychiatric disorders
10079384;Substance use disorder;Psychiatric disorders
10065604;Suicidal behaviour;Psychiatric disorders
10042458;Suicidal ideation;Psychiatric disorders
10042464;Suicide attempt;Psychiatric disorders
10077417;Suicide threat;Psychiatric disorders
10082458;Suspected suicide;Psychiatric disorders
10081704;Suspected suicide attempt;Psychiatric disorders
10082922;Tuberous sclerosis complex associated neuropsychiatric disease;Psychiatric disorders
10081010;Withdrawal catatonia;Psychiatric disorders
10073515;Acquired aminoaciduria;Renal and urinary disorders
10070869;Acquired cystic kidney disease;Renal and urinary disorders
10069339;Acute kidney injury;Renal and urinary disorders
10069688;Acute phosphate nephropathy;Renal and urinary disorders
10083346;Anticoagulant-related nephropathy;Renal and urinary disorders
10081981;Anti-glomerular basement membrane disease;Renal and urinary disorders
10085438;Anti-LRP2 nephropathy;Renal and urinary disorders
10002847;Anuria;Renal and urinary disorders
10087686;APOL1-mediated kidney disease;Renal and urinary disorders
10003629;Atonic urinary bladder;Renal and urinary disorders
10077087;Autoimmune nephritis;Renal and urinary disorders
10056948;Automatic bladder;Renal and urinary disorders
10003885;Azotaemia;Renal and urinary disorders
10085990;BCG related cystitis;Renal and urinary disorders
10004231;Bence Jones proteinuria;Renal and urinary disorders
10069448;Bladder dysplasia;Renal and urinary disorders
10005042;Bladder fibrosis;Renal and urinary disorders
10051258;Bladder necrosis;Renal and urinary disorders
10005060;Bladder obstruction;Renal and urinary disorders
10063575;Bladder perforation;Renal and urinary disorders
10005082;Bladder stenosis;Renal and urinary disorders
10062656;Bladder tamponade;Renal and urinary disorders
10083096;Bladder ulcer;Renal and urinary disorders
10081461;C1q nephropathy;Renal and urinary disorders
10077827;C3 glomerulopathy;Renal and urinary disorders
10073016;Chronic autoimmune glomerulonephritis;Renal and urinary disorders
10064848;Chronic kidney disease;Renal and urinary disorders
10010814;Contracted bladder;Renal and urinary disorders
10050702;Crush syndrome;Renal and urinary disorders
10071503;Crystal nephropathy;Renal and urinary disorders
10064850;Cystitis erosive;Renal and urinary disorders
10011793;Cystitis haemorrhagic;Renal and urinary disorders
10011801;Cystitis ulcerative;Renal and urinary disorders
10054832;Diffuse mesangial sclerosis;Renal and urinary disorders
10077512;End stage renal disease;Renal and urinary disorders
10056246;Eosinophilic cystitis;Renal and urinary disorders
10015869;Extravasation of urine;Renal and urinary disorders
10052607;Fanconi syndrome acquired;Renal and urinary disorders
10068279;Fibrillary glomerulonephritis;Renal and urinary disorders
10078987;Foetal renal impairment;Renal and urinary disorders
10083549;Follicular cystitis;Renal and urinary disorders
10071718;Fowler's syndrome;Renal and urinary disorders
10018362;Glomerular vascular disorder;Renal and urinary disorders
10018364;Glomerulonephritis;Renal and urinary disorders
10018366;Glomerulonephritis acute;Renal and urinary disorders
10018367;Glomerulonephritis chronic;Renal and urinary disorders
10018370;Glomerulonephritis membranoproliferative;Renal and urinary disorders
10018372;Glomerulonephritis membranous;Renal and urinary disorders
10018374;Glomerulonephritis minimal lesion;Renal and urinary disorders
10018376;Glomerulonephritis proliferative;Renal and urinary disorders
10018378;Glomerulonephritis rapidly progressive;Renal and urinary disorders
10051920;Glomerulonephropathy;Renal and urinary disorders
10061989;Glomerulosclerosis;Renal and urinary disorders
10018620;Goodpasture's syndrome;Renal and urinary disorders
10018906;Haemoglobinuria;Renal and urinary disorders
10055847;Haemorrhage urinary tract;Renal and urinary disorders
10069440;Henoch-Schonlein purpura nephritis;Renal and urinary disorders
10073745;Hydrocalyx;Renal and urinary disorders
10020524;Hydronephrosis;Renal and urinary disorders
10020533;Hydroureter;Renal and urinary disorders
10020586;Hypercalcaemic nephropathy;Renal and urinary disorders
10055171;Hypertensive nephropathy;Renal and urinary disorders
10058914;Hypotonic urinary bladder;Renal and urinary disorders
10021263;IgA nephropathy;Renal and urinary disorders
10077209;IgM nephropathy;Renal and urinary disorders
10089346;Immune-complex membranoproliferative glomerulonephritis;Renal and urinary disorders
10085069;Immune-mediated cystitis;Renal and urinary disorders
10083070;Immune-mediated nephritis;Renal and urinary disorders
10083522;Immune-mediated renal disorder;Renal and urinary disorders
10067871;Immunotactoid glomerulonephritis;Renal and urinary disorders
10022530;Intercapillary glomerulosclerosis;Renal and urinary disorders
10069384;Ischaemic nephropathy;Renal and urinary disorders
10023421;Kidney fibrosis;Renal and urinary disorders
10065792;Kidney perforation;Renal and urinary disorders
10025140;Lupus nephritis;Renal and urinary disorders
10026674;Malignant renal hypertension;Renal and urinary disorders
10080015;Malignant urinary tract obstruction;Renal and urinary disorders
10071138;Malnutrition-inflammation-atherosclerosis syndrome;Renal and urinary disorders
10083098;Membranous-like glomerulopathy with masked IgG-kappa deposits;Renal and urinary disorders
10066453;Mesangioproliferative glomerulonephritis;Renal and urinary disorders
10081588;Metabolic nephropathy;Renal and urinary disorders
10073599;Myeloma cast nephropathy;Renal and urinary disorders
10049778;Neonatal anuria;Renal and urinary disorders
10051467;Nephrectasia;Renal and urinary disorders
10065673;Nephritic syndrome;Renal and urinary disorders
10029117;Nephritis;Renal and urinary disorders
10029120;Nephritis allergic;Renal and urinary disorders
10029132;Nephritis haemorrhagic;Renal and urinary disorders
10052242;Nephroangiosclerosis;Renal and urinary disorders
10029146;Nephrocalcinosis;Renal and urinary disorders
10029147;Nephrogenic diabetes insipidus;Renal and urinary disorders
10029148;Nephrolithiasis;Renal and urinary disorders
10029155;Nephropathy toxic;Renal and urinary disorders
10029159;Nephrosclerosis;Renal and urinary disorders
10029164;Nephrotic syndrome;Renal and urinary disorders
10029279;Neurogenic bladder;Renal and urinary disorders
10077862;Obstructive nephropathy;Renal and urinary disorders
10073381;Oedematous kidney;Renal and urinary disorders
10056277;Pancreatorenal syndrome;Renal and urinary disorders
10076749;Paraneoplastic glomerulonephritis;Renal and urinary disorders
10075626;Paraneoplastic nephrotic syndrome;Renal and urinary disorders
10034042;Paroxysmal nocturnal haemoglobinuria;Renal and urinary disorders
10034232;Pelvi-ureteric obstruction;Renal and urinary disorders
10062622;Pigment nephropathy;Renal and urinary disorders
10074480;Post infection glomerulonephritis;Renal and urinary disorders
10036303;Post streptococcal glomerulonephritis;Renal and urinary disorders
10059345;Postrenal failure;Renal and urinary disorders
10075849;Potassium wasting nephropathy;Renal and urinary disorders
10072370;Prerenal failure;Renal and urinary disorders
10068513;Pulmonary renal syndrome;Renal and urinary disorders
10061927;Pyelocaliectasis;Renal and urinary disorders
10065427;Reflux nephropathy;Renal and urinary disorders
10038357;Renal amyloidosis;Renal and urinary disorders
10038372;Renal arteriosclerosis;Renal and urinary disorders
10038373;Renal arteritis;Renal and urinary disorders
10065561;Renal artery arteriosclerosis;Renal and urinary disorders
10049942;Renal artery dissection;Renal and urinary disorders
10049739;Renal artery fibromuscular dysplasia;Renal and urinary disorders
10038377;Renal artery hyperplasia;Renal and urinary disorders
10048988;Renal artery occlusion;Renal and urinary disorders
10075737;Renal artery perforation;Renal and urinary disorders
10038378;Renal artery stenosis;Renal and urinary disorders
10038380;Renal artery thrombosis;Renal and urinary disorders
10038381;Renal atrophy;Renal and urinary disorders
10038422;Renal cortical necrosis;Renal and urinary disorders
10059846;Renal cyst haemorrhage;Renal and urinary disorders
10049814;Renal cyst ruptured;Renal and urinary disorders
10063544;Renal embolism;Renal and urinary disorders
10038435;Renal failure;Renal and urinary disorders
10038447;Renal failure neonatal;Renal and urinary disorders
10038459;Renal haematoma;Renal and urinary disorders
10038460;Renal haemorrhage;Renal and urinary disorders
10062854;Renal hydrocele;Renal and urinary disorders
10062237;Renal impairment;Renal and urinary disorders
10049776;Renal impairment neonatal;Renal and urinary disorders
10038470;Renal infarct;Renal and urinary disorders
10061481;Renal injury;Renal and urinary disorders
10063897;Renal ischaemia;Renal and urinary disorders
10038481;Renal necrosis;Renal and urinary disorders
10038491;Renal papillary necrosis;Renal and urinary disorders
10051985;Renal pelvis fistula;Renal and urinary disorders
10084543;Renal phospholipidosis;Renal and urinary disorders
10062550;Renal salt-wasting syndrome;Renal and urinary disorders
10038535;Renal tubular acidosis;Renal and urinary disorders
10038536;Renal tubular atrophy;Renal and urinary disorders
10038537;Renal tubular disorder;Renal and urinary disorders
10050335;Renal tubular dysfunction;Renal and urinary disorders
10078933;Renal tubular injury;Renal and urinary disorders
10038540;Renal tubular necrosis;Renal and urinary disorders
10072226;Renal vascular thrombosis;Renal and urinary disorders
10038546;Renal vasculitis;Renal and urinary disorders
10038547;Renal vein embolism;Renal and urinary disorders
10078907;Renal vein stenosis;Renal and urinary disorders
10038548;Renal vein thrombosis;Renal and urinary disorders
10077278;Renal vein varices;Renal and urinary disorders
10085346;Renal-limited thrombotic microangiopathy;Renal and urinary disorders
10062553;Scleroderma renal crisis;Renal and urinary disorders
10084204;Sickle cell nephropathy;Renal and urinary disorders
10041900;Stag horn calculus;Renal and urinary disorders
10081980;Subacute kidney injury;Renal and urinary disorders
10083385;Subcapsular renal haematoma;Renal and urinary disorders
10048302;Tubulointerstitial nephritis;Renal and urinary disorders
10069034;Tubulointerstitial nephritis and uveitis syndrome;Renal and urinary disorders
10046337;Urate nephropathy;Renal and urinary disorders
10078750;Ureteral achalasia;Renal and urinary disorders
10050266;Ureteral necrosis;Renal and urinary disorders
10046404;Ureteric fistula;Renal and urinary disorders
10065743;Ureteric haemorrhage;Renal and urinary disorders
10046406;Ureteric obstruction;Renal and urinary disorders
10065809;Ureteric perforation;Renal and urinary disorders
10049810;Ureteric rupture;Renal and urinary disorders
10046411;Ureteric stenosis;Renal and urinary disorders
10046451;Urethral fistula;Renal and urinary disorders
10049710;Urethral haemorrhage;Renal and urinary disorders
10046456;Urethral intrinsic sphincter deficiency;Renal and urinary disorders
10082037;Urethral necrosis;Renal and urinary disorders
10046459;Urethral obstruction;Renal and urinary disorders
10065810;Urethral perforation;Renal and urinary disorders
10065584;Urethral stenosis;Renal and urinary disorders
10085171;Urethroscrotal fistula;Renal and urinary disorders
10051693;Urinary bladder atrophy;Renal and urinary disorders
10083358;Urinary bladder haematoma;Renal and urinary disorders
10046528;Urinary bladder haemorrhage;Renal and urinary disorders
10046530;Urinary bladder rupture;Renal and urinary disorders
10065368;Urinary fistula;Renal and urinary disorders
10046555;Urinary retention;Renal and urinary disorders
10061574;Urinary tract obstruction;Renal and urinary disorders
10050091;Urinoma;Renal and urinary disorders
10046696;Urogenital fistula;Renal and urinary disorders
10050058;Urogenital haemorrhage;Renal and urinary disorders
10047363;Vesical fistula;Renal and urinary disorders
10071566;Vesicocutaneous fistula;Renal and urinary disorders
10083206;Vesicourethral fistula;Renal and urinary disorders
10090023;Autoimmune oophoritis;Reproductive system and breast disorders
10006254;Breast haemorrhage;Reproductive system and breast disorders
10006277;Breast necrosis;Reproductive system and breast disorders
10008282;Cervical leukoplakia;Reproductive system and breast disorders
10050020;Cervix haematoma uterine;Reproductive system and breast disorders
10050022;Cervix haemorrhage uterine;Reproductive system and breast disorders
10085484;Ejaculatory duct cyst;Reproductive system and breast disorders
10049678;Endometrial dysplasia;Reproductive system and breast disorders
10061461;Erectile dysfunction;Reproductive system and breast disorders
10072944;Fallopian tube necrosis;Reproductive system and breast disorders
10018158;Genital leukoplakia;Reproductive system and breast disorders
10060781;Haemorrhagic ovarian cyst;Reproductive system and breast disorders
10020531;Hydrosalpinx;Reproductive system and breast disorders
10024394;Leukoplakia of penis;Reproductive system and breast disorders
10071758;Male genital tract fistula;Reproductive system and breast disorders
10074436;Noninfective oophoritis;Reproductive system and breast disorders
10080320;Oligoasthenozoospermia;Reproductive system and breast disorders
10033136;Ovarian cyst ruptured;Reproductive system and breast disorders
10080570;Ovarian dysplasia;Reproductive system and breast disorders
10033263;Ovarian haematoma;Reproductive system and breast disorders
10065741;Ovarian haemorrhage;Reproductive system and breast disorders
10033266;Ovarian hyperstimulation syndrome;Reproductive system and breast disorders
10033270;Ovarian necrosis;Reproductive system and breast disorders
10033279;Ovarian rupture;Reproductive system and breast disorders
10072059;Ovarian vein thrombosis;Reproductive system and breast disorders
10063678;Pelvic haemorrhage;Reproductive system and breast disorders
10068035;Penile artery occlusion;Reproductive system and breast disorders
10066448;Penile dysplasia;Reproductive system and breast disorders
10064598;Penile necrosis;Reproductive system and breast disorders
10034324;Penile vein thrombosis;Reproductive system and breast disorders
10076566;Perineal necrosis;Reproductive system and breast disorders
10069679;Perineal ulceration;Reproductive system and breast disorders
10077404;Pituitary amenorrhoea;Reproductive system and breast disorders
10055870;Postmenopausal haemorrhage;Reproductive system and breast disorders
10071019;Prostatic dysplasia;Reproductive system and breast disorders
10036960;Prostatic haemorrhage;Reproductive system and breast disorders
10065804;Prostatic perforation;Reproductive system and breast disorders
10074430;Rectoprostatic fistula;Reproductive system and breast disorders
10074268;Reproductive toxicity;Reproductive system and breast disorders
10038967;Retrograde ejaculation;Reproductive system and breast disorders
10061517;Scrotal haematocoele;Reproductive system and breast disorders
10061361;Scrotal haemorrhage;Reproductive system and breast disorders
10078125;Seminal vesicle atrophy;Reproductive system and breast disorders
10065742;Spermatic cord haemorrhage;Reproductive system and breast disorders
10087968;Spermatic vein thrombosis;Reproductive system and breast disorders
10051877;Testicular haemorrhage;Reproductive system and breast disorders
10043337;Testicular infarction;Reproductive system and breast disorders
10049572;Testicular necrosis;Reproductive system and breast disorders
10080427;Threatened uterine rupture;Reproductive system and breast disorders
10067270;Thrombosis corpora cavernosa;Reproductive system and breast disorders
10071440;Urocele;Reproductive system and breast disorders
10064484;Uterine cervical exfoliation;Reproductive system and breast disorders
10063875;Uterine haematoma;Reproductive system and breast disorders
10046788;Uterine haemorrhage;Reproductive system and breast disorders
10046797;Uterine ischaemia;Reproductive system and breast disorders
10072333;Uterine necrosis;Reproductive system and breast disorders
10065928;Uterine obstruction;Reproductive system and breast disorders
10046905;Vaginal dysplasia;Reproductive system and breast disorders
10046921;Vaginal leukoplakia;Reproductive system and breast disorders
10087431;Vaginal necrosis;Reproductive system and breast disorders
10065817;Vaginal obstruction;Reproductive system and breast disorders
10065818;Vaginal perforation;Reproductive system and breast disorders
10054932;Vulvar dysplasia;Reproductive system and breast disorders
10064008;Vulvovaginal adenosis;Reproductive system and breast disorders
10059185;Acquired diaphragmatic eventration;Respiratory, thoracic and mediastinal disorders
10000582;Acquired tracheo-oesophageal fistula;Respiratory, thoracic and mediastinal disorders
10051895;Acute chest syndrome;Respiratory, thoracic and mediastinal disorders
10066728;Acute interstitial pneumonitis;Respiratory, thoracic and mediastinal disorders
10069351;Acute lung injury;Respiratory, thoracic and mediastinal disorders
10001029;Acute pulmonary oedema;Respiratory, thoracic and mediastinal disorders
10001052;Acute respiratory distress syndrome;Respiratory, thoracic and mediastinal disorders
10001053;Acute respiratory failure;Respiratory, thoracic and mediastinal disorders
10085467;Agonal respiration;Respiratory, thoracic and mediastinal disorders
10073344;Alveolar lung disease;Respiratory, thoracic and mediastinal disorders
10050343;Alveolitis necrotising;Respiratory, thoracic and mediastinal disorders
10051899;Anaemic hypoxia;Respiratory, thoracic and mediastinal disorders
10002660;Anoxia;Respiratory, thoracic and mediastinal disorders
10082565;Aorto-bronchial fistula;Respiratory, thoracic and mediastinal disorders
10002974;Apnoea;Respiratory, thoracic and mediastinal disorders
10002977;Apnoeic attack;Respiratory, thoracic and mediastinal disorders
10003497;Asphyxia;Respiratory, thoracic and mediastinal disorders
10003504;Aspiration;Respiratory, thoracic and mediastinal disorders
10064823;Asthmatic crisis;Respiratory, thoracic and mediastinal disorders
10003599;Atelectasis neonatal;Respiratory, thoracic and mediastinal disorders
10080701;Autoimmune lung disease;Respiratory, thoracic and mediastinal disorders
10077819;Bendopnoea;Respiratory, thoracic and mediastinal disorders
10079552;Bronchial artery aneurysm;Respiratory, thoracic and mediastinal disorders
10057004;Bronchial dysplasia;Respiratory, thoracic and mediastinal disorders
10006437;Bronchial fistula;Respiratory, thoracic and mediastinal disorders
10065739;Bronchial haemorrhage;Respiratory, thoracic and mediastinal disorders
10006440;Bronchial obstruction;Respiratory, thoracic and mediastinal disorders
10056695;Bronchial oedema;Respiratory, thoracic and mediastinal disorders
10051547;Bronchial ulceration;Respiratory, thoracic and mediastinal disorders
10079163;Bronchial varices haemorrhage;Respiratory, thoracic and mediastinal disorders
10006445;Bronchiectasis;Respiratory, thoracic and mediastinal disorders
10083303;Bronchiolitis obliterans syndrome;Respiratory, thoracic and mediastinal disorders
10065037;Broncholithiasis;Respiratory, thoracic and mediastinal disorders
10053421;Bronchomalacia;Respiratory, thoracic and mediastinal disorders
10053481;Bronchopleural fistula;Respiratory, thoracic and mediastinal disorders
10006475;Bronchopulmonary dysplasia;Respiratory, thoracic and mediastinal disorders
10006487;Bronchostenosis;Respiratory, thoracic and mediastinal disorders
10086100;Catamenial pneumothorax;Respiratory, thoracic and mediastinal disorders
10007975;Central sleep apnoea syndrome;Respiratory, thoracic and mediastinal disorders
10008501;Cheyne-Stokes respiration;Respiratory, thoracic and mediastinal disorders
10008589;Choking;Respiratory, thoracic and mediastinal disorders
10009126;Chronic respiratory failure;Respiratory, thoracic and mediastinal disorders
10051228;Chylothorax;Respiratory, thoracic and mediastinal disorders
10076515;Combined pulmonary fibrosis and emphysema;Respiratory, thoracic and mediastinal disorders
10011704;Cyanosis central;Respiratory, thoracic and mediastinal disorders
10011705;Cyanosis neonatal;Respiratory, thoracic and mediastinal disorders
10057482;Dependence on respirator;Respiratory, thoracic and mediastinal disorders
10012708;Diaphragm muscle weakness;Respiratory, thoracic and mediastinal disorders
10012725;Diaphragmatic paralysis;Respiratory, thoracic and mediastinal disorders
10056560;Diaphragmatic rupture;Respiratory, thoracic and mediastinal disorders
10060902;Diffuse alveolar damage;Respiratory, thoracic and mediastinal disorders
10062952;Diffuse panbronchiolitis;Respiratory, thoracic and mediastinal disorders
10074163;Dry lung syndrome;Respiratory, thoracic and mediastinal disorders
10013969;Dyspnoea at rest;Respiratory, thoracic and mediastinal disorders
10014962;Eosinophilic pneumonia;Respiratory, thoracic and mediastinal disorders
10052832;Eosinophilic pneumonia acute;Respiratory, thoracic and mediastinal disorders
10052833;Eosinophilic pneumonia chronic;Respiratory, thoracic and mediastinal disorders
10015029;Epiglottic oedema;Respiratory, thoracic and mediastinal disorders
10078887;Excessive dynamic airway collapse;Respiratory, thoracic and mediastinal disorders
10069162;Gasping syndrome;Respiratory, thoracic and mediastinal disorders
10019027;Haemothorax;Respiratory, thoracic and mediastinal disorders
10067365;Hepatic hydrothorax;Respiratory, thoracic and mediastinal disorders
10052274;Hepatopulmonary syndrome;Respiratory, thoracic and mediastinal disorders
10048612;Hydrothorax;Respiratory, thoracic and mediastinal disorders
10081988;Hypersensitivity pneumonitis;Respiratory, thoracic and mediastinal disorders
10077469;Hypopharyngeal synechiae;Respiratory, thoracic and mediastinal disorders
10021133;Hypoventilation;Respiratory, thoracic and mediastinal disorders
10021134;Hypoventilation neonatal;Respiratory, thoracic and mediastinal disorders
10021143;Hypoxia;Respiratory, thoracic and mediastinal disorders
10078268;Idiopathic interstitial pneumonia;Respiratory, thoracic and mediastinal disorders
10063725;Idiopathic pneumonia syndrome;Respiratory, thoracic and mediastinal disorders
10021240;Idiopathic pulmonary fibrosis;Respiratory, thoracic and mediastinal disorders
10021412;Immature respiratory system;Respiratory, thoracic and mediastinal disorders
10085352;Immune-mediated lung disease;Respiratory, thoracic and mediastinal disorders
10077321;Infantile apnoea;Respiratory, thoracic and mediastinal disorders
10087834;Interstitial lung abnormality;Respiratory, thoracic and mediastinal disorders
10022611;Interstitial lung disease;Respiratory, thoracic and mediastinal disorders
10057259;Laryngeal dysplasia;Respiratory, thoracic and mediastinal disorders
10052390;Laryngeal dyspnoea;Respiratory, thoracic and mediastinal disorders
10065740;Laryngeal haemorrhage;Respiratory, thoracic and mediastinal disorders
10067351;Laryngeal necrosis;Respiratory, thoracic and mediastinal disorders
10059639;Laryngeal obstruction;Respiratory, thoracic and mediastinal disorders
10023845;Laryngeal oedema;Respiratory, thoracic and mediastinal disorders
10023862;Laryngeal stenosis;Respiratory, thoracic and mediastinal disorders
10023893;Laryngotracheal oedema;Respiratory, thoracic and mediastinal disorders
10076279;Lung perforation;Respiratory, thoracic and mediastinal disorders
10073694;Lupus pleurisy;Respiratory, thoracic and mediastinal disorders
10057481;Lupus pneumonitis;Respiratory, thoracic and mediastinal disorders
10049459;Lymphangioleiomyomatosis;Respiratory, thoracic and mediastinal disorders
10025375;MacLeod's syndrome;Respiratory, thoracic and mediastinal disorders
10084430;Malignant airway obstruction;Respiratory, thoracic and mediastinal disorders
10026673;Malignant pleural effusion;Respiratory, thoracic and mediastinal disorders
10076496;Meconium aspiration syndrome;Respiratory, thoracic and mediastinal disorders
10068820;Mediastinal effusion;Respiratory, thoracic and mediastinal disorders
10049941;Mediastinal haematoma;Respiratory, thoracic and mediastinal disorders
10056343;Mediastinal haemorrhage;Respiratory, thoracic and mediastinal disorders
10069909;Metastatic pulmonary embolism;Respiratory, thoracic and mediastinal disorders
10089612;Nasal cavity fistula;Respiratory, thoracic and mediastinal disorders
10028747;Nasal necrosis;Respiratory, thoracic and mediastinal disorders
10070831;Necrotising bronchiolitis;Respiratory, thoracic and mediastinal disorders
10080589;Negative pressure pulmonary oedema;Respiratory, thoracic and mediastinal disorders
10028921;Neonatal anoxia;Respiratory, thoracic and mediastinal disorders
10028923;Neonatal asphyxia;Respiratory, thoracic and mediastinal disorders
10059033;Neonatal aspiration;Respiratory, thoracic and mediastinal disorders
10050081;Neonatal hypoxia;Respiratory, thoracic and mediastinal disorders
10082056;Neonatal pneumothorax;Respiratory, thoracic and mediastinal disorders
10088909;Neonatal pulmonary hypertension;Respiratory, thoracic and mediastinal disorders
10028966;Neonatal respiratory acidosis;Respiratory, thoracic and mediastinal disorders
10028967;Neonatal respiratory alkalosis;Respiratory, thoracic and mediastinal disorders
10028968;Neonatal respiratory arrest;Respiratory, thoracic and mediastinal disorders
10028970;Neonatal respiratory depression;Respiratory, thoracic and mediastinal disorders
10028973;Neonatal respiratory distress;Respiratory, thoracic and mediastinal disorders
10028974;Neonatal respiratory distress syndrome;Respiratory, thoracic and mediastinal disorders
10028975;Neonatal respiratory failure;Respiratory, thoracic and mediastinal disorders
10057183;Neonatal tachypnoea;Respiratory, thoracic and mediastinal disorders
10072968;Neuroendocrine cell hyperplasia of infancy;Respiratory, thoracic and mediastinal disorders
10029538;Non-cardiogenic pulmonary oedema;Respiratory, thoracic and mediastinal disorders
10087423;NSAID exacerbated respiratory disease;Respiratory, thoracic and mediastinal disorders
10029888;Obliterative bronchiolitis;Respiratory, thoracic and mediastinal disorders
10029925;Obstetrical pulmonary embolism;Respiratory, thoracic and mediastinal disorders
10056992;Oesophagobronchial fistula;Respiratory, thoracic and mediastinal disorders
10067472;Organising pneumonia;Respiratory, thoracic and mediastinal disorders
10067950;Oropharyngeal blistering;Respiratory, thoracic and mediastinal disorders
10087215;Oropharyngeal fistula;Respiratory, thoracic and mediastinal disorders
10072591;Paranasal sinus necrosis;Respiratory, thoracic and mediastinal disorders
10075715;Paraneoplastic pleural effusion;Respiratory, thoracic and mediastinal disorders
10070912;Pharyngeal dyskinesia;Respiratory, thoracic and mediastinal disorders
10068121;Pharyngeal haematoma;Respiratory, thoracic and mediastinal disorders
10034827;Pharyngeal haemorrhage;Respiratory, thoracic and mediastinal disorders
10065706;Pharyngeal necrosis;Respiratory, thoracic and mediastinal disorders
10050028;Pharyngeal stenosis;Respiratory, thoracic and mediastinal disorders
10035004;Pickwickian syndrome;Respiratory, thoracic and mediastinal disorders
10065839;Pleural fistula;Respiratory, thoracic and mediastinal disorders
10048735;Pleurocutaneous fistula;Respiratory, thoracic and mediastinal disorders
10084305;Pleuroparenchymal fibroelastosis;Respiratory, thoracic and mediastinal disorders
10068641;Pleuroperitoneal communication;Respiratory, thoracic and mediastinal disorders
10050184;Pneumomediastinum;Respiratory, thoracic and mediastinal disorders
10035720;Pneumonia lipoid;Respiratory, thoracic and mediastinal disorders
10035742;Pneumonitis;Respiratory, thoracic and mediastinal disorders
10035744;Pneumonitis aspiration;Respiratory, thoracic and mediastinal disorders
10035759;Pneumothorax;Respiratory, thoracic and mediastinal disorders
10035763;Pneumothorax spontaneous;Respiratory, thoracic and mediastinal disorders
10067281;Portopulmonary hypertension;Respiratory, thoracic and mediastinal disorders
10090763;Post pulmonary embolism syndrome;Respiratory, thoracic and mediastinal disorders
10036805;Progressive massive fibrosis;Respiratory, thoracic and mediastinal disorders
10037313;Pulmonary alveolar haemorrhage;Respiratory, thoracic and mediastinal disorders
10063945;Pulmonary amyloidosis;Respiratory, thoracic and mediastinal disorders
10064911;Pulmonary arterial hypertension;Respiratory, thoracic and mediastinal disorders
10067284;Pulmonary arteriopathy;Respiratory, thoracic and mediastinal disorders
10037336;Pulmonary artery aneurysm;Respiratory, thoracic and mediastinal disorders
10086118;Pulmonary artery arteriosclerosis;Respiratory, thoracic and mediastinal disorders
10085390;Pulmonary artery compression;Respiratory, thoracic and mediastinal disorders
10058491;Pulmonary artery dilatation;Respiratory, thoracic and mediastinal disorders
10089138;Pulmonary artery dissection;Respiratory, thoracic and mediastinal disorders
10078201;Pulmonary artery occlusion;Respiratory, thoracic and mediastinal disorders
10037338;Pulmonary artery stenosis;Respiratory, thoracic and mediastinal disorders
10037340;Pulmonary artery thrombosis;Respiratory, thoracic and mediastinal disorders
10084570;Pulmonary atypical adenomatous hyperplasia;Respiratory, thoracic and mediastinal disorders
10086936;Pulmonary bullae rupture;Respiratory, thoracic and mediastinal disorders
10077389;Pulmonary capillary haemangiomatosis;Respiratory, thoracic and mediastinal disorders
10051738;Pulmonary cavitation;Respiratory, thoracic and mediastinal disorders
10037368;Pulmonary congestion;Respiratory, thoracic and mediastinal disorders
10053766;Pulmonary dysmaturity syndrome;Respiratory, thoracic and mediastinal disorders
10037377;Pulmonary embolism;Respiratory, thoracic and mediastinal disorders
10037383;Pulmonary fibrosis;Respiratory, thoracic and mediastinal disorders
10065873;Pulmonary fistula;Respiratory, thoracic and mediastinal disorders
10054991;Pulmonary haematoma;Respiratory, thoracic and mediastinal disorders
10037394;Pulmonary haemorrhage;Respiratory, thoracic and mediastinal disorders
10082194;Pulmonary haemorrhage neonatal;Respiratory, thoracic and mediastinal disorders
10037396;Pulmonary haemosiderosis;Respiratory, thoracic and mediastinal disorders
10037400;Pulmonary hypertension;Respiratory, thoracic and mediastinal disorders
10068726;Pulmonary hypertensive crisis;Respiratory, thoracic and mediastinal disorders
10077177;Pulmonary hypoperfusion;Respiratory, thoracic and mediastinal disorders
10037410;Pulmonary infarction;Respiratory, thoracic and mediastinal disorders
10090672;Pulmonary inflammatory pseudotumour;Respiratory, thoracic and mediastinal disorders
10037415;Pulmonary interstitial emphysema syndrome;Respiratory, thoracic and mediastinal disorders
10037421;Pulmonary microemboli;Respiratory, thoracic and mediastinal disorders
10058824;Pulmonary necrosis;Respiratory, thoracic and mediastinal disorders
10037423;Pulmonary oedema;Respiratory, thoracic and mediastinal disorders
10050459;Pulmonary oedema neonatal;Respiratory, thoracic and mediastinal disorders
10037430;Pulmonary sarcoidosis;Respiratory, thoracic and mediastinal disorders
10037437;Pulmonary thrombosis;Respiratory, thoracic and mediastinal disorders
10061924;Pulmonary toxicity;Respiratory, thoracic and mediastinal disorders
10079988;Pulmonary tumour thrombotic microangiopathy;Respiratory, thoracic and mediastinal disorders
10037456;Pulmonary vascular resistance abnormality;Respiratory, thoracic and mediastinal disorders
10037457;Pulmonary vasculitis;Respiratory, thoracic and mediastinal disorders
10068690;Pulmonary vein occlusion;Respiratory, thoracic and mediastinal disorders
10049171;Pulmonary vein stenosis;Respiratory, thoracic and mediastinal disorders
10037458;Pulmonary veno-occlusive disease;Respiratory, thoracic and mediastinal disorders
10085364;Pulmonary venous hypertension;Respiratory, thoracic and mediastinal disorders
10037459;Pulmonary venous thrombosis;Respiratory, thoracic and mediastinal disorders
10064715;Reexpansion pulmonary oedema;Respiratory, thoracic and mediastinal disorders
10038669;Respiratory arrest;Respiratory, thoracic and mediastinal disorders
10038678;Respiratory depression;Respiratory, thoracic and mediastinal disorders
10038687;Respiratory distress;Respiratory, thoracic and mediastinal disorders
10038695;Respiratory failure;Respiratory, thoracic and mediastinal disorders
10038708;Respiratory paralysis;Respiratory, thoracic and mediastinal disorders
10038727;Respiratory tract haemorrhage;Respiratory, thoracic and mediastinal disorders
10038728;Respiratory tract haemorrhage neonatal;Respiratory, thoracic and mediastinal disorders
10070774;Respiratory tract oedema;Respiratory, thoracic and mediastinal disorders
10070839;Respiratory tract ulceration;Respiratory, thoracic and mediastinal disorders
10062109;Reversible airways obstruction;Respiratory, thoracic and mediastinal disorders
10086722;Rheumatoid pleuritis;Respiratory, thoracic and mediastinal disorders
10067739;Shrinking lung syndrome;Respiratory, thoracic and mediastinal disorders
10040748;Sinus perforation;Respiratory, thoracic and mediastinal disorders
10042954;Systemic sclerosis pulmonary;Respiratory, thoracic and mediastinal disorders
10062744;Thoracic haemorrhage;Respiratory, thoracic and mediastinal disorders
10057450;Tonsillar haemorrhage;Respiratory, thoracic and mediastinal disorders
10065787;Tracheal fistula;Respiratory, thoracic and mediastinal disorders
10044293;Tracheal obstruction extrinsic;Respiratory, thoracic and mediastinal disorders
10044296;Tracheal oedema;Respiratory, thoracic and mediastinal disorders
10050816;Tracheal stenosis;Respiratory, thoracic and mediastinal disorders
10056397;Tracheomalacia;Respiratory, thoracic and mediastinal disorders
10044590;Trepopnoea;Respiratory, thoracic and mediastinal disorders
10066828;Upper airway necrosis;Respiratory, thoracic and mediastinal disorders
10067775;Upper airway obstruction;Respiratory, thoracic and mediastinal disorders
10069675;Ventilation perfusion mismatch;Respiratory, thoracic and mediastinal disorders
10049141;Acne fulminans;Skin and subcutaneous tissue disorders
10081035;Acquired C1 inhibitor deficiency;Skin and subcutaneous tissue disorders
10056508;Acquired epidermolysis bullosa;Skin and subcutaneous tissue disorders
10087376;Acquired generalised lipodystrophy;Skin and subcutaneous tissue disorders
10065247;Acrokeratosis paraneoplastica;Skin and subcutaneous tissue disorders
10057928;Acute cutaneous lupus erythematosus;Skin and subcutaneous tissue disorders
10000748;Acute febrile neutrophilic dermatosis;Skin and subcutaneous tissue disorders
10048799;Acute generalised exanthematous pustulosis;Skin and subcutaneous tissue disorders
10089003;AGEP-DRESS overlap;Skin and subcutaneous tissue disorders
10002424;Angioedema;Skin and subcutaneous tissue disorders
10083961;Autoimmune blistering disease;Skin and subcutaneous tissue disorders
10083809;Bullous haemorrhagic dermatosis;Skin and subcutaneous tissue disorders
10057929;Chronic cutaneous lupus erythematosus;Skin and subcutaneous tissue disorders
10059029;Cullen's sign;Skin and subcutaneous tissue disorders
10069704;Cutaneous loxoscelism;Skin and subcutaneous tissue disorders
10056509;Cutaneous lupus erythematosus;Skin and subcutaneous tissue disorders
10011686;Cutaneous vasculitis;Skin and subcutaneous tissue disorders
10081137;Cytophagic histiocytic panniculitis;Skin and subcutaneous tissue disorders
10012441;Dermatitis bullous;Skin and subcutaneous tissue disorders
10012455;Dermatitis exfoliative;Skin and subcutaneous tissue disorders
10012456;Dermatitis exfoliative generalised;Skin and subcutaneous tissue disorders
10090287;Dermato-neuro syndrome;Skin and subcutaneous tissue disorders
10073508;Drug reaction with eosinophilia and systemic symptoms;Skin and subcutaneous tissue disorders
10049172;Eosinophilic pustulosis;Skin and subcutaneous tissue disorders
10059284;Epidermal necrosis;Skin and subcutaneous tissue disorders
10053177;Epidermolysis;Skin and subcutaneous tissue disorders
10015218;Erythema multiforme;Skin and subcutaneous tissue disorders
10068834;Fungating wound;Skin and subcutaneous tissue disorders
10084905;Generalised bullous fixed drug eruption;Skin and subcutaneous tissue disorders
10090621;Generalised pustular psoriasis;Skin and subcutaneous tissue disorders
10066837;Gleich's syndrome;Skin and subcutaneous tissue disorders
10056954;Gottron's papules;Skin and subcutaneous tissue disorders
10075426;Grey Turner's sign;Skin and subcutaneous tissue disorders
10058423;Haemangioma-thrombocytopenia syndrome;Skin and subcutaneous tissue disorders
10074977;Harlequin skin reaction;Skin and subcutaneous tissue disorders
10081454;Heliotrope rash;Skin and subcutaneous tissue disorders
10086403;Hypergammaglobulinaemic purpura of Waldenstrom;Skin and subcutaneous tissue disorders
10020764;Hypersensitivity vasculitis;Skin and subcutaneous tissue disorders
10073257;Idiopathic angioedema;Skin and subcutaneous tissue disorders
10088780;Idiopathic histaminergic angioedema;Skin and subcutaneous tissue disorders
10083156;Immune-mediated dermatitis;Skin and subcutaneous tissue disorders
10087934;Lichen planus pemphigoides;Skin and subcutaneous tissue disorders
10024515;Linear IgA disease;Skin and subcutaneous tissue disorders
10049287;Lipodystrophy acquired;Skin and subcutaneous tissue disorders
10064281;Malignant atrophic papulosis;Skin and subcutaneous tissue disorders
10053641;Mazzotti reaction;Skin and subcutaneous tissue disorders
10087064;Mucous membrane pemphigoid;Skin and subcutaneous tissue disorders
10084061;Necrolytic acral erythema;Skin and subcutaneous tissue disorders
10060821;Necrolytic migratory erythema;Skin and subcutaneous tissue disorders
10062579;Necrotising panniculitis;Skin and subcutaneous tissue disorders
10067467;Nephrogenic systemic fibrosis;Skin and subcutaneous tissue disorders
10029491;Nodular vasculitis;Skin and subcutaneous tissue disorders
10030081;Oculomucocutaneous syndrome;Skin and subcutaneous tissue disorders
10033675;Panniculitis;Skin and subcutaneous tissue disorders
10078237;Paraneoplastic dermatosis;Skin and subcutaneous tissue disorders
10086658;Paraneoplastic hypertrichosis;Skin and subcutaneous tissue disorders
10057056;Paraneoplastic pemphigus;Skin and subcutaneous tissue disorders
10074687;Paraneoplastic rash;Skin and subcutaneous tissue disorders
10084535;PASH syndrome;Skin and subcutaneous tissue disorders
10034277;Pemphigoid;Skin and subcutaneous tissue disorders
10034280;Pemphigus;Skin and subcutaneous tissue disorders
10049422;Precancerous skin lesion;Skin and subcutaneous tissue disorders
10073006;Progressive facial hemiatrophy;Skin and subcutaneous tissue disorders
10037145;Pseudoporphyria;Skin and subcutaneous tissue disorders
10037556;Purpura fulminans;Skin and subcutaneous tissue disorders
10037557;Purpura neonatal;Skin and subcutaneous tissue disorders
10037635;Pyoderma gangrenosum;Skin and subcutaneous tissue disorders
10062908;Schnitzler's syndrome;Skin and subcutaneous tissue disorders
10039703;Sclerema;Skin and subcutaneous tissue disorders
10073229;Scleroderma associated digital ulcer;Skin and subcutaneous tissue disorders
10055953;Scleroedema;Skin and subcutaneous tissue disorders
10067527;Segmented hyalinising vasculitis;Skin and subcutaneous tissue disorders
10085778;Severe cutaneous adverse reaction;Skin and subcutaneous tissue disorders
10083164;SJS-TEN overlap;Skin and subcutaneous tissue disorders
10040893;Skin necrosis;Skin and subcutaneous tissue disorders
10042033;Stevens-Johnson syndrome;Skin and subcutaneous tissue disorders
10057903;Subacute cutaneous lupus erythematosus;Skin and subcutaneous tissue disorders
10081998;Target skin lesion;Skin and subcutaneous tissue disorders
10044223;Toxic epidermal necrolysis;Skin and subcutaneous tissue disorders
10057970;Toxic skin eruption;Skin and subcutaneous tissue disorders
10077704;Tumour pruritus;Skin and subcutaneous tissue disorders
10068712;Umbilical haematoma;Skin and subcutaneous tissue disorders
10045455;Umbilical haemorrhage;Skin and subcutaneous tissue disorders
10048820;Urticarial vasculitis;Skin and subcutaneous tissue disorders
10086737;Vancomycin infusion reaction;Skin and subcutaneous tissue disorders
10075714;Vasculitic ulcer;Skin and subcutaneous tissue disorders
10047883;Weber-Christian disease;Skin and subcutaneous tissue disorders
10087171;Yao syndrome;Skin and subcutaneous tissue disorders
10001612;Alcoholic;Social circumstances
10079637;Dependence on oxygen therapy;Social circumstances
10013050;Disability;Social circumstances
10061111;Drug abuser;Social circumstances
10075033;Foeticide;Social circumstances
10021417;Immobile;Social circumstances
10066112;Immobilisation prolonged;Social circumstances
10065158;Maternal alcohol use;Social circumstances
10026938;Maternal use of illicit drugs;Social circumstances
10067688;Substance abuser;Social circumstances
10074337;Acute aortic syndrome;Vascular disorders
10001526;Air embolism;Vascular disorders
10002331;Aneurysm arteriovenous;Vascular disorders
10048380;Aneurysm ruptured;Vascular disorders
10086560;Aneurysm thrombosis;Vascular disorders
10002886;Aortic aneurysm rupture;Vascular disorders
10087600;Aortic aneurysm thrombosis;Vascular disorders
10065558;Aortic arteriosclerosis;Vascular disorders
10002895;Aortic dissection;Vascular disorders
10068119;Aortic dissection rupture;Vascular disorders
10002897;Aortic embolus;Vascular disorders
10067975;Aortic intramural haematoma;Vascular disorders
10002900;Aortic necrosis;Vascular disorders
10058178;Aortic occlusion;Vascular disorders
10075729;Aortic perforation;Vascular disorders
10060874;Aortic rupture;Vascular disorders
10002906;Aortic stenosis;Vascular disorders
10002910;Aortic thrombosis;Vascular disorders
10066243;Aortic wall hypertrophy;Vascular disorders
10002921;Aortitis;Vascular disorders
10089896;Aorto-cardiac fistula;Vascular disorders
10060964;Arterial haemorrhage;Vascular disorders
10074971;Arterial intramural haematoma;Vascular disorders
10075732;Arterial perforation;Vascular disorders
10003173;Arterial rupture;Vascular disorders
10060965;Arterial stenosis;Vascular disorders
10070296;Arterioenteric fistula;Vascular disorders
10061660;Artery dissection;Vascular disorders
10079261;Atheroembolism;Vascular disorders
10076604;Atherosclerotic plaque rupture;Vascular disorders
10090809;Autoimmune vasculitis;Vascular disorders
10004213;Behcet's syndrome;Vascular disorders
10075449;Brachiocephalic arteriosclerosis;Vascular disorders
10069694;Brachiocephalic artery occlusion;Vascular disorders
10075450;Brachiocephalic artery stenosis;Vascular disorders
10076837;Brachiocephalic vein occlusion;Vascular disorders
10069018;Brachiocephalic vein stenosis;Vascular disorders
10063363;Brachiocephalic vein thrombosis;Vascular disorders
10078118;Calcium embolism;Vascular disorders
10007196;Capillary leak syndrome;Vascular disorders
10081751;Catecholamine crisis;Vascular disorders
10009192;Circulatory collapse;Vascular disorders
10009196;Circulatory failure neonatal;Vascular disorders
10069696;Coeliac artery occlusion;Vascular disorders
10011474;Cryoglobulinaemia;Vascular disorders
10051055;Deep vein thrombosis;Vascular disorders
10070559;Distributive shock;Vascular disorders
10049927;Dry gangrene;Vascular disorders
10061169;Embolism;Vascular disorders
10014513;Embolism arterial;Vascular disorders
10014522;Embolism venous;Vascular disorders
10015719;Exsanguination;Vascular disorders
10072788;False lumen dilatation of aortic dissection;Vascular disorders
10052326;Femoral artery dissection;Vascular disorders
10068365;Femoral artery embolism;Vascular disorders
10075739;Femoral artery perforation;Vascular disorders
10075745;Femoral vein perforation;Vascular disorders
10075247;Foreign body embolism;Vascular disorders
10072579;Granulomatosis with polyangiitis;Vascular disorders
10061993;Haemorrhage neonatal;Vascular disorders
10019013;Haemorrhagic infarction;Vascular disorders
10071252;Haemorrhagic vasculitis;Vascular disorders
10049781;Hypertension neonatal;Vascular disorders
10020802;Hypertensive crisis;Vascular disorders
10058179;Hypertensive emergency;Vascular disorders
10079496;Hypertensive end-organ damage;Vascular disorders
10058181;Hypertensive urgency;Vascular disorders
10083659;Hypotensive crisis;Vascular disorders
10021138;Hypovolaemic shock;Vascular disorders
10085821;Iliac artery arteriosclerosis;Vascular disorders
10057554;Iliac artery dissection;Vascular disorders
10075731;Iliac artery perforation;Vascular disorders
10082827;Iliac artery restenosis;Vascular disorders
10072789;Iliac artery rupture;Vascular disorders
10053216;Iliac artery stenosis;Vascular disorders
10075744;Iliac vein perforation;Vascular disorders
10089169;Immune-mediated vasculitis;Vascular disorders
10061216;Infarction;Vascular disorders
10075742;Inferior vena cava perforation;Vascular disorders
10074639;Inferior vena cava stenosis;Vascular disorders
10070911;Inferior vena cava syndrome;Vascular disorders
10058987;Inferior vena caval occlusion;Vascular disorders
10075192;Internal haemorrhage;Vascular disorders
10077262;Intravascular gas;Vascular disorders
10081850;Jugular vein embolism;Vascular disorders
10085298;Jugular vein haemorrhage;Vascular disorders
10023320;Kawasaki's disease;Vascular disorders
10024242;Leriche syndrome;Vascular disorders
10075730;Lower limb artery perforation;Vascular disorders
10069421;Lymphatic fistula;Vascular disorders
10078132;MAGIC syndrome;Vascular disorders
10025600;Malignant hypertension;Vascular disorders
10026924;Maternal hypertension affecting foetus;Vascular disorders
10073734;Microembolism;Vascular disorders
10028862;Necrosis ischaemic;Vascular disorders
10028872;Necrosis of artery;Vascular disorders
10049223;Neonatal hypotension;Vascular disorders
10058119;Neurogenic shock;Vascular disorders
10073708;Obstructive shock;Vascular disorders
10085074;Paraneoplastic erythromelalgia;Vascular disorders
10079251;Paraneoplastic thrombosis;Vascular disorders
10034272;Pelvic venous thrombosis;Vascular disorders
10077118;Penetrating aortic ulcer;Vascular disorders
10074396;Penetrating atherosclerotic ulcer;Vascular disorders
10080896;Perforation of great vessels;Vascular disorders
10079908;Peripheral artery aneurysm rupture;Vascular disorders
10057525;Peripheral artery occlusion;Vascular disorders
10072563;Peripheral artery stenosis;Vascular disorders
10082853;Peripheral vein thrombus extension;Vascular disorders
10036024;Polyarteritis nodosa;Vascular disorders
10077022;Postpartum thrombosis;Vascular disorders
10036300;Postpartum venous thrombosis;Vascular disorders
10086467;Segmental arterial mediolysis;Vascular disorders
10040560;Shock;Vascular disorders
10049771;Shock haemorrhagic;Vascular disorders
10040581;Shock symptom;Vascular disorders
10076246;Spontaneous amputation;Vascular disorders
10085742;Subclavian arteriosclerosis;Vascular disorders
10042331;Subclavian artery aneurysm;Vascular disorders
10084341;Subclavian artery dissection;Vascular disorders
10042332;Subclavian artery embolism;Vascular disorders
10069695;Subclavian artery occlusion;Vascular disorders
10075740;Subclavian artery perforation;Vascular disorders
10050180;Subclavian artery stenosis;Vascular disorders
10042334;Subclavian artery thrombosis;Vascular disorders
10089094;Subclavian vein embolism;Vascular disorders
10079164;Subclavian vein occlusion;Vascular disorders
10075743;Subclavian vein perforation;Vascular disorders
10076713;Subclavian vein stenosis;Vascular disorders
10049446;Subclavian vein thrombosis;Vascular disorders
10069510;Subgaleal haematoma;Vascular disorders
10080900;Subgaleal haemorrhage;Vascular disorders
10091155;Superior mediastinal syndrome;Vascular disorders
10058988;Superior vena cava occlusion;Vascular disorders
10075741;Superior vena cava perforation;Vascular disorders
10064771;Superior vena cava stenosis;Vascular disorders
10084862;Supra-aortic trunk stenosis;Vascular disorders
10071573;Susac's syndrome;Vascular disorders
10043097;Takayasu's arteritis;Vascular disorders
10043581;Thrombophlebitis migrans;Vascular disorders
10043586;Thrombophlebitis neonatal;Vascular disorders
10043607;Thrombosis;Vascular disorders
10070693;Vascular dissection;Vascular disorders
10077109;Vein dissection;Vascular disorders
10047193;Vena cava embolism;Vascular disorders
10047195;Vena cava thrombosis;Vascular disorders
10067030;Venous thrombosis in pregnancy;Vascular disorders
10064602;Venous thrombosis neonatal;Vascular disorders
10066397;Visceral congestion;Vascular disorders
